Contour,Bin01,Bin02,Bin03,Bin04,Bin05,Bin06,Bin07,Bin08,Bin09,Bin10,Bin11,Bin12,Bin13,Bin14,Bin15,Bin16,Pt01,Pt02,Pt03,Pt04,Pt05,Pt06,Pt07,Pt08,Pt09,Pt10,Pt11,Pt12,Pt13,Pt14,Pt15,Pt16
0,4.87463,6.1158,6.64124,4.29911,3.46088,3.39828,2.21012,2.99981,2.34954,2.09994,1.33629,0.897992,0.0831433,0.884868,1.04537,0.58783,,,,,,,,,,,,,,,,
1,4.85972,6.80762,6.38042,4.64596,3.61837,3.51521,2.19542,3.01696,2.16848,2.04532,1.44921,0.927508,0.144879,0.722949,1.00181,0.540972,,,,,,,,,,,,,,,,
2,4.82912,7.40432,6.03197,4.94535,3.56484,3.49264,2.10706,2.73347,2.05536,2.09743,1.34562,0.886022,0.359145,0.684964,0.908793,0.522161,,,,,,,,,,,,,,,,
3,5.0781,7.44744,5.92867,4.80921,3.88229,3.43174,2.17528,2.52821,1.69062,1.97747,1.3233,1.13626,0.430369,0.600222,1.02624,0.523322,3.96194,,,,,,,,,,,,,,,0
4,5.77436,7.58318,5.22937,5.14523,4.12962,3.48998,2.24426,2.33952,1.54193,2.05298,1.30647,1.18011,0.605294,0.610115,1.0785,0.482532,,,5.1272,,,,,3.0328,,,,,,,2.22491,
5,6.8007,7.92661,4.45642,5.47308,4.19003,3.52102,2.30147,2.13693,1.52173,2.05111,1.19302,1.26706,0.778051,0.54068,1.0741,0.501734,3.36736,,,,3.51038,4.90924,,,,,,,,,,0
6,7.60625,8.51755,4.20398,6.27564,4.68853,3.78154,2.66536,2.14932,1.49391,1.94252,1.35793,1.06704,1.01158,0.519448,1.05207,0.517791,,,3.51145,8.49659,5.08058,,,,,,,,,2.69561,,
7,7.50998,8.76645,4.16204,6.22338,5.13218,4.0184,2.89341,2.09,1.40386,2.0855,1.37056,1.06307,0.967755,0.727994,1.09652,0.593474,,,,,3.8808,,,0.344745,,,,,,,,0.836557
8,7.84501,8.68756,4.3584,6.22811,5.61514,4.15876,2.87769,2.33605,1.83367,2.0031,1.42195,1.30694,1.11051,0.955036,1.1968,0.745302,,,,,,,,,4.21143,,,,,,,
9,8.51707,8.89158,5.22248,6.87402,5.90249,4.31706,3.19304,2.24191,2.20546,2.05621,1.43239,1.53167,1.44103,0.917418,1.17583,0.98008,,10.7,,,,3.98584,,,,,,,,,0.428961,
10,9.55937,9.19434,5.95795,7.58866,5.7074,4.37386,3.19859,2.54248,2.54249,2.06959,1.72952,1.79278,1.38429,1.07929,1.17253,1.05199,,4.10941,5.34445,,,,3.98873,,1.7574,,,,,,,
11,10.1946,9.92306,6.63646,8.09776,6.16561,4.93256,3.35037,3.05222,2.61377,2.12566,2.1043,1.91311,1.60808,1.26751,1.34415,1.13142,,,,9.30567,,,,,,3.42777,,,,,0.0504649,
12,11.7762,10.0804,6.87274,8.4045,6.63646,5.43215,4.03629,3.27316,2.97145,2.42305,2.05895,1.94387,1.72524,1.49264,1.4102,1.178,8.31047,,,,,,,,,,,,,1.0275,1.38407,
13,13.3427,10.4994,7.92587,8.96029,7.63634,6.01181,4.6822,3.54306,3.34569,2.676,2.17227,2.25956,1.72227,1.58588,1.72379,1.22657,,,13.2759,9.17471,,,5.66283,,,4.5408,,,,,,
14,14.8301,11.7253,8.2709,10.1992,8.18906,6.58292,5.18716,4.24734,3.91689,3.11956,2.46937,2.27746,1.95708,1.92309,1.76637,1.32882,7.4417,,,,9.86081,,,,,,,,,,,
15,16.3869,13.0232,9.39736,10.9228,8.84074,6.76597,5.92863,4.58822,4.21837,3.44192,2.70201,2.45265,1.94159,2.08974,1.63247,1.4834,,,,,,,,,5.22834,,,,,3.83473,1.15533,2.8968
16,17.2017,13.9291,10.6397,11.4972,9.58591,7.23074,6.25355,4.90279,4.44742,3.79031,3.09256,2.53858,2.03177,2.22652,1.73093,1.48834,18.7777,,,,,,,,,,,,,,,
17,18.458,14.8322,11.6936,11.3272,9.86968,7.56001,6.3893,4.9939,4.78648,4.29053,3.133,2.84376,2.13636,2.27919,1.85873,1.4145,,,,,,,,,,5.52677,,,,2.80551,,
18,18.9795,15.8256,12.6351,11.853,9.93374,7.80186,6.79726,5.96037,5.07219,4.54424,3.22805,2.86815,2.18622,2.29855,1.79021,1.53192,18.0378,,,,13.5194,8.55056,,,,,,3.12427,,,,2.56499
19,19.714,16.7463,13.4695,12.4525,10.0889,8.13142,7.43061,5.96629,5.15458,4.83656,3.41341,2.8492,2.29664,2.25185,1.89893,1.57581,,,,,,,7.82918,,,,,,,,,
20,20.5308,17.5628,13.9888,12.6286,10.1903,8.68394,7.48072,6.09764,5.23985,4.94286,3.57861,2.916,2.35938,2.43796,2.14885,1.44373,,12.3265,,,,3.45499,,8.35987,,,,,,3.17174,,
21,20.9813,18.0044,14.2429,12.3243,10.6926,9.03473,7.78727,6.41514,5.23268,5.25462,3.68088,2.93186,2.60745,2.62759,2.2885,1.45776,,17.5769,18.6137,,,,,,,6.59951,,,,,,0
22,21.5273,18.4705,15.0526,13.1024,10.7058,9.30089,8.12002,6.48776,5.44109,5.37714,3.56834,3.03615,2.6425,2.6651,2.11996,1.46683,,22.4327,,,,10.6291,,,5.03532,,,2.97266,4.0785,,2.56885,
23,22.538,18.9792,16.0825,13.1779,10.9905,9.24637,8.33783,6.4462,5.46968,5.69907,3.8024,3.24392,2.83102,2.69979,2.1948,1.57731,33.7793,,,,,,,,,,,,,3.91141,,
24,23.3859,19.2877,15.9701,13.2023,10.9778,9.53195,8.46302,6.80168,5.55109,5.66915,3.8868,3.26503,2.94397,2.79091,2.00898,1.62023,,,,,,,7.5422,,5.2045,4.82365,,,2.37866,1.86896,,
25,23.9444,19.7021,16.0946,13.8264,11.088,9.51491,8.37922,6.81462,5.60597,5.62088,3.83097,3.24421,2.92727,2.61397,1.93011,1.61247,,,,,13.8142,,8.82129,,6.73564,,,1.79681,,,,
26,24.3757,20.4831,16.4454,13.5635,11.3193,10.0942,8.09492,6.96477,5.81459,5.48464,4.04205,3.26343,3.05699,2.64742,2.01874,1.59488,,28.7165,13.4777,,6.43741,,,5.39615,6.42359,,5.02403,2.56858,,2.37319,2.34257,2.71316
27,24.6618,20.624,16.7713,13.7646,11.5886,10.3121,8.44094,7.21402,5.81214,5.24639,4.09639,3.30737,3.01877,2.72343,1.92902,1.54562,40.0468,,9.67809,,,,,,,,,,,,,
28,25.2464,21.1634,16.8374,13.6625,11.7139,10.3213,8.57947,7.42462,5.90629,5.08903,4.20622,3.44612,3.1124,2.77253,1.99925,1.65634,17.3825,,,,,15.9681,,,,,,5.23523,,,1.84073,
29,25.5674,21.5883,17.4654,13.8823,11.6789,10.3581,8.77587,7.04601,5.9438,5.05556,4.31262,3.47309,3.24866,2.72158,2.05985,1.74066,,,,,,9.68746,,,,,,,,,0.863548,0
30,25.8646,21.335,17.2965,14.2515,11.9636,10.8111,8.63502,7.11889,6.10583,5.09559,4.25851,3.59298,3.22523,2.83248,1.91319,1.58267,,,,,,,,,,7.35774,,,4.46379,,,
31,25.4227,20.8748,17.5536,14.4214,11.6968,10.578,9.03959,7.44891,6.12242,5.11939,4.44738,3.66856,3.08418,2.7601,1.85288,1.79104,,26.1755,18.2116,,,,,5.33749,,6.5435,6.22618,,,,,
32,25.4741,20.4293,17.7173,14.8406,11.3576,10.3931,8.72985,7.34368,6.24899,5.03623,4.45761,3.69853,3.07967,2.52644,1.857,1.82505,28.8835,,,,,,,,,,,,4.8463,,,2.65378
33,25.3199,20.3777,17.662,14.7302,11.5044,10.4121,8.90915,7.40901,6.09902,5.06303,4.3228,3.4347,3.17655,2.4939,1.92662,1.85287,,,,,,8.66216,,,8.03626,,,,3.6234,,,
34,24.8639,20.332,17.2827,14.6505,11.6677,10.4254,8.54442,7.63779,6.18552,4.68387,4.26629,3.27831,3.13967,2.46945,1.9822,1.69997,,,,15.3368,,,,,,,,,,,,
35,25.073,20.5077,17.0686,14.7661,11.454,10.2503,8.70194,7.65268,6.30176,4.81883,4.49776,3.44807,3.08245,2.39555,2.03267,1.66879,,,,,,,,,,,,,,,1.79967,
36,24.2689,20.7802,17.1525,14.1052,11.3912,10.1016,8.69809,7.34908,6.37516,4.80009,4.60536,3.4824,3.16466,2.4499,2.14298,1.79132,,,,,,,,,8.06358,,,,,,,0.656273
37,23.9585,20.0505,17.0176,14.208,11.042,9.69853,8.73788,7.36479,6.37601,5.0314,4.57309,3.52617,3.26319,2.61479,2.1341,1.68434,,,,,,,,,,,,,,,,
38,24.2356,20.2765,17.0622,13.9939,11.1063,9.64775,8.4907,7.54762,6.55743,5.24085,4.42832,3.47734,3.43039,2.57932,2.19538,1.79678,,,11.9357,,,,,8.34317,,,,,,,,
39,23.6026,20.4374,17.1884,14.5737,11.2327,9.51639,8.65311,7.37055,6.64984,5.26626,4.46845,3.44508,3.29844,2.61556,2.12492,1.67792,,,,,,,,3.79603,,,,,,,,
40,23.9688,20.4495,16.5206,14.8861,11.3103,9.70957,8.50941,7.68722,6.75317,5.26401,4.24134,3.45613,3.2431,2.72727,2.14865,1.58158,34.1329,18.0095,10.3,,,,4.45947,,,,2.87482,,,,,
41,23.4876,20.3503,16.8005,14.7926,11.1781,9.71809,8.51337,7.60091,6.65056,5.37709,4.26283,3.59958,3.2877,2.75881,2.23448,1.70304,,,,,12.8885,,,,,,4.09187,2.51756,,,,
42,23.8645,20.3674,16.6768,14.7975,11.5756,10.3831,8.20375,7.29637,6.67342,5.21022,4.42113,3.58178,3.36462,2.7199,2.15988,1.6054,,,,,9.45236,8.33345,,,,,,,,,,
43,24.1813,21.1802,16.9874,14.6118,11.3152,10.5141,8.74179,7.18445,6.74647,5.27129,4.29809,3.46845,3.3012,2.70817,2.19319,1.56081,,,,,,11.6517,,,,,,,,,3.08344,
44,24.424,20.9061,16.6101,14.6584,11.1331,10.505,8.93086,7.16178,6.81271,5.33631,4.49106,3.39693,3.29047,2.84973,2.0441,1.73544,,,,,,9.15304,,,7.68312,6.54913,4.4863,,,,1.06744,
45,24.2779,21.1335,16.678,14.9381,10.5719,10.5416,8.96511,6.99778,6.71109,5.49113,4.68694,3.57946,3.34016,2.94913,2.07467,1.8438,,18.4916,,,,,,,,4.42735,,,,,,
46,24.0581,21.6234,16.9506,15.1849,10.9173,10.5515,8.67588,7.0458,6.4286,5.35607,4.64018,3.35231,3.41234,3.05947,2.18046,1.88081,23.956,,,22.7613,,,6.18249,,,,6.06002,,,,2.05297,1.35555
47,25.0828,21.5258,17.3478,15.4906,11.2085,10.9929,8.99376,6.98162,6.4113,5.67496,4.62089,3.38601,3.28758,3.0473,2.09694,1.65987,,,15.6347,,,,,7.63573,,,,,,3.77754,,
48,25.0936,21.1331,17.5942,15.7128,11.0914,11.3318,9.00386,6.60474,6.4044,5.39336,4.58693,3.25886,3.31183,2.73579,2.22256,1.76062,,,16.047,5.82706,15.9564,14.0161,,,,3.98734,,1.84849,,,,2.9655
49,24.9463,21.3115,17.5049,15.8654,10.8731,11.2103,9.25211,6.16133,6.39969,5.46863,4.67969,3.27895,3.30175,2.78344,2.28647,1.77866,28.4619,22.7568,,,,,,,,,,2.40582,,,,
50,25.3326,20.7526,16.6764,15.5909,10.4945,11.4003,9.23335,6.38752,6.06507,5.27335,4.6575,3.40525,3.37992,2.6733,2.26345,1.80558,,25.7373,,,,12.0153,,,,,,5.21938,,,,
51,24.701,21.13,17.034,15.1213,11.2963,11.6804,9.77162,6.16059,6.18653,5.36743,4.95479,3.59169,3.4228,2.74578,2.27625,1.94224,17.1278,,,,,,10.4552,,4.86989,,,,,,,
52,24.7433,21.2868,17.093,15.0984,11.5887,11.6247,9.96213,6.35229,6.05374,5.16725,4.99153,3.43571,3.33181,2.52767,2.37136,1.8992,,,,16.9351,,11.4529,,,2.04408,,,0,,,2.0293,
53,24.8885,21.6272,17.2229,15.1695,11.5519,11.2446,10.0954,6.54478,5.8389,5.27004,4.80713,3.47375,3.29542,2.50523,2.29486,1.96035,,,13.498,,,,,5.07201,,,8.05585,3.41918,,,,0.384651
54,24.4313,21.5267,16.5675,15.1624,11.9916,11.0852,9.58301,6.87919,5.49214,5.21267,4.82907,3.5512,3.29354,2.52221,2.07778,1.92001,,,17.7806,,11.3391,,10.7444,,,,,,,,,
55,24.3309,22.2201,16.7072,14.646,12.5296,11.2238,9.23946,6.95876,5.35369,5.20095,4.91796,3.75392,3.35623,2.53614,2.26489,1.86024,,,9.66867,,10.8465,,,,,4.23926,2.74473,,,,,
56,25.2966,22.2196,16.7995,14.4048,12.9819,11.506,9.39519,7.14471,5.37837,5.25063,4.80146,3.62977,3.27801,2.65284,2.14705,1.87245,,,,,,12.6993,,,,,,,,,,
57,25.2839,21.5855,17.249,14.4216,12.8265,11.1713,9.79483,6.8104,5.59799,5.28588,4.68403,3.55344,3.24195,2.539,2.15356,1.82833,,,,,11.9585,,,7.65757,,3.37118,,,,,,
58,25.1397,21.5264,17.4239,14.1724,12.7565,11.0582,9.83655,7.01184,5.58181,4.97938,4.61941,3.56795,3.06518,2.58144,2.16803,1.88302,,,,,,,,10.6001,,,,,,2.20581,,
59,25.4367,22.1161,17.6367,14.3523,12.9957,10.9374,9.98643,7.46865,5.59347,5.08644,4.43511,3.59171,2.90029,2.6738,2.18433,1.86784,,,,16.9169,12.0986,,,,2.09267,,,,,,1.83096,
60,25.1817,21.9685,17.9221,14.3048,12.9818,10.9914,10.1176,7.4117,5.62549,5.06125,4.55963,3.66088,2.90679,2.65493,2.13725,1.86938,,26.6326,23.4166,16.0518,,,,7.59092,6.57007,,2.49563,,,1.96245,,
61,25.0596,21.7465,17.8855,14.4624,13.0736,11.1636,10.2054,7.28121,5.40361,5.52532,4.4991,3.53513,2.81233,2.86731,2.03013,1.95605,,,,,12.6891,,,5.72159,,,,,0.741293,,,
62,25.6447,21.6421,17.7862,14.9545,12.8467,10.7856,9.63151,7.259,5.61082,5.56386,4.20759,3.454,2.74551,2.95281,2.1023,1.90005,32.7739,,,8.72874,,,,,,,5.06183,,,4.73141,0.671623,
63,25.9968,22.292,17.8463,14.9338,12.8451,10.592,9.44493,7.24179,5.79323,5.69104,4.28121,3.65844,2.79073,2.96089,1.96624,1.97238,,,,,10.5548,,8.70198,,,,,3.63909,,2.111,2.20935,2.92826
64,25.8366,22.1701,17.8966,15.4936,13.1601,10.5369,9.31535,7.25871,6.01668,5.6855,4.30597,3.5848,2.86176,3.00324,2.12098,1.95679,26.9318,,,,,,,,,,,,,,,
65,26.3591,22.0564,18.0691,15.7183,13.3082,10.4171,9.70727,7.15619,6.29219,5.83046,4.21854,3.68343,2.71023,3.11867,2.06033,1.96376,,,,,14.1822,,12.0702,9.06829,,6.34591,,,,,1.32562,
66,26.4378,20.9909,17.8603,16.3147,12.9464,10.3528,9.87748,7.30291,6.50904,5.83084,4.26552,3.74875,2.75367,3.11328,2.05289,1.95361,,,,14.4215,,,,,,3.27003,,,,,,0.651126
67,26.1473,21.2102,17.9369,16.8682,12.8014,10.4034,9.92945,7.35707,6.70814,5.95223,4.32835,3.90276,2.74451,2.96691,2.16263,2.02245,,21.5751,,,,,,5.93072,,5.21369,6.73649,3.23363,,3.50604,,
68,26.4343,21.6026,17.4338,16.8313,12.9283,10.9629,9.58103,7.69651,6.64983,5.91108,4.34094,3.94698,2.75747,2.94515,2.12462,2.17963,,,,,6.92171,,,,,4.8458,3.18065,,2.48762,,,
69,26.6265,21.6918,17.009,17.1496,12.962,11.0999,9.63414,7.8262,6.78573,6.11454,4.56931,3.85418,3.01677,2.79553,2.1506,2.25533,,,,14.7965,,9.72135,,,,,,,,,,
70,26.4054,22.0436,16.3773,17.1845,12.7868,11.5177,9.5617,7.83714,6.82526,6.34418,4.85527,3.95545,3.12274,2.7294,2.22097,2.32482,,,17.5856,,,,,5.73275,,9.35074,3.03081,,,,,
71,27.3317,21.7427,16.066,17.3275,12.7693,11.5104,9.47734,8.16446,6.8579,6.4229,4.71802,4.03198,2.95451,2.6238,2.18589,2.22111,34.3416,,17.6959,,,11.1907,,,,,,,,,,
72,27.226,21.8396,16.7303,17.0388,12.9479,11.485,9.0477,8.064,7.14248,6.1475,4.77862,4.08308,2.90996,2.6944,2.21026,2.19488,33.1004,,,,,,5.88043,7.64815,,,,4.17402,,,2.41248,
73,26.8703,21.51,16.7637,16.5041,12.9001,11.5975,9.04333,8.03117,6.70795,5.97237,4.74442,4.0603,3.12281,2.39077,2.11174,2.04388,,,22.8403,,,,7.77063,11.1281,,,,,2.14791,,1.81667,
74,27.1982,20.9982,16.7135,16.3297,13.0405,11.6836,9.03582,8.30225,6.59907,6.02699,4.9048,3.90777,3.19547,2.43796,2.21789,2.05646,,22.4248,,,,11.0001,,,,,,,3.78017,,,
75,27.7784,21.0724,16.1066,15.9592,12.9557,11.6532,9.1167,8.46865,6.60811,6.12029,4.86212,3.95444,3.11577,2.35236,2.32584,2.05723,,,13.2375,,,3.30933,,,,,,2.92853,,,,
76,27.5777,20.7305,16.9258,15.9164,13.0346,12.0884,9.02679,8.68782,6.65778,6.20545,5.11412,3.94417,3.36084,2.29826,2.38566,2.18411,,,,,,13.0145,,12.9901,7.32475,,6.9799,,,,,
77,27.683,21.2163,17.6395,15.7802,13.2818,11.6724,8.88534,8.36065,6.71514,6.17475,5.09593,4.09157,3.29652,2.29931,2.27067,2.09105,,,,17.3262,,7.61732,,,8.19556,,,,,,,
78,27.0311,20.972,17.2461,15.5719,13.0906,11.6368,8.91221,8.35062,6.46172,5.98599,4.78618,3.97204,3.46047,2.35218,2.27183,2.04834,21.3814,,,,,,,9.24296,,5.06413,5.32496,4.78223,,,,
79,27.0157,21.1773,17.3881,15.8043,12.8807,11.4082,9.19427,8.50503,6.48451,6.19634,4.83165,4.19753,3.50422,2.41256,2.14064,1.92479,15.3704,,,,,10.935,,,6.06499,,4.03901,,3.36225,,3.48442,
80,27.0578,21.0665,18.1023,15.512,12.7798,11.1281,8.84126,8.5655,6.51293,6.09178,4.62559,4.16424,3.60947,2.50504,2.02185,1.89345,,,,,,10.0518,,5.20899,,,4.0027,,3.93757,4.61214,,
81,27.0604,20.7901,18.404,15.2529,13.2153,10.6435,8.9844,8.51771,6.3093,6.20118,4.60259,4.10411,3.6387,2.39355,1.81534,1.87046,,,,,,13.026,,5.54835,,,2.58056,4.28219,,,,
82,26.8589,20.9891,18.7362,15.4926,13.2942,10.3705,9.2607,8.47614,6.35533,6.19871,4.71303,4.16319,3.8335,2.48762,1.77446,1.92162,,,,,,10.5062,7.83167,,,,,3.37393,4.26043,,,0.245713
83,27.0849,21.4637,18.8723,15.8592,13.4467,10.434,9.47955,8.98453,6.35853,6.28598,4.65649,4.35562,3.96634,2.44847,1.80465,1.94864,,,,,,,9.88904,,,,6.91775,3.85376,,,,
84,27.7244,21.1857,18.6665,15.9448,13.7413,10.4224,9.74857,8.83655,6.35833,6.35645,4.6978,4.52992,3.72563,2.63242,1.81049,1.86946,,,,,,,,,,3.68194,6.67377,,,1.84311,,
85,27.7256,21.6938,18.9256,16.3226,13.3825,10.5699,9.94488,8.55009,6.63463,6.3822,4.46766,4.6996,3.81178,2.69233,1.68717,1.89656,,,,14.0638,15.2425,,,,5.07132,,,4.94383,2.3797,,,3.1669
86,27.2658,21.7686,19.7593,16.3429,13.5126,10.5222,10.0586,8.61931,6.67158,6.39545,4.49571,4.86649,3.90451,2.7339,1.50846,1.89731,33.1904,,22.9288,,,,10.3489,5.49673,4.59229,,2.53565,,,,,
87,27.2449,22.6183,19.6421,16.3523,13.7623,10.4627,10.0897,8.27663,6.79139,6.12247,4.42608,4.85166,3.89709,2.69895,1.65733,1.8384,13.8241,,,,,,7.9021,,,,,6.44914,,,,
88,27.6549,23.2073,19.4669,16.4135,13.7669,11.0658,10.505,8.26954,6.82669,6.102,4.26161,4.85293,3.93432,2.66974,1.69892,1.89892,,,,9.2877,,,,,,,,,3.37782,0.024279,,
89,28.0844,23.3108,19.2842,16.6304,14.0575,10.9076,10.6523,8.36165,7.04938,6.29381,4.52058,4.93435,3.7551,2.57447,1.53804,1.84383,16.4694,,,,17.8385,,,4.45214,6.42685,,,,,,,
90,27.93,22.9307,19.6696,16.6367,14.2774,10.6615,10.5768,8.1323,7.05456,6.26782,4.71161,4.8435,3.78161,2.67626,1.72819,1.88396,,,,13.6499,,,,,,5.77797,,,,,2.75003,
91,28.4487,23.1609,19.2107,16.337,14.617,10.8887,10.7778,8.25714,7.11912,6.16674,4.88014,4.85796,3.76497,2.79106,1.85973,1.69994,,,7.15878,,,,,,,,,,,,,1.56372
92,28.88,22.9809,19.43,16.3825,14.727,11.0023,10.8187,8.13237,7.1432,5.94313,4.78342,4.79658,3.66966,2.86317,2.04471,1.6166,24.6105,,,,11.474,8.84398,,,,6.86217,,,,,,
93,29.3017,23.5598,19.2742,16.0497,15.14,11.4577,10.586,8.35445,7.05888,5.90963,4.76226,4.68612,3.5623,2.76701,2.13183,1.61259,31.6727,,,,,,,8.33774,,,,,,,,2.04358
94,29.1995,23.5755,19.2525,16.2324,15.0529,11.476,10.8395,8.36191,7.18905,6.00771,4.67861,4.36595,3.55138,2.58661,2.29287,1.63959,,,,,,,,4.66764,,,5.82877,,2.26451,3.61645,,0.371148
95,29.126,24.2434,19.5486,16.5941,14.637,11.6479,10.7665,8.60602,7.2079,6.09167,4.84816,4.36208,3.71469,2.5894,2.29696,1.75204,,,,,,,,,,4.5513,,,1.66653,,,
96,28.7165,23.9368,19.3229,16.7583,14.7815,11.6528,10.5102,8.75751,6.97703,6.04704,4.84417,4.18293,3.59354,2.60535,2.39225,1.69942,,,,14.2357,,,7.81606,,,,5.01111,,,2.06232,,
97,28.4309,23.7532,19.5329,16.7116,14.7522,11.706,10.3659,8.61407,7.01024,6.06217,4.81375,4.11478,3.50526,2.60696,2.39686,1.59649,,,9.70306,,,,,9.15076,7.42259,,,,,2.09256,,
98,28.3044,23.3843,19.1497,16.799,14.8165,11.649,10.1899,8.94215,6.99805,6.17583,4.87114,4.17469,3.39505,2.70488,2.41394,1.62003,,,,,,13.4937,,,3.85042,,,4.87953,,,,
99,27.6868,23.3047,19.1531,16.6386,15.0686,11.3811,9.85922,9.11351,6.85972,6.05134,4.9074,3.93958,3.2759,2.67815,2.51743,1.56025,,,,,,,,,,,,,,,1.92577,2.73269
100,27.8359,23.4918,19.9633,16.4996,15.011,11.6525,9.73811,8.94085,6.9419,5.9874,4.87359,4.06331,3.50251,2.72822,2.59113,1.69521,,6.66416,,12.5221,,,11.9833,,,,,,,,,
101,27.7012,24.0492,20.0924,16.4946,15.0894,12.0588,9.97193,9.16764,7.03821,6.01727,4.85361,4.08684,3.4802,2.65238,2.57909,1.62312,,,,,,,,,,,2.29807,,,,,
102,27.5662,23.8428,20.3517,16.7967,14.6468,12.2045,9.8723,9.09401,6.84614,6.22787,4.74025,4.30753,3.57141,2.71528,2.58541,1.67658,,,,,,,,5.83604,,,,3.095,,,,
103,27.4333,24.4377,20.5853,16.7548,14.4221,12.4673,9.30923,9.31986,7.10864,6.19077,4.7742,4.5049,3.54986,2.7786,2.58648,1.71269,,,18.1925,,,,,,,,,3.56709,,,,
104,27.1317,24.1662,20.7166,17.3154,14.0969,12.5045,9.3498,9.49488,7.16613,6.405,4.96249,4.4543,3.62545,2.92208,2.60656,1.90586,,,,,,,8.50309,,3.98348,,,,,,,2.61659
105,27.4077,24.3357,20.4218,17.4593,14.0433,12.4938,9.50505,9.20455,7.21977,6.36815,5.08822,4.5711,3.64153,2.95032,2.46526,1.98234,,20.9342,,,,,,,,,,,,,,0.554059
106,27.1092,24.2677,20.505,17.4249,14.3905,12.4455,9.28284,9.25003,7.31823,6.32981,5.20564,4.48559,3.67719,2.95659,2.51777,2.04423,,,,,,,,,,,,,,,,
107,27.3668,24.2505,21.2951,17.1335,14.3851,12.3985,9.42706,9.2109,7.34929,6.1375,5.36927,4.34325,3.79152,3.08797,2.47165,2.09626,,22.9336,,25.4094,,,,,,,,4.00574,,,,
108,27.7786,24.7413,20.8313,17.3414,14.2833,12.6464,9.6017,9.20966,7.35451,5.90088,5.45396,4.316,3.79574,3.20298,2.53149,2.13977,,30.2814,,,,,,,6.02793,,,,,,2.16442,
109,28.417,24.561,21.101,17.0358,14.034,12.8294,9.84747,9.20106,7.20068,5.74154,5.36527,4.20088,3.75112,3.17786,2.68376,2.06882,29.321,,,,,,10.5825,,,6.22055,4.60914,,,,,
110,27.5981,24.2676,21.2035,17.3542,13.6999,13.1127,9.92679,8.98131,7.43315,5.88977,5.44511,4.49099,3.7963,3.22468,2.61917,2.00587,,,28.706,20.5162,,,5.79918,,,,,,2.53556,,0.224669,
111,27.2044,24.4026,20.6666,17.8268,13.7886,12.5996,9.82054,8.68873,7.45148,5.81458,5.39856,4.36536,3.7214,3.15776,2.63052,2.02221,,,,,,,,,,4.9108,,,3.51974,,,
112,28.01,24.7297,20.8371,17.7602,14.1293,12.9029,9.41403,8.58755,7.51402,5.71534,5.46351,4.33448,3.80103,3.32094,2.76111,2.12412,,,,15.6779,,,,,6.13704,4.31678,5.96768,,,,,
113,28.4353,24.8489,20.7578,18.1541,14.4962,12.6249,9.73685,8.57412,7.57486,5.78537,5.63048,4.18398,3.56602,3.20382,2.74215,2.27497,,,,,,,,,,,,,4.18839,,1.23161,
114,28.4118,24.5362,20.4992,18.4654,14.583,12.5621,10.3515,8.4003,7.69843,5.83208,5.64102,4.06198,3.54273,3.23137,2.72571,2.376,,,13.5272,,,12.2567,,,,,,,,3.66865,,1.41896
115,28.6493,25.0372,20.5673,17.9881,14.6745,12.4917,10.4888,8.2574,7.65416,5.77348,5.23522,3.95022,3.55225,3.30384,2.78596,2.32429,12.6103,30.9011,18.6719,,,12.2331,7.18931,,4.77298,,,,4.57205,,1.72922,
116,28.9002,24.7129,20.5651,17.6062,14.9154,12.185,10.0603,8.43065,7.50658,5.98189,5.37705,4.04405,3.43373,3.33902,3.05047,2.26358,,,,,14.6861,,9.75916,,,,6.15959,3.14778,,3.55534,,
117,29.6056,25.0657,20.6454,17.3988,14.9511,11.929,10.3472,8.3266,7.46392,5.90235,5.14094,4.0038,3.42343,3.21498,3.11858,2.37948,,28.0411,19.2411,14.2876,,,,,,6.23008,,,,4.44914,,
118,29.8549,25.432,20.1156,17.3279,15.0817,12.2359,10.4301,8.68401,7.55401,6.20104,4.94903,4.19454,3.50669,3.13437,3.18247,2.34015,,,,14.1227,,8.06739,,,,,,,,,,2.74786
119,30.1066,25.2656,20.4183,17.2102,14.9445,12.274,10.2604,8.88372,7.5974,6.55245,5.0028,4.34435,3.51295,3.17741,3.08781,2.478,,,,,,10.8763,9.69112,,,,,,,,2.90678,
120,29.6744,25.4597,20.5576,17.6618,15.1049,12.1959,10.188,8.68176,7.82915,6.63584,4.87193,4.43296,3.56036,3.23762,2.93856,2.50373,,17.2088,20.5045,,,,,,9.72374,,,3.51134,,2.27969,,
121,30.1575,25.8202,20.755,17.4541,15.7389,12.1429,10.4115,9.15702,7.67545,6.76076,4.9699,4.35014,3.54434,3.21001,3.01055,2.63938,,,,,,,,,,,,,5.10812,3.13825,,2.77262
122,30.6426,26.3159,21.4687,16.9982,16.0476,12.3609,10.2833,9.41705,7.58305,6.85614,5.14084,4.09973,3.53796,3.34446,3.05782,2.54709,37.9615,,,,9.75397,14.0817,,,,,5.22994,,,,,2.68693
123,30.2448,25.9013,20.9627,16.9081,15.5341,12.1744,10.4312,9.36442,7.56211,7.04923,5.08971,4.15448,3.43052,3.07589,2.96268,2.62264,,,,,,,,,,,,,3.60845,2.67028,,
124,29.5463,25.828,21.1863,16.4881,15.699,12.53,10.4955,9.3483,7.62206,7.00041,5.07194,4.18812,3.82337,3.11795,3.10123,2.48445,28.4683,,,,,,,,,,,,4.01281,,1.0281,
125,29.7329,26.2857,20.9369,16.2561,15.5858,12.6135,10.5261,9.44753,7.42127,7.09669,5.09784,4.20533,4.04608,3.32629,3.12774,2.48262,,,,11.3663,,,,,,,,,,,,
126,29.0622,25.7626,20.6269,16.0839,15.7441,12.7287,10.3026,9.24458,7.19631,7.11393,5.27194,4.42316,4.04206,3.26824,2.99949,2.50961,,,,,13.3062,,,,,,,,,5.48947,,
127,29.0333,25.974,21.3462,16.3851,15.8319,12.9658,10.1374,9.2217,7.28653,6.77931,5.25591,4.34357,4.05563,3.3925,2.99194,2.48137,19.4521,,,,,11.6909,,6.52883,,,,,,,,3.46323
128,28.8606,25.1983,21.4873,16.3703,15.7166,13.2139,9.99151,9.32122,7.46121,6.82359,5.39538,4.4311,4.07299,3.66318,2.97682,2.30943,34.1131,,,,,,,,,6.10871,6.34122,4.13284,,,,
129,28.3175,25.2158,21.699,16.7606,15.5977,12.7341,9.992,9.11696,7.29275,6.70173,5.60654,4.42537,4.02756,3.68935,2.91249,2.20713,25.0442,,,,16.9955,,9.63729,,,,8.23195,,,,3.17137,1.09876
130,28.6206,25.5906,21.9288,16.7962,15.836,12.6068,9.90697,9.12763,7.4286,6.51916,5.57301,4.21883,4.0891,3.62848,2.97527,2.17624,,,31.3249,,,,,,,,,,3.64454,,,
131,28.5332,26.0495,21.6091,16.9804,15.7139,12.939,9.97287,9.26556,7.37487,6.81919,5.84626,4.12044,4.10885,3.51033,2.95089,2.06104,,,,,,11.4947,,,,,,,,,,
132,29.0184,25.3535,21.7025,17.2325,15.2371,12.9453,9.75151,9.12655,7.61984,6.79542,5.69991,4.13975,4.29252,3.55282,2.9899,2.0436,,,15.1329,16.9436,,,,4.98985,,,,,5.42037,,,
133,29.2486,24.5317,21.4666,17.3931,15.1012,13.3055,10.0713,9.16736,7.59063,6.94059,5.73116,4.54115,4.19769,3.57689,2.92378,1.98659,,33.1708,,18.382,20.0001,,,8.43288,8.68088,,,4.63816,,4.96316,,1.02364
134,29.4078,24.8889,21.5369,17.5444,15.0547,13.3396,9.86179,9.03886,7.46987,6.82954,5.73022,4.55577,4.22324,3.62249,2.93619,1.92454,,13.4985,20.5522,,,,10.6138,6.48975,,,,4.42464,,,,
135,29.7281,25.5379,21.5978,17.6437,14.8748,13.2275,9.903,9.02128,7.46255,6.86918,5.65983,4.49103,3.93865,3.64813,2.78362,2.08439,,,13.4615,,,,,9.11551,,,,4.26674,,,,
136,29.4386,24.9692,21.932,18.0143,15.2213,13.113,9.73371,9.10357,7.39933,6.72855,5.53051,4.69301,4.0271,3.65233,2.71157,2.12726,,,,,,11.6,,,8.89991,6.54444,,5.41258,,,,
137,29.7622,24.9852,22.3115,18.393,15.2801,13.2075,9.70604,9.31549,7.58064,6.40344,5.61865,4.66277,4.23186,3.64382,2.8532,2.07377,,,,,,,11.5454,,,6.0662,,,1.96545,,,
138,30.119,24.8031,22.5259,18.3949,15.2829,13.3719,10.0171,9.42688,7.63298,6.60635,5.37836,4.76707,4.20391,3.50084,2.6969,2.23394,21.5463,,,,,,,,8.8555,,,,,,1.98357,
139,30.1812,25.0943,22.3847,18.5101,15.2605,13.1864,10.114,9.29408,7.51671,6.57075,5.55923,4.74975,4.04307,3.20645,2.66536,2.44673,26.2678,,,,3.6224,,,7.5843,,,,,,,,
140,30.1273,24.9765,22.1434,18.3382,14.9645,13.5387,10.2897,9.30037,7.70329,6.62397,5.3418,4.81686,3.88499,3.02937,2.73281,2.56656,,20.3425,,,13.741,,,,,,,,,4.05196,,
141,30.129,24.3815,21.9123,18.9311,15.3224,13.3591,10.4656,9.03769,7.74427,6.80158,5.34796,4.97044,3.86612,2.96538,2.76069,2.54793,,,,,,,9.31726,,4.88361,,,,,1.73116,3.39327,
142,30.6478,24.5979,22.1771,18.6629,15.3742,13.1022,10.5909,8.97332,7.81771,6.67069,5.21699,5.0505,4.0516,3.10319,2.88985,2.58999,,,,,13.7719,,,8.51813,,,6.58396,,5.69427,,,
143,30.6452,24.9557,22.1255,19.0925,15.5383,13.1299,10.6058,9.03019,7.53175,6.75548,5.21598,5.01416,4.05696,3.11993,2.78585,2.5693,,31.2273,12.5014,22.5929,,13.9619,,,7.19542,,,,3.04399,,,
144,30.7002,25.136,21.8281,19.066,15.4361,12.9163,10.7976,9.16975,7.81374,6.60139,5.11481,4.82129,4.15281,3.0903,2.82303,2.58238,,,,,,,,,,6.34183,,,3.30766,,5.81625,2.34719
145,30.6735,25.138,22.5001,19.0877,15.9622,12.893,11.1117,9.54092,7.99364,6.42014,5.05496,4.757,4.23353,3.39324,2.79959,2.56807,,,,16.4501,,,11.0507,,,8.88495,,,,,,
146,30.4436,24.5736,22.0483,19.2522,15.9342,13.1053,10.8518,9.57176,8.04046,6.14825,4.88351,4.98022,4.32673,3.36438,2.88402,2.59907,,,,,16.4868,,,,,,,,7.19154,,,1.91579
147,30.6103,25.0936,22.2266,19.3769,15.9612,13.001,10.831,9.50115,8.13174,6.53956,5.12283,4.74935,4.07363,3.24557,2.9117,2.4857,,,26.9205,,,,,11.7902,,,,,,,,
148,30.6359,25.3204,22.0352,19.4262,15.6967,13.0712,11.0159,9.36131,8.28849,6.70176,4.97011,4.85839,3.88911,3.14534,2.78757,2.53804,,,,,,,,,,,,3.37333,,,,
149,30.209,25.549,21.2365,19.5161,15.6121,13.1319,10.9526,9.31536,8.26707,6.79367,5.29269,4.81069,3.85023,3.26763,2.80119,2.49594,,31.7313,,18.7694,,,,,,6.335,,,,2.59053,0.676336,
150,30.1605,26.0906,21.5493,19.5428,15.4668,13.0934,11.0426,9.2525,8.25592,6.89857,5.07355,4.84555,3.96035,3.3768,2.89906,2.29687,,35.5489,,,,,,12.6587,10.3824,5.72162,,4.25427,,,5.78119,
151,30.7921,26.553,21.5913,19.5718,15.9574,12.8656,11.0481,9.06682,8.30056,6.87562,5.13149,4.73579,4.10944,3.48475,2.84864,2.29883,,,20.9388,29.0537,,15.7152,,,,1.85618,8.44388,,,3.45037,,
152,30.5443,27.1154,21.9631,19.1554,15.5685,13.2013,11.2428,9.02257,8.10706,6.71307,5.21478,4.6705,4.19382,3.5551,2.8842,2.23043,,,,,,,,,,7.30059,,,,,3.56747,
153,30.4393,26.7393,21.8342,19.4125,15.4737,13.027,11.1448,9.14872,7.99375,6.616,5.37609,4.67912,4.11045,3.52218,2.98713,2.37701,,,,,,,8.49411,,,,3.40524,,,,,1.86268
154,29.8605,26.7786,21.4628,19.2918,15.0555,13.2129,10.9572,8.94021,7.97387,6.4442,5.58629,4.73055,4.05753,3.5356,3.18389,2.39897,,27.3206,,,,,,9.78556,,,,,,,4.00824,
155,30.1482,27.5196,21.8647,19.3697,15.0643,13.2946,10.8159,8.88091,7.68289,6.28591,5.46136,4.90875,4.13184,3.45694,3.11911,2.47855,,30.2158,,18.5507,,,,,,,,,,,,
156,30.2607,27.1405,21.2886,19.3382,15.1493,13.2391,10.9011,8.68684,7.61901,6.441,5.63057,4.73991,4.19031,3.30059,3.02497,2.51601,23.0792,,,,14.9528,,,,,,,,,5.77981,,
157,30.1889,27.6553,21.4065,19.5392,14.8915,13.062,10.7449,8.61025,7.79788,6.71169,5.57879,4.72377,4.19907,3.30106,2.94833,2.4964,33.7875,30.137,,,,,,,,0.972262,,,,3.1921,,
158,30.5689,27.8722,20.7727,18.759,14.4105,13.429,10.708,8.62937,7.74396,6.36508,5.58611,4.74614,4.27904,3.34806,2.93974,2.73179,,,,,20.1148,,,,,11.5123,,3.50469,5.68548,,,
159,30.187,28.2994,20.9638,18.6458,14.5017,13.3342,10.4696,8.4704,7.695,6.31683,5.69357,4.43638,4.25612,3.44509,3.02015,2.60455,,,,16.8617,,10.8128,,,,,,2.91306,,,,
160,30.1163,28.0151,21.3024,18.8253,14.243,13.2103,10.7682,8.41574,7.69663,6.15958,5.46536,4.44548,4.47089,3.33419,3.11865,2.53162,,,,,,15.3907,10.3312,4.63488,6.42827,,6.63116,,,,3.02761,
161,29.9304,27.4154,21.1167,19.1643,14.1852,13.999,10.6508,8.71916,7.75335,6.00229,5.50819,4.42076,4.38842,3.26222,3.08142,2.54855,,,,,,,,,6.52696,,,,,1.70039,,
162,29.978,26.4127,21.0862,18.9994,14.3383,14.1628,10.4969,8.7018,7.71017,6.35652,5.61476,4.5765,4.30056,3.19608,3.14369,2.62203,,,,,,,,,,,,4.656,,3.11161,,
163,30.3619,26.1965,20.7372,18.6695,14.3197,14.417,10.4435,9.1218,7.73922,6.53074,5.4295,4.57594,4.42178,3.16708,3.11632,2.7638,,24.1904,,,,,,,,,2.52977,,2.71893,1.21665,,
164,30.5225,26.242,20.538,18.4131,14.5211,14.5567,10.396,9.15711,7.7803,6.43565,5.20208,4.68012,4.31331,3.19718,2.94863,2.7475,31.6426,26.3184,,16.6515,,,,,,,,5.95347,,3.19693,,
165,31.2255,26.2889,20.1975,18.471,14.4507,14.2803,10.3534,9.14131,7.8694,6.28449,5.10995,4.47895,4.30749,3.23132,2.84047,2.6654,,,,,,,,,,4.976,,,,,,
166,30.5624,26.0147,20.211,18.4021,14.6999,14.2259,10.3259,9.04974,7.81233,6.33198,5.29987,4.53601,4.09663,3.19943,2.89789,2.618,,,,,,,14.0214,,,6.58238,,,,,,3.89392
167,30.4314,26.1158,20.3018,18.1967,14.3688,14.3472,10.4745,9.29548,7.71689,6.35988,5.38084,4.80014,3.94991,3.19187,2.8917,2.6248,30.9793,,,,,,12.7434,7.18181,,3.73577,,,2.66851,,,3.1582
168,30.912,26.1291,20.9832,17.749,14.6138,14.2071,10.603,9.60368,7.50731,6.416,5.6985,4.67262,3.92385,3.09749,2.97761,2.56687,,,17.7162,,21.825,,15.3256,,7.9465,5.41763,,,,3.16045,,
169,31.1961,25.9152,21.6,18.3296,15.1339,14.0818,10.7986,9.64093,7.85589,6.44581,5.57213,4.73157,3.98084,3.03393,3.07371,2.3027,,,,,,,8.20078,,,,,,,1.14497,,0
170,31.0877,25.4923,21.7197,18.535,15.1641,14.0838,11.1154,9.6891,7.73528,6.65517,5.78191,5.03633,3.98311,2.9838,3.03983,2.27791,,,,,,,,,,,,,,,,
171,31.2296,25.5134,21.7602,18.1202,15.6862,13.9034,11.0666,9.56174,7.97599,6.78643,6.0381,5.01476,3.97474,3.00483,2.92886,2.32286,,,28.9278,12.5783,,,,,,,,,3.23396,0,2.06132,
172,31.1696,26.2106,21.4665,17.9544,15.8484,13.6768,11.0444,9.71662,8.03148,7.0698,6.11776,5.01384,4.05735,3.04027,2.7812,2.36033,35.5268,,,,,15.1788,,,,,9.55338,,2.97949,,,
173,30.9781,27.5368,21.5333,18.0493,15.654,13.5438,11.0437,9.96938,8.05577,6.73975,6.13644,4.9987,4.10375,2.9662,2.74329,2.27431,,,,,,,,,10.619,,,,,,,
174,30.5843,27.8202,21.9971,18.2779,15.6907,13.2817,11.3019,10.0251,7.96837,6.72643,6.1863,4.99015,4.02911,3.01144,2.86207,2.26498,,23.2043,,,,13.6314,,,,,,,,,3.76091,
175,29.6196,27.9091,22.5766,18.3154,15.7664,13.5019,11.0718,9.88373,7.77732,6.87205,6.48205,4.93474,3.98974,3.0358,2.74976,2.23601,,29.438,,25.053,,9.00503,,,,,,,,,0,3.68366
176,30.6205,27.9244,23.2999,18.0606,16.0608,13.8969,11.1999,9.99192,7.94958,7.16953,6.4496,5.08616,3.93879,3.00921,2.68703,2.1898,,,,,,,,,,,6.90463,,,,,
177,31.5309,28.0665,23.6784,18.0774,15.836,13.9445,11.1953,10.185,7.90848,7.24006,6.40247,5.1454,4.11876,3.18207,2.83568,2.21839,,,,,14.5911,,12.0798,,,,,,5.75261,,,
178,31.2172,27.8749,23.551,18.1885,15.9316,13.885,10.843,9.84854,7.98715,7.28371,6.43267,5.15989,4.15132,3.13085,2.95653,2.09032,,,,,25.8096,,,,,,,2.45406,1.97741,3.80843,,
179,30.9195,27.8573,23.2876,18.6347,16.0341,14.0423,10.9662,9.51346,7.89455,7.11022,6.37168,5.31147,3.99749,3.42752,2.87376,2.14708,,18.7632,,,,,,,1.31431,,,4.70068,,,,
180,30.1974,27.4294,23.3518,18.6557,15.7568,13.6665,10.9661,9.36068,7.5108,7.10161,6.21518,5.36528,4.09431,3.43716,2.83293,2.27477,,,,,,,,9.86113,,,6.38685,,,,,2.68997
181,30.9719,27.703,23.6692,18.7672,15.9182,13.4695,10.7882,9.61302,7.75957,6.93291,6.05464,5.31084,4.07714,3.42151,2.84638,2.27476,,,,,10.1614,,12.5514,,,,,,,,2.64532,
182,31.0364,28.5783,24.035,18.4454,15.5953,13.874,10.8959,9.64874,7.53777,6.69329,6.04369,5.33333,4.04786,3.50624,2.9586,2.19931,,,,,,,,,4.57539,,,,,,,
183,31.0219,28.5024,24.0094,18.5612,15.8943,13.3964,11.0892,9.60279,7.42444,6.63883,6.04646,5.20249,4.03261,3.54232,3.13738,2.30019,,23.7215,,,,,,,,,5.15473,,,,,
184,30.7865,27.4657,24.0392,18.4543,15.9682,13.6091,10.8337,9.45002,7.39209,6.64944,6.07307,5.13384,3.99673,3.77652,3.08586,2.38734,,,,,15.4274,,,,,,5.72958,,5.7298,3.80784,,
185,30.8272,27.0158,23.3378,18.5838,16.1465,13.7589,10.5804,9.47173,7.19879,6.71741,6.11221,5.07256,3.89811,3.74854,3.00812,2.23598,,,,,,,,,,,,,3.50803,,,
186,32.1154,27.0285,22.9753,18.8418,16.1766,13.5454,10.6576,9.7557,7.5409,6.7399,5.94561,5.06947,3.9979,3.67136,3.08148,2.16763,,,,,,,,,,,,4.5523,4.04708,,,
187,31.8277,27.3356,22.892,19.0749,16.5999,13.3482,10.7745,9.97676,7.47414,6.71621,6.02497,4.97172,4.01424,3.72889,2.9949,2.23549,31.263,,,27.5451,,7.09627,14.1217,14.2953,,,,,,,,1.64315
188,31.3787,27.441,22.7378,19.2727,16.7862,13.3717,10.6676,9.92471,7.74579,6.93949,5.91619,4.81321,4.00715,3.6218,2.87833,2.24173,,31.465,,,,,,,,,,,,,,2.55016
189,31.4849,27.546,22.7033,19.3262,16.9351,13.5131,10.8342,9.97288,7.84239,6.81113,5.92109,4.8306,3.95361,3.61961,2.76072,2.29421,,,,20.1751,14.7208,,,,,,,,4.91643,3.51877,,
190,31.6122,27.557,22.8506,19.2469,17.0282,13.5326,10.9904,9.99074,8.04952,6.91505,5.86755,4.82615,4.06189,3.36109,2.81465,2.3787,,11.6935,29.7166,,,,,,,6.27773,,,2.67245,,,2.53198
191,32.1629,27.9851,22.8859,19.3528,16.8246,13.9644,11.0589,10.3059,8.12921,7.12364,5.91768,4.72837,3.99228,3.33032,2.91424,2.44787,,43.5249,,,,,7.51279,,,,,4.90025,3.08583,,,
192,32.3099,27.7972,22.7989,18.8433,16.9863,14.2404,11.1075,10.2348,8.00317,7.11155,5.99573,4.88541,4.19493,3.43798,2.91942,2.50911,,,,,,,,,10.0013,,,,,,3.56216,
193,32.6306,27.0716,22.7089,19.838,17.4524,13.7631,11.1714,10.4703,8.22235,7.35646,5.97784,4.97137,4.37051,3.35884,2.75049,2.53118,34.2182,30.0213,,,,,,12.9319,,8.45993,,,2.29304,5.14173,,
194,33.1225,26.6483,23.2577,19.6371,17.2981,13.9174,11.4899,10.5469,8.26039,7.50075,6.07091,5.13093,4.41786,3.40444,2.7663,2.46306,,,29.3403,,,22.7412,,,7.37314,,,,,,,
195,32.8549,27.677,23.7408,19.8877,17.2543,14.0595,12.0552,10.783,8.37066,7.52621,6.1795,5.22694,4.40027,3.4844,2.9011,2.31658,,,,29.3376,19.391,,,,,8.31193,,,,,,
196,33.9733,27.88,24.2921,20.4024,17.26,14.1847,11.9091,10.5236,8.73147,7.47765,6.17295,5.22001,4.51456,3.53279,2.98332,2.35093,54.1847,,,,8.99729,,11.2889,,,,,3.73518,,,,
197,33.5468,28.2377,24.4541,20.659,17.321,14.1216,12.0704,10.2915,8.87636,7.5334,6.25007,5.27814,4.63312,3.55843,3.13263,2.41856,,,34.4627,,,,9.59599,,,9.91435,,4.28313,,,,
198,33.7494,28.2994,24.502,20.6937,17.1408,14.1078,12.428,9.75671,8.84053,7.52364,6.06326,5.49759,4.78958,3.45161,3.2578,2.64495,40.7786,,19.5496,23.2025,,,13.401,13.4062,10.9985,,,,6.10652,,,
199,34.1398,28.5692,24.6638,21.0354,17.3779,14.251,12.667,9.84108,8.73874,7.58119,6.30085,5.5001,4.69815,3.60161,3.358,2.64113,,,,,23.5187,,15.9635,,,,,,,,,3.13027
200,35.0035,28.4952,25.197,21.2662,17.3166,13.9514,12.871,10.084,8.78297,7.83763,6.13822,5.47713,4.87312,3.81093,3.47109,2.76589,,23.7601,,,,,,10.319,,,,5.0115,,,6.69135,
201,35.0517,28.4263,25.4283,21.2794,17.4764,14.3525,12.9118,10.3336,8.83495,7.94436,6.43281,5.56311,4.84855,3.99489,3.46695,2.698,36.8365,,,,20.8929,,,,,,,,,4.16189,,
202,35.131,28.4811,25.5781,21.4698,17.7262,14.1379,12.9283,10.5186,9.13109,7.89102,6.5593,5.63345,4.77907,4.0461,3.34886,2.61562,,,27.4028,,10.0451,,,,9.31229,,,6.43434,,,,
203,35.1032,28.9829,25.8114,21.8069,17.5649,14.1359,13.036,11.1188,9.18178,8.07937,6.52862,5.81521,4.84083,4.11386,3.44709,2.7739,,,,21.9988,,,21.5666,5.8593,7.85438,,6.64122,,,,,
204,35.4798,29.593,26.5582,21.44,17.2865,14.5944,13.2225,11.1221,9.2785,8.24656,6.50076,5.66889,4.86686,4.22288,3.73475,2.94792,,19.9319,,,,,,,,10.8967,,,,,,4.53696
205,35.3193,30.1601,26.7719,21.7237,17.5259,14.8485,13.1868,11.026,9.5545,8.19551,6.71807,5.95168,4.86978,4.31294,3.75768,2.95217,42.6252,,,,,,,,9.87612,,,,,,,
206,36.5267,30.5566,26.6456,22.1266,17.9221,14.845,13.1343,11.0201,9.87324,8.37616,6.56273,6.13583,4.97092,4.38897,3.79998,3.11213,,,,,,,12.966,,,,5.03008,,,7.45839,,
207,36.523,30.8159,27.0162,22.0794,18.1072,15.1811,13.4989,11.3603,9.96018,8.77595,6.7126,6.21937,4.86823,4.55983,3.85334,3.28884,31.6528,,,,,18.8963,19.4683,,12.0235,,3.39033,,,,,5.63763
208,37.04,30.3852,27.2012,22.0368,18.1643,15.8394,13.5775,11.492,9.89611,8.97647,6.8359,6.36299,5.01051,4.79287,3.70754,3.4005,,32.3928,,,,,,12.1596,,,,,,,,5.63437
209,37.0232,30.6077,27.8797,22.4784,18.6375,16.2166,13.4514,11.7996,10.1099,9.2402,7.03634,6.40087,4.89888,4.94957,3.81269,3.37993,43.0178,,,,,14.6331,11.6351,,,,,,,,,
210,37.0243,30.6367,27.9212,22.6729,18.8941,16.3227,13.4593,12.0701,10.34,9.21232,7.10852,6.67016,5.14018,4.75274,3.76462,3.38487,,19.7092,,,,,,,,,,,,5.00867,,
211,37.5902,31.6846,27.7812,22.6572,19.1665,16.7883,13.4938,12.1782,10.3899,9.55232,7.31536,6.77775,5.18391,4.74006,3.9932,3.30443,,,,,,,17.3663,,,,8.87312,,,,1.88569,
212,37.9634,32.1421,27.9036,23.1557,19.1466,16.736,13.6064,12.2296,10.5599,9.68976,7.22922,6.66739,5.35919,4.82607,4.20008,3.41543,36.2335,,,16.3411,,,,12.8023,,13.3352,,,,,,
213,38.5037,32.7303,28.5776,23.3164,19.8081,17.3406,13.8641,12.5121,10.6166,9.8662,7.47338,6.91785,5.5971,4.96823,4.3708,3.61602,,33.6505,,,,,,,,,7.55295,,,,,
214,39.1023,33.2416,29.0737,23.8827,20.2148,17.7188,14.4193,12.2989,10.9564,10.2354,7.84776,6.92859,5.43304,5.03048,4.48816,3.64289,32.9249,,32.5226,,,,,,,,,6.09253,,,5.13636,
215,39.2613,33.6633,28.8186,25.0093,20.6789,18.2451,14.6272,12.6436,11.0866,10.169,8.26495,7.33134,5.45401,5.14994,4.61431,3.8118,,,26.4009,,,,,,,,,,,,,
216,40.3789,34.1738,29.3993,25.3482,21.031,18.7311,15.0074,12.9799,11.2201,10.4853,8.22886,7.45029,5.77127,5.54356,4.62361,3.98298,,,25.4289,,,,,,,,,,,,,
217,41.1253,34.5494,30.2008,25.7418,21.1393,19.2767,15.6994,13.4458,11.3427,10.8104,8.70557,7.59567,6.17555,5.6809,4.81425,4.16743,,,,23.3885,,,,,,,,,,,,
218,41.6358,35.4304,30.7627,26.3407,21.9393,20.0473,16.3973,13.7267,11.9467,10.8285,9.06441,8.08984,6.55777,5.93784,4.97406,4.27272,,,,,,26.3303,,,,11.4588,,8.97022,6.50433,,,
219,43.7046,37.4026,32.4093,28.0173,22.9587,20.6296,17.7247,14.4608,12.6406,11.4444,9.45613,8.49608,6.93461,6.12872,5.50695,4.49311,,,,,,,,,,,,13.7439,8.23406,,,
220,45.8657,39.849,33.7197,29.184,23.8221,21.9545,18.9328,15.7615,13.491,12.3132,10.1145,8.94044,7.61632,6.36348,5.98406,4.78333,,,,,,,14.5377,13.815,13.0206,,,,,,6.9023,
221,48.3819,41.8666,36.074,30.8564,25.5778,23.56,20.4008,16.8426,14.4913,13.1468,10.9875,9.60376,8.27154,7.09431,6.59404,5.51365,,,,,,18.9195,,,,,,,,,,7.93147
222,50.73,44.4166,39.0548,33.3801,27.919,25.442,21.9409,18.2222,15.7476,14.0417,11.9891,10.6829,8.99932,7.72264,7.09777,6.12773,,,,,,26.8434,23.0823,,13.5139,10.6326,,,,5.29891,,
223,55.421,48.1477,42.5422,36.1441,30.3095,27.6619,23.8774,20.0114,17.3958,15.6129,13.2394,11.8463,10.0752,8.72949,7.76892,6.82978,,,,,,,,,,,,11.1752,,7.84657,,2.96505
224,59.8832,52.6142,45.772,39.7854,33.0799,30.3764,26.1315,21.9431,19.2764,17.0075,14.6196,13.0215,11.3228,9.71253,8.75252,7.59417,,,62.5843,,,,,,,,,,,,,
225,65.2551,57.0816,49.491,43.401,36.574,33.2992,28.6867,24.347,21.3954,18.7122,16.1632,14.3189,12.8071,10.8812,9.70683,8.60594,,58.0306,41.5434,57.1793,,,,,,,,8.64807,13.1059,,,
226,71.1722,62.1276,53.7779,47.1205,40.1878,36.1713,31.2903,26.9578,23.7119,20.8493,17.8551,15.7407,14.239,12.0672,10.5225,9.36893,,,,,,,,,,,,14.8016,,,,
227,77.1813,67.3661,58.2346,51.289,43.9509,39.2549,34.4718,29.5268,25.9167,22.7345,19.8036,17.2492,15.5683,13.0086,11.7676,10.3444,,,,,35.8442,,,,,,,,,,,7.60395
228,83.0342,72.2238,62.6529,55.1073,48.1421,42.4051,36.9296,31.9054,28.03,24.6941,21.3906,18.7943,16.8108,14.2017,12.807,11.1956,,,,40.5829,,,,,,,,,17.1745,,,
229,88.0075,76.7519,66.6741,58.4854,51.18,44.7508,39.3332,34.2504,29.7146,26.2347,23.0166,20.1786,17.9977,15.1913,13.7753,12.0954,,,,,63.9695,,,,,33.1415,19.6507,,,,,
230,91.5349,79.7411,69.26,60.5665,53.7023,46.8522,40.8769,35.8914,31.1412,27.4604,24.3539,21.148,18.8998,15.9581,14.4584,12.8424,,,,,,,,,,,,11.189,,,,
231,90.1363,78.6495,68.8911,59.9347,53.4286,46.3242,40.6027,35.7663,30.9164,27.1868,24.7203,21.3564,19.0839,16.3044,14.4619,13.0693,,,,,,,,,47.2085,30.4408,,,19.0003,,,
232,87.2639,76.6849,66.1635,58.2032,51.7411,44.6905,39.6701,34.8929,30.422,26.7025,24.1913,20.8958,18.7788,16.1128,14.167,12.7697,,70.2752,,,,46.8884,,,35.3571,,,,,,,15.7748
233,82.6971,72.4882,62.7963,55.5073,48.8746,42.2193,38.1133,33.6096,29.1598,25.6889,23.1247,19.8177,18.2492,15.6359,13.5655,12.3778,,,,53.411,36.616,21.3112,,,,29.7691,,19.8596,,,11.0619,
234,75.3527,66.801,57.6999,51.2597,45.6824,38.9428,35.5826,31.5669,26.9129,23.6816,21.7693,18.6046,17.0147,14.4533,12.7264,11.6706,101.419,,60.5411,,,,,,,,,,14.13,,,
235,67.4513,59.2728,51.7561,45.6202,41.5038,34.7786,32.4411,28.4342,24.3939,21.4837,19.8232,17.0731,15.4198,13.1497,11.4423,10.7267,83.167,,49.4531,,,,,,,,,14.8936,,,,
236,61.94,54.4958,48.2415,42.541,38.1029,32.1097,29.5156,26.1637,22.2903,19.7151,18.2741,15.7165,14.0777,12.0882,10.4149,9.70557,,,,,,,50.8446,,,,15.9932,,15.924,,,
237,56.1307,49.6412,43.9573,38.5707,34.4519,29.2207,26.6903,23.2911,20.0769,17.7292,16.3972,14.2605,12.6186,10.851,9.46968,8.81315,,,,,,,,,,,10.113,,19.3988,12.6434,,
238,49.3658,43.6047,39.4325,34.6048,30.6082,25.5976,23.2067,20.7104,17.8551,15.6387,14.4376,12.4641,11.2479,9.68276,8.22544,7.86895,,,,31.7368,,,,,,,10.7639,,,,,
239,43.6547,38.4187,34.9266,30.9085,26.5316,22.1304,20.399,18.3009,15.3515,13.4831,12.6301,10.5603,9.65552,8.34434,7.12921,7.03889,51.8684,,,,,,,,,,,,,8.04988,,
240,37.7465,33.5129,30.4635,26.9289,23.1111,19.1036,17.6825,15.7267,13.3315,11.8134,10.8815,8.9049,8.36623,7.10413,6.11022,6.07696,,55.5237,,15.6233,25.5078,,,,,,,,9.78568,,8.75911,
241,33.318,29.9507,26.934,23.2735,20.103,16.6069,15.3907,13.604,11.3402,10.1335,9.23966,7.73848,7.1932,6.01202,5.08761,5.24024,38.1431,,,,,,,11.6166,14.5428,,,,,,,
242,29.227,25.9358,23.0188,20.1507,17.8075,14.419,13.2359,11.7748,9.79811,8.80381,7.87216,6.6133,5.96623,5.05237,4.36556,4.38691,,28.5483,,,,,18.8335,,,,,,,6.52514,,2.95571
243,25.957,22.5046,20.6505,17.2786,15.375,12.9696,11.6523,10.2319,8.47656,7.7982,6.96318,5.66102,5.16223,4.50014,3.68448,3.70246,,,,,,,,,,5.45605,,5.67437,,,,
244,23.161,19.7895,18.3207,15.0412,13.6117,11.3919,10.0483,8.92248,7.5352,6.52176,6.1896,4.98089,4.45844,3.79525,3.25213,3.14473,23.8777,,,,,,,4.6532,,,,,,,,
245,21.1003,17.587,16.507,13.5143,12.1811,10.6348,8.727,7.62715,6.71433,5.86073,5.31006,4.50172,3.86678,3.16119,2.8463,2.71472,,,,25.8142,,,7.90048,,,,,,,,,
246,19.2649,16.2211,14.9705,12.2497,11.0189,9.52726,7.80613,6.86668,5.99566,5.43866,5.03561,3.9353,3.48717,2.77103,2.65095,2.26503,,,15.1468,,,,,,,,3.63543,,,,,
247,18.2645,15.8303,13.4165,10.6615,10.1439,8.58133,7.3642,6.36402,5.59281,4.97774,4.71654,3.59222,3.26607,2.59221,2.46557,2.09195,,,,,,,6.78113,,,,,,,,,
248,16.8372,14.5625,12.6989,9.89303,9.63648,8.01654,6.84628,6.31299,5.01963,4.49309,4.3167,3.32806,2.95918,2.61503,2.31727,1.93326,20.0591,,,8.29446,7.60599,6.71488,,,,,3.31153,,,,,
249,16.3605,14.0811,11.4643,8.75032,9.10615,8.05017,6.59631,5.8684,4.87661,4.31028,4.09884,3.14548,2.5424,2.42125,2.30243,1.65782,,,,10.9469,,,,,,,,2.60597,,,,
250,14.9735,13.5125,10.6489,7.42736,8.68932,7.93843,6.11388,5.39242,4.82839,3.80181,3.87623,3.17936,2.54167,2.32597,2.03195,1.56246,,7.60252,,,8.20114,,,,,,3.35099,,,3.57783,,
251,14.5387,12.4024,10.2133,7.13449,8.55788,7.47688,5.9628,5.29061,4.56659,3.67281,3.88972,2.88884,2.36468,2.12589,1.84276,1.47958,,,,6.09455,12.1278,,,,,,,,1.09324,,,
252,12.935,10.5809,9.41791,7.05648,7.82062,6.92731,5.8091,5.02186,4.5723,3.25079,3.78409,2.75159,2.27324,2.19618,1.80641,1.16659,,,,7.64384,,,,,,,,3.37913,,,1.88825,0
253,11.6401,9.28894,9.36952,6.83081,7.45064,6.45339,5.59241,4.97791,4.35249,2.8655,3.27324,2.70611,2.24346,2.03649,1.65915,1.1528,,,,,4.87802,,,,,,,,,,,
254,10.6799,8.7011,9.13522,6.87136,7.49297,6.09001,4.95135,4.66137,4.07317,2.51553,3.06101,2.49225,2.10321,1.67712,1.5979,1.05147,,,,,,5.09141,5.72226,,,,,,,,,
255,10.6829,8.41483,8.10999,6.62936,7.2172,5.81432,4.79252,4.3462,3.54343,2.58358,2.91771,2.38873,2.05975,1.6871,1.36097,1.16441,,8.02696,14.3198,,,,,,,,,,,,,
256,10.175,8.24234,7.34847,6.13702,6.48183,5.41926,4.93236,4.21787,3.61078,2.46117,2.81835,2.10681,2.1305,1.73387,1.18658,1.00644,,,,7.99447,,5.70202,,4.12736,,,,,,1.58181,,1.57863
257,9.52048,7.17797,7.12341,5.98108,6.28806,5.37631,4.65714,4.01918,3.47729,2.43676,2.52906,2.13075,1.88804,1.69622,0.961834,0.956675,10.9435,6.79206,,,,,,,,,,,,,,
258,9.48288,6.02241,6.61876,6.03875,5.96166,5.52806,4.57839,3.73993,3.17636,2.21259,2.29972,2.05955,1.83635,1.55728,0.881294,0.894666,,7.02339,4.72414,,,,,4.3985,4.09967,,,,1.40755,1.77656,1.35834,
259,9.41684,5.58722,6.26342,5.38501,5.61458,4.82025,4.24569,3.12845,3.1232,2.14822,2.17785,1.93947,1.69997,1.34467,0.806981,0.865651,,,,,,,,,,,,,,,,
260,8.74588,5.22595,6.20082,4.99378,5.41006,4.29938,3.86009,2.73239,2.73231,2.09633,1.81102,1.84302,1.78662,1.115,0.723951,0.886619,,,,2.02342,,,,,,,1.69677,,,0.651435,0.167132,
261,8.45339,4.27429,6.19231,5.18572,5.20155,4.02573,3.74276,2.59164,2.72575,2.28495,1.61189,1.53859,1.63017,0.852043,0.802243,0.717676,,3.06328,,,,,,,,,0.523839,,,,0.904267,
262,8.85779,4.41455,5.49266,4.86709,4.83954,3.83691,3.08553,2.3183,2.59016,2.07846,1.38589,1.7827,1.56225,0.844894,0.853263,0.62643,,,5.25024,,,,,,3.40809,,,,0.884109,,0.152625,
263,8.84975,4.90191,5.17248,4.68714,4.60153,3.63232,2.66827,2.34348,2.38816,2.09703,1.29822,1.60592,1.33641,0.803231,0.687277,0.571922,,,,3.87698,,,,2.95307,,,,,,0,,
264,8.84107,5.41706,4.58119,4.55357,4.28149,3.16956,2.37524,1.7739,2.39586,2.00387,1.53429,1.34945,1.23052,0.847353,0.638055,0.460466,7.07995,,,,,3.95552,,,,,,,,,,
265,8.63395,5.25947,4.24326,4.00716,3.97421,2.92371,2.08596,1.62333,1.98153,2.0413,1.38612,1.46082,1.0932,0.871824,0.484004,0.411407,,7.19089,,,,2.13682,,,,,,,,0,,
266,7.6853,5.07667,4.68362,4.11081,3.66371,3.00002,1.99698,1.46678,2.0945,1.89894,1.21495,1.33572,0.992987,0.723486,0.454556,0.280936,,,,,5.11942,,,1.26519,,,,,1.19037,0,,
267,6.58102,4.11462,4.77457,4.16791,3.28061,2.78732,1.63729,1.38268,1.85967,1.75388,1.20208,1.22266,0.868851,0.568072,0.493365,0.244291,,,8.02774,,,1.26886,,,,,1.71987,,,,,
268,6.74218,4.19871,4.54033,3.97306,2.74647,2.59952,1.53441,1.47006,1.74179,1.49474,1.06799,1.19101,0.951515,0.653148,0.498929,0.248011,,,,,,,,,1.46611,2.07058,,0.87736,,,,
269,6.13502,4.32253,3.92819,3.98903,2.72125,1.87004,1.41453,1.13561,1.61358,1.42628,0.983347,1.10954,0.77838,0.536936,0.438494,0.0231848,,5.10537,,5.47536,3.18038,,,2.24318,1.92883,2.40492,,,,,1.53309,0.127061
270,6.06949,4.50112,3.46636,4.27884,2.58174,1.83342,1.26729,1.06691,1.62109,1.40323,1.04823,1.04351,0.908993,0.348289,0.324438,0,5.73607,4.53093,3.12258,,,,,,,2.60227,,2.23723,,,,
271,6.23199,3.78793,3.35352,4.16166,2.55829,1.86985,0.984695,1.18287,1.76363,1.0337,1.19608,0.959109,0.800284,0.378308,0.311437,0,,,2.23765,,2.80909,,,,,,,,,,0.325387,
272,5.55604,4.10979,3.1075,3.93895,2.49017,2.01835,1.30207,1.02907,1.59909,0.948289,1.06734,1.21234,0.805237,0.586562,0.312968,0,,,,,,,,,,,,,,,,
273,4.87334,4.38256,3.03973,3.84245,1.88458,2.297,1.85271,0.844236,1.34983,0.80609,0.911866,1.06599,0.817992,0.613156,0.14727,0,,,,5.50748,,,0,,,,,,0.754712,,0.611082,
274,4.31864,3.65978,2.93109,3.15042,1.833,2.39399,1.81056,0.472781,1.21098,0.89153,0.763394,1.037,0.637565,0.422295,0.183807,0.0873731,,,,,,,,,,,,,,,0.685037,
275,3.90014,3.34706,2.86238,2.83342,2.14646,2.52361,2.2011,0.796917,1.04459,1.18844,0.553234,0.868688,0.521757,0.303271,0.0864502,0.0796641,,,,,,,0.91526,,,,,,0,,,0.265023
276,3.8461,2.63435,2.71226,2.73694,2.16239,2.39775,2.42993,0.91827,1.28114,1.07201,0.566135,0.747,0.444334,0.253451,0.115261,0.125784,,4.733,2.82222,,,,,,0,1.74583,,,,,,
277,4.08602,2.7129,2.42528,1.65777,2.13337,2.53598,2.23868,1.04753,1.08371,0.981238,0.573043,0.712108,0.321544,0.404304,0.0172541,0.129789,,1.85292,,,,,,,,,0.680783,,,,,1.7401
278,5.26589,2.59711,2.38227,1.73069,2.80687,2.26312,2.10873,1.16839,1.09439,0.881563,0.392079,0.769444,0.284148,0.56315,0.0889265,0.203099,,,,,,,,,0.466326,,,0.844886,,,1.26433,0
279,4.8699,3.29638,2.50256,1.22952,2.82757,2.36372,1.99285,1.05292,1.06841,0.952294,0.442106,0.5861,0.176464,0.306782,0.115795,0.332254,,,,,,3.00997,,,,2.02356,1.52733,,,,,
280,4.61519,3.04461,3.23678,0.687881,2.81616,2.776,1.94852,0.968762,1.18681,1.03573,0.327892,0.747075,0.342541,0.231302,0.102382,0.590136,,,,0.383615,1.76086,,,,,,1.40659,,,,,0.859854
281,3.99965,2.82905,2.96365,0,2.83015,2.66512,2.01652,0.89205,0.970422,0.898068,0.265439,0.68845,0.290673,0.344066,0.120586,0.819429,,,,,4.2731,,0.653392,,,,,,,,,0.828658
282,3.21656,3.21537,2.7096,0.468089,2.26889,2.36187,2.07038,0.71631,0.606577,1.12466,0.0951839,0.897118,0.147813,0.381992,0.0719046,0.72997,3.0447,,4.7756,,,,,1.71111,,1.42422,0.234844,,,,,
283,3.61618,2.74449,2.61767,0.921389,2.09984,2.12388,1.70655,0.729514,0.69948,0.99918,0.369808,0.739049,0.104065,0.275523,0,0.622811,,,,,,,,,,0,0,,0,,,
284,3.57292,1.93085,3.08212,0.993907,2.87196,2.00329,1.17146,1.00754,0.936409,0.990243,0.45165,0.600147,0,0.185921,0,0.605389,,,,,,,1.41109,1.30153,,,,1.52547,,0,,
285,4.36496,2.31971,2.95193,1.09638,3.15049,1.90492,0.833283,1.13163,0.9929,1.06548,0.391352,0.504228,0,0.241414,0,0.59021,,,,,3.32548,,,,,,,,,,,
286,4.75964,2.06932,2.88886,0.981408,2.59009,1.78349,0.484525,0.998714,1.05785,0.755558,0.444683,0.713914,0,0.335606,0.0653263,0.559824,,2.09255,,,,1.33575,,,,0.245481,,,,,,0.78037
287,4.08482,2.40453,2.38959,0.720146,2.61093,1.38532,0.407509,0.827052,1.06417,0.807797,0.219301,0.719396,0.0116138,0.369585,0.193024,0.548861,4.08959,,1.37769,,,,,2.46086,,,1.13039,,,,,
288,3.51954,2.27647,1.8336,1.03104,2.70927,1.39337,0.413921,0.648836,1.05078,0.934424,0.202885,0.766426,0,0.180555,0.287386,0.503365,,,,0.74293,,,0.250852,,,,,,,,,
289,2.29772,2.7532,1.94189,0.814016,2.08458,1.49211,0.355447,0.477714,0.877509,0.907811,0.286909,0.711883,0,0.158938,0.0759552,0.466409,,,,,0.181176,,,0.709524,0,,1.49949,,,,0,
290,1.86535,2.33431,1.94173,1.08797,2.05347,1.30399,0.365795,0.413669,1.11662,0.880259,0.240549,0.74539,0,0.294497,0,0.326736,,0.968589,,,1.8538,0.65379,,,,0.965956,,,,,,0.934615
291,1.48646,2.1408,1.66138,1.08825,1.77298,1.1008,0.507456,0.501736,0.955799,0.533644,0.313478,0.564792,0,0.370195,0.093796,0.185506,,,0.969373,0.887509,4.5863,1.87215,0.386196,,,,,,,,,
292,1.29727,1.70618,1.98041,0.76524,1.67,1.11058,0.379032,0.604565,0.958245,0.516164,0.333969,0.594431,0,0.310684,0.0948423,0.133279,,,1.41377,1.85568,,1.54276,,,1.34155,,,,,,,
293,2.02395,2.40884,1.59112,0.558807,1.90565,1.40743,0.229701,0.608635,1.22424,0.367293,0.56242,0.393923,0,0.374565,0,0.0943716,,,,,,,,0.0747713,,,,,0.980902,,,0.255201
294,1.52668,2.89641,1.49319,0.287125,1.72814,1.25736,0.114466,0.848702,1.13548,0.403296,0.528231,0.451117,0,0.410902,0,0.181631,1.50463,,,,3.21743,,,,1.89886,,,,,,0,
295,1.23345,3.23155,1.31739,0.12908,0.971147,0.732461,0.326043,0.826407,0.863934,0.55036,0.379034,0.657868,0,0.530289,0,0.0932111,,,,0,,,,,0,,,,,1.29797,0,
296,0.52406,3.1256,1.57926,0.286271,0.553685,0.389985,0.66252,1.04277,0.578689,0.452463,0.437452,0.814592,0.312799,0.551362,0,0,0.830973,,,,,,,0.874022,0,,,,,,,
297,0.25724,2.99349,1.55182,0.295546,0.303504,0.230778,0.67616,1.11171,0.37613,0.523032,0.380709,0.897087,0.353452,0.520279,0,0,,2.60391,,,1.13961,,,,,,,,,,,0
298,0.615509,2.84798,1.90193,0.665377,0,0.31677,0.75452,1.39037,0.13335,0.449963,0.483201,1.01464,0.466071,0.508608,0,0,,,,,,,,,,,,,,,,
299,0.850346,2.67093,2.42518,0.79911,0,0,0.830695,1.585,0.0884637,0.389684,0.439772,1.09384,0.661817,0.576252,0,0,,,,,,,,,,,,,,,,
300,1.57857,2.52924,2.1713,0.653623,0,0,1.02921,1.74456,0.00543991,0.525885,0.448857,1.23149,0.765123,0.589026,0,0,,,,,,,,,,,,,,,,
