HBindex,Tau01,Tau02,Tau03,Tau04,Tau05,Tau06,Tau07,Tau08,Tau09,Tau10,Tau11,Tau12,FitX,FitY
0.0476317,,,,,,,0.112653,,,,,,0.0476317,0.0485271
0.0882677,,,,,,,,,,0.0723803,,,0.0506989,0.0496696
0.0909184,,,,,,,,,,0.0774637,,,0.0539636,0.0508122
0.0964598,,,,,,,,,,,0.0714206,,0.0574385,0.0519547
0.0988292,,,,,,,,0.101002,,,,,0.0611371,0.0530973
0.100333,,,,,,,,,,,0.0566533,,0.065074,0.0542398
0.103762,0.185813,,,,,,,,,,,,0.0692643,0.0553824
0.11249,,,,,,,,,,,0.0662519,,0.0737245,0.0565249
0.117765,,,,,,,,,,,,0.004,0.0784719,0.0576674
0.118498,,,,,,,,,,,,0.0346095,0.083525,0.05881
0.118851,,,,,,,,,,,0.0661138,,0.0889035,0.0599525
0.123296,,,0.161348,,,,,,,,,,0.0946284,0.0610951
0.127125,,,,,,,,,,,,0.0138686,0.100722,0.0622376
0.131913,,,,,,,,,,,,0.0204161,0.107208,0.0633802
0.133925,,,,,,,,,,0.0730918,,,0.114111,0.0645227
0.134871,,,,,,,,,,,0.0665688,,0.121459,0.0656652
0.1365,,,,,,0.119968,,,,,,,0.12928,0.0668078
0.142351,,,,,,,,,,,0.0568776,,0.137605,0.0679503
0.146947,,,,,,,,,,,0.0691105,,0.146466,0.0690929
0.147071,,,,,,,,0.104863,,,,,0.155898,0.0702354
0.147845,,,,,,,,,,0.0748183,,,0.165937,0.071378
0.151241,,,,,,,,,,,,0.0376547,0.176622,0.0725205
0.153208,,,,,,,,,,,0.0633478,,0.187995,0.073663
0.154034,,,,,,,,0.1039,,,,,0.200101,0.0748056
0.154892,,,,,,,,,,,,0.004,0.212986,0.0759481
0.1569,,,,,,,,,,,,0.0281917,0.226701,0.0770907
0.157347,,,,,,,,,0.0921999,,,,0.241299,0.0782332
0.165867,,,,,,,,,,,0.0543244,,0.256837,0.0793758
0.1675,,,,,,,,,,,0.0702341,,0.273376,0.0805183
0.168783,,,,,,,,,,0.0759114,,,0.29098,0.0816609
0.173471,,,,0.13768,,,,,,,,,0.309717,0.0828034
0.175001,,,,,,,,,,,0.0557299,,0.329661,0.0839459
0.177167,,,,,,,,,,,0.0518331,,0.350889,0.0850885
0.179705,,,,,,,,,0.0919451,,,,0.373484,0.086231
0.182726,,,,,,,,,,0.0760113,,,0.397534,0.0873736
0.184397,,,,,,,,0.098235,,,,,0.423133,0.0885161
0.184745,,,,,,,,0.102115,,,,,0.45038,0.0896587
0.185968,,,,,,,,,,,,0.00732666,0.479381,0.0908012
0.186636,,,,0.141784,,,,,,,,,0.510251,0.0919437
0.186762,,,,,,,,,,,,0.0242943,0.543107,0.0930863
0.187747,,,,,,,,,,,,0.0387544,0.57808,0.0942288
0.18917,,,,,,,,,,0.0740474,,,0.615305,0.0953714
0.190378,,,0.150856,,,,,,,,,,0.654927,0.0965139
0.193748,,,,,,,,,,,0.0520024,,0.6971,0.0976565
0.194687,,,,,,0.12464,,,,,,,0.741989,0.098799
0.195504,,,,,,,,,,,,0.043578,0.789768,0.0999415
0.196508,,,,0.143208,,,,,,,,,0.840624,0.101084
0.199155,,,,,,,,,,0.076487,,,0.894755,0.102227
0.199872,,,0.150585,,,,,,,,,,0.952372,0.103369
0.199906,,,,,,,0.110609,,,,,,1.0137,0.104512
0.200239,,,,,,,0.110983,,,,,,1.07897,0.105654
0.204819,,,,,,,,,,,,0.004,1.14845,0.106797
0.207391,,,,,,,,,,0.0820402,,,1.22241,0.107939
0.213392,,,,,,,,,,0.0761817,,,1.30112,0.109082
0.214917,,,,0.143951,,,,,,,,,1.38491,0.110224
0.215962,,,,,,,,,,,0.0525248,,1.47409,0.111367
0.216288,,,,,,,,,,0.078994,,,1.56901,0.11251
0.221898,,,,,,0.124113,,,,,,,1.67004,0.113652
0.222369,,,,,,,,,,0.0726564,,,1.77758,0.114795
0.223746,,,,,,,,0.102354,,,,,1.89205,0.115937
0.225289,,,,,,,,,,,0.071501,,2.01388,0.11708
0.229443,,,,,,,,0.10423,,,,,2.14356,0.118222
0.230513,,,,,,,,,,,,0.004,2.2816,0.119365
0.230736,,,,,,,,,0.0894694,,,,2.42852,0.120507
0.230975,,,,,,,,,,,,0.0284876,2.5849,0.12165
0.231082,,,,,,,,,,,0.0601603,,2.75135,0.122792
0.231439,,,,,,,,,,0.0803686,,,2.92852,0.123935
0.233045,,,,,,,,,,,,0.004,3.1171,0.125077
0.235643,,,,,,,,,,,0.0612213,,3.31782,0.12622
0.23819,,,0.158316,,,,,,,,,,3.53147,0.127363
0.240261,,,,,,,,,,,,0.0480225,3.75887,0.128505
0.244024,,,,,,,,,,0.0747294,,,4.00092,0.129648
0.244255,,,,,,,,,,,0.064424,,4.25855,0.13079
0.245057,,,,,,,,,,,0.0635365,,4.53277,0.131933
0.250564,,,,,,,,,0.0929671,,,,4.82466,0.133075
0.253562,,,,,,,,,,,,0.0498549,5.13533,0.134218
0.253736,,,,,,,,,,,,0.0400169,5.46602,0.13536
0.253965,,,,,,,,0.104711,,,,,5.818,0.136503
0.255931,,,,,,,0.106559,,,,,,6.19264,0.137645
0.257374,,,,,,,,0.0980511,,,,,6.5914,0.138788
0.260039,0.212042,,,,,,,,,,,,7.01585,0.139931
0.264598,,0.16931,,,,,,,,,,,7.46763,0.141073
0.265037,,,,,,,,,,,,0.0124339,7.94849,0.142216
0.266636,,,,,,,,,,0.0826874,,,8.46033,0.143358
0.268799,,,,,0.136396,,,,,,,,9.00512,0.144501
0.269964,,,,,,0.12496,,,,,,,9.58499,0.145643
0.272578,,,,,,,,,,,0.0596556,,10.2022,0.146786
0.277931,,,,,,,,,,,0.0643911,,10.8592,0.147928
0.27935,,,,,,,,,,,0.06512,,11.5584,0.149071
0.281159,,0.166662,,,,,,,,,,,12.3027,0.150213
0.282075,,,,,,,,,,,,0.050928,13.0949,0.151356
0.282696,,,,,,0.118839,,,,,,,13.9382,0.152499
0.283094,,,,,,,,,,0.0731773,,,14.8357,0.153641
0.286357,,,,,,,,,,,,0.0206585,15.791,0.154784
0.288267,,,,,,,,,0.0945887,,,,16.8079,0.155926
0.288597,0.217491,,,,,,,,,,,,17.8902,0.157069
0.29207,,,,,,,0.11071,,,,,,19.0422,0.158211
0.293407,,,,,,0.122022,,,,,,,20.2684,0.159354
0.293874,,,,,,,,0.100428,,,,,21.5736,0.160496
0.294617,,,,,,,,,0.0950364,,,,22.9628,0.161639
0.295775,,,,,,,,0.10156,,,,,24.4414,0.162781
0.295849,,,,,,,,,0.0864809,,,,26.0153,0.163924
0.295894,,,,,,,,,,,,0.0462643,27.6905,0.165067
0.297646,,,,,,,,0.104218,,,,,29.4736,0.166209
0.303137,,,,,,,,,,,0.0527135,,31.3715,0.167352
0.305165,,,,,,,0.106786,,,,,,33.3916,0.168494
0.306371,,,,,,0.120873,,,,,,,35.5419,0.169637
0.307241,,,,,,,,,,0.0795687,,,37.8305,0.170779
0.309193,,,,,0.134015,,,,,,,,40.2666,0.171922
0.312206,,,,,,,,,0.0866938,,,,42.8595,0.173064
0.312454,,,,,,,,,,0.0832684,,,45.6194,0.174207
0.313238,,,,,,,,,0.0928356,,,,48.557,0.175349
0.313347,,,,,,,,,,,,0.0146869,51.6837,0.176492
0.313413,,,,,,,,0.103907,,,,,55.0119,0.177634
0.318285,,,,,,,,,,0.0839817,,,58.5543,0.178777
0.319917,,,,,,,,0.105373,,,,,62.3248,0.17992
0.323146,,0.165887,,,,,,,,,,,66.3381,0.181062
0.327407,,,,,0.132088,,,,,,,,70.6099,0.182205
0.328509,,,,,,,,,,,0.0684754,,75.1567,0.183347
0.333336,,,,,,,,,,,,0.0347694,79.9963,0.18449
0.334937,,,,,,0.122478,,,,,,,,
0.340724,,,,,,,,,,,0.0708784,,,
0.342244,,,,,,0.119859,,,,,,,,
0.342395,,,,,,,,,,,0.0681459,,,
0.345436,,,,,,,,,,0.0764915,,,,
0.345658,,,,,,,0.106567,,,,,,,
0.346906,,,,,,,,,,,,0.051381,,
0.346982,,,,,,,0.110492,,,,,,,
0.347115,,,,,,,,,,,,0.0252325,,
0.347702,,,,,,,,,,,0.054484,,,
0.348712,,,,,,,,,,,0.0719653,,,
0.353126,,,,,,,,,,,0.061981,,,
0.35574,,,,,,0.11594,,,,,,,,
0.356123,,,,,,,,,,0.0755135,,,,
0.35618,,,,,,,,,,0.0832814,,,,
0.356184,,,,,,,,,,,0.0588045,,,
0.356218,,,,,,,,,,0.080077,,,,
0.362167,,,,,,,,,,,,0.0124076,,
0.36431,,0.182784,,,,,,,,,,,,
0.364615,,,,,,,,,,,,0.0269305,,
0.367534,,,,,0.137289,,,,,,,,,
0.368327,,,,,,,,,,,,0.0463385,,
0.368725,,,,,,,,,0.0949575,,,,,
0.369108,,,,,,,,,,0.0748468,,,,
0.369878,,,,,,,,,,,,0.0508704,,
0.372158,,,0.160462,,,,,,,,,,,
0.372217,,,,,,,,,,,,0.0456849,,
0.373086,,,,,,,,0.104197,,,,,,
0.37515,,,,,,,,,,,,0.0326397,,
0.375375,,0.172303,,,,,,,,,,,,
0.375513,,,,,,,,,,,0.058088,,,
0.37745,,,,,,,,,,,,0.0213225,,
0.378866,,,0.152824,,,,,,,,,,,
0.379005,,,,,,,,,,,,0.0463652,,
0.380035,,,,,,,,,,,0.0584605,,,
0.380948,,,,,,,,,,,,0.0442727,,
0.383163,,,,0.138565,,,,,,,,,,
0.383276,,,,,,,0.106987,,,,,,,
0.38354,,,,,,,,,0.095388,,,,,
0.384487,,,,,,,,,,0.0757149,,,,
0.385752,,,0.157933,,,,,,,,,,,
0.386204,,,,,,,,0.103476,,,,,,
0.387579,,,,,,,,,0.0901983,,,,,
0.387722,,,,,,,,,,,0.0651956,,,
0.389239,,,,,,0.119491,,,,,,,,
0.39115,,,,,,,,,,,,0.0364038,,
0.393232,,0.175914,,,,,,,,,,,,
0.400583,,,,,,,,,,,,0.0342815,,
0.40079,,,,,,,,,,,0.0654977,,,
0.402045,,,,,,,,,,,,0.0509771,,
0.404079,,,,,,,,,,,,0.0054484,,
0.405103,,,,,,,,,,,,0.0243841,,
0.405283,,,,,0.126243,,,,,,,,,
0.405955,,,,,,,,,,,0.0691808,,,
0.407639,,,,,,0.122007,,,,,,,,
0.410282,,,,,,,0.106218,,,,,,,
0.410838,,,,,,,,,,,,0.0307818,,
0.413319,,,,,0.125615,,,,,,,,,
0.413995,,,,,,,,,,,0.0716427,,,
0.414215,,0.177717,,,,,,,,,,,,
0.418425,,,,,,,,0.104765,,,,,,
0.423658,,,,,,0.122627,,,,,,,,
0.423695,,,,,,,0.108517,,,,,,,
0.424441,,,,,,,,,,0.0817259,,,,
0.429877,,,,,,,,0.102615,,,,,,
0.431389,,,,,,,,,,0.0794842,,,,
0.433443,,,,,,,,0.0990034,,,,,,
0.435622,,,,,,,,,,,,0.024096,,
0.437489,,,,,,,,,,0.0834444,,,,
0.437925,,,,,,0.123021,,,,,,,,
0.438165,,,,,,,,0.102741,,,,,,
0.443524,,,,,,,,0.0977274,,,,,,
0.443883,,,,,,,,,,0.076271,,,,
0.444961,,,,,,,0.108769,,,,,,,
0.446709,,,,,,,,0.105105,,,,,,
0.447218,,,,,,,,,,,,0.0364177,,
0.447724,,,,,,,,,,,,0.0259425,,
0.45148,,,,,,,,0.0964774,,,,,,
0.453653,,,,,,,,0.102742,,,,,,
0.453778,,,,,,,,,,0.0806758,,,,
0.453852,,,,0.148186,,,,,,,,,,
0.453906,,0.170297,,,,,,,,,,,,
0.455186,,,,,,,0.113149,,,,,,,
0.456543,,,,,,,0.10931,,,,,,,
0.458208,,,,,,,,,0.0951307,,,,,
0.460339,,,,,,,,,,,0.0555447,,,
0.460394,,,,,,,0.109505,,,,,,,
0.460954,,,,,,,,,,0.0835513,,,,
0.46419,,,,,,,0.11073,,,,,,,
0.468506,,,,,0.133029,,,,,,,,,
0.468722,,,,,,,,,,0.0815716,,,,
0.470935,,,,,,,,,0.0852487,,,,,
0.472298,,,,,0.126991,,,,,,,,,
0.472896,,,,,,,,,,,,0.0337152,,
0.473959,,,,,,,0.105926,,,,,,,
0.475434,,,,,,,,,,0.0812108,,,,
0.476828,,,,,0.13028,,,,,,,,,
0.477728,,,,,,,,0.100916,,,,,,
0.47808,,,,,,,,,,,,0.0332912,,
0.478162,,,,,,,,0.0978967,,,,,,
0.478836,,,,,,,,,,0.0811861,,,,
0.479015,,,,,,,,,0.0874756,,,,,
0.480615,,,,,,,,,,,,0.004,,
0.489613,,,,,0.13002,,,,,,,,,
0.49802,,,,,,0.117633,,,,,,,,
0.499737,,,,,,,,,,0.0807626,,,,
0.500389,,0.167785,,,,,,,,,,,,
0.506816,,,,,,,,,,,0.0549258,,,
0.508121,,,,,,,,,0.0914838,,,,,
0.508262,,,,,,,,,,,0.0572118,,,
0.510934,,,,0.146962,,,,,,,,,,
0.512994,,,,,,,,,,,,0.041724,,
0.513785,,,0.150249,,,,,,,,,,,
0.515063,,,,,,,,,,0.0833323,,,,
0.516429,,,,,,,0.108404,,,,,,,
0.519117,,,,,,,,,0.0896511,,,,,
0.520098,,,,,,,,,,,0.0615792,,,
0.523968,,,,,,,,,0.0902899,,,,,
0.524953,,,,,,,,,,,0.0666152,,,
0.526616,,,,,,,0.108849,,,,,,,
0.527928,,,,0.137837,,,,,,,,,,
0.527994,,,,,,,,,,,,0.0276557,,
0.528185,,,,,,,,,,,,0.0297713,,
0.528908,,,,,,0.121206,,,,,,,,
0.529498,,,,,,,,,,,0.0601988,,,
0.531629,,,,,,,,,,,,0.00481925,,
0.532027,,,,0.14075,,,,,,,,,,
0.534899,,,,,,,,,0.0855188,,,,,
0.535128,,,,,,0.11694,,,,,,,,
0.53638,,,,,,,,,,,,0.0449342,,
0.537077,,,,,,,,,0.0878186,,,,,
0.538971,,,,,,,,,0.086466,,,,,
0.539987,,,,,,,0.113892,,,,,,,
0.54339,,,,,,,,,0.0919296,,,,,
0.544438,,,,,,,,,,,0.066932,,,
0.544516,,,,,,,0.111914,,,,,,,
0.544779,,,,,,,,,,,0.0719742,,,
0.545185,,,,,,,,,,,,0.0486542,,
0.547754,,,,,,,,,,,,0.0363683,,
0.548176,,,,,,,,,0.088419,,,,,
0.549208,,,,,,,,,,,,0.004,,
0.549656,,,,,,,,,0.0946126,,,,,
0.553286,,,,,,,,0.102475,,,,,,
0.554763,,,,,,,,,,,,0.0491156,,
0.555737,,,,,,,,,,,0.0582956,,,
0.557156,,,,,,,,,,,,0.0385921,,
0.558147,,,,,,,,,0.0919774,,,,,
0.558426,,,,0.138765,,,,,,,,,,
0.558767,,,,,0.13322,,,,,,,,,
0.559454,,,,,,,,,,,,0.0141026,,
0.559522,,,,,,,,0.101603,,,,,,
0.559536,,,,0.143997,,,,,,,,,,
0.560475,,,,,,,,,,,,0.0377253,,
0.561696,,,,,,,,0.0996277,,,,,,
0.562556,,,,,,,,,,0.0819607,,,,
0.563767,,,,,,,,,0.0873743,,,,,
0.563997,,,,,,0.122653,,,,,,,,
0.564683,,,,,,,,,,0.0755854,,,,
0.56645,,,,,,,,,,,,0.0272178,,
0.566638,,,,,,,,,,,,0.004,,
0.573421,,,,,,,0.11061,,,,,,,
0.575833,,,,,,,,,,0.0739589,,,,
0.576254,,,,0.140454,,,,,,,,,,
0.578102,,,,,,,,,,0.0763617,,,,
0.578353,,,,,,,,,,,,0.0385681,,
0.578724,,,,,,,,,,,0.0694346,,,
0.579839,,,,,,,,,,,0.0601868,,,
0.580392,,,,,,0.115777,,,,,,,,
0.581076,,,,,,,,,,,0.0610137,,,
0.582535,,,,0.142238,,,,,,,,,,
0.584097,,,,,,,,,,0.0766152,,,,
0.584103,,,,,,,,,0.0943595,,,,,
0.584721,,,,,,,,,0.0953429,,,,,
0.58763,,,,,,,0.109619,,,,,,,
0.59131,,,,,,,,,,,0.0709303,,,
0.591528,,,,,0.127139,,,,,,,,,
0.592078,,,,,,,,0.0998809,,,,,,
0.592561,,,,,,,,,,0.0827759,,,,
0.593774,,,,,,,,,0.089721,,,,,
0.594362,,,,,,,,,,0.0774808,,,,
0.594596,,,,,,,,0.101079,,,,,,
0.594862,,,,,,,,,0.0897632,,,,,
0.594902,,,,,,,,,,,0.0692399,,,
0.595195,,,,,,,,,,,,0.0255618,,
0.596756,,,,,,,,0.100416,,,,,,
0.598884,,,,0.149352,,,,,,,,,,
0.599088,,,,,,,,,,0.0796363,,,,
0.601885,,,,,,,,,0.09246,,,,,
0.602769,,,,,,,,,0.088633,,,,,
0.604059,,,,,,,,,,0.0748466,,,,
0.604066,,,,,,,,,,0.0794275,,,,
0.605784,,,,,,,,,,,0.0592458,,,
0.606882,,,,,,,,0.0992737,,,,,,
0.608219,,,,,,,0.112913,,,,,,,
0.608763,,,,0.14265,,,,,,,,,,
0.611503,,,,,,,,,,0.0808804,,,,
0.615391,,,,,0.132819,,,,,,,,,
0.615777,,,,,,,,,,,,0.0139468,,
0.615993,,,,,0.125236,,,,,,,,,
0.616827,,,,,,,,,,,,0.05022,,
0.618173,,,,,,,,0.100685,,,,,,
0.619095,,0.181789,,,,,,,,,,,,
0.619535,,,,,,,,,,,,0.041199,,
0.621472,,,,,,,,,,,0.0550414,,,
0.622905,,,,,,,,,,,,0.0122883,,
0.622965,,,,,,,0.108026,,,,,,,
0.625221,,,,,,,,,,0.0777708,,,,
0.625875,,,,,,,,,,0.0837918,,,,
0.628031,,,,,,,,,,,0.0600301,,,
0.628323,,,,,0.133193,,,,,,,,,
0.631711,,,,,,,,0.103635,,,,,,
0.633392,,,,,,,,,,0.0739405,,,,
0.635421,,,,,,,,,,,0.0665104,,,
0.637381,,,,,,,,,,,0.0624745,,,
0.637632,,,,,,,,,0.0910122,,,,,
0.638342,,,,,,,,,,,0.0616831,,,
0.638506,,,,,,,,,,0.0821558,,,,
0.641606,,,,,,,,,0.0870235,,,,,
0.642224,,,,,,0.12302,,,,,,,,
0.643279,,,0.151115,,,,,,,,,,,
0.64331,,,,,,,,,,0.082642,,,,
0.644166,,,,,,,,,0.089916,,,,,
0.644406,,,,,,,,,,,0.0635243,,,
0.647646,,,,,,,0.112243,,,,,,,
0.650582,,,,,,,,,,,,0.0262359,,
0.651497,,,,,,,,,,,0.0550607,,,
0.651837,,,,0.149443,,,,,,,,,,
0.653304,,,,,,,,0.0972031,,,,,,
0.653739,,,,0.139892,,,,,,,,,,
0.654913,0.197166,,,,,,,,,,,,,
0.655718,,0.168474,,,,,,,,,,,,
0.655995,,,,,,,,,,0.0736377,,,,
0.656435,,,,,,,,,,0.0744013,,,,
0.656497,,,,,,,,,0.0852347,,,,,
0.658311,,,,,,,,0.100131,,,,,,
0.658429,,,,,,,,,,,,0.0340808,,
0.659737,,,,,,,0.109884,,,,,,,
0.660676,,,,,,,,,,0.0809848,,,,
0.662132,,,,,,,,,,,,0.00882589,,
0.662748,,,,,,0.124109,,,,,,,,
0.665023,,,,,,,,,,,0.0656389,,,
0.665645,,,,,,,,,,,0.0704048,,,
0.669358,,,,,,,,,,,,0.0352522,,
0.669933,0.18674,,,,,,,,,,,,,
0.671375,,,,,0.130594,,,,,,,,,
0.672549,,,,,,0.116042,,,,,,,,
0.672678,,,,,,,,,,,,0.0435889,,
0.6739,,,,,,,,0.104127,,,,,,
0.674248,,,,,,,0.111208,,,,,,,
0.67516,,,,,,,,,,,,0.0310949,,
0.67556,,,,,,0.11619,,,,,,,,
0.675598,,,,,,,0.114911,,,,,,,
0.678103,,,,,,,,,,0.0790006,,,,
0.678784,,,,,,,,,0.0856331,,,,,
0.678989,,,,,,,,0.0983311,,,,,,
0.679923,,,,,0.125,,,,,,,,,
0.680918,,,,,,,,,0.0846341,,,,,
0.682946,,,,,,,0.113039,,,,,,,
0.68382,,,,,,,0.105578,,,,,,,
0.683934,,,,,,,,,0.0915594,,,,,
0.68492,,,,,,0.116014,,,,,,,,
0.687281,,,,,0.129913,,,,,,,,,
0.687773,,,,,,,,,,,0.071189,,,
0.690121,,,,,,0.123165,,,,,,,,
0.690335,0.186084,,,,,,,,,,,,,
0.692148,,,,,,0.117385,,,,,,,,
0.694127,,,,,,,,,,0.0798599,,,,
0.694203,,,,,,,,,,,,0.0356965,,
0.69422,,,,,,,,,0.0866962,,,,,
0.695327,,,,,0.125665,,,,,,,,,
0.695758,,,,0.142116,,,,,,,,,,
0.696681,,,,,,,,,,,0.0570114,,,
0.696855,,,,,,0.115736,,,,,,,,
0.697399,,,,,,,,,,0.0807686,,,,
0.699565,,,,,,,0.109974,,,,,,,
0.701237,,,,,,,0.105969,,,,,,,
0.70309,,,0.15261,,,,,,,,,,,
0.70465,,,,,,,,0.0991109,,,,,,
0.704705,,,,,,,,,,,,0.0444694,,
0.705026,,,,,,,,,,,0.0701898,,,
0.705847,,0.164707,,,,,,,,,,,,
0.708094,,,,,,,0.115274,,,,,,,
0.71064,,,,,,,,,0.0952258,,,,,
0.715143,,,,,,,0.113723,,,,,,,
0.716249,,,,,,,,,,,,0.0456293,,
0.718137,,,,,,,0.106383,,,,,,,
0.720021,,,,,,,,,,,,0.004,,
0.720885,,,,,0.137164,,,,,,,,,
0.720954,,,,,,,,,,,0.0689151,,,
0.722796,,,,,,,,,,,,0.0340839,,
0.723324,,,,,,,,,0.0894219,,,,,
0.723446,,,,,,,0.106116,,,,,,,
0.724971,,,,,,,,,,,,0.0309283,,
0.725694,,,,,,,,0.100199,,,,,,
0.727225,0.1851,,,,,,,,,,,,,
0.727939,,,,,,,,,0.0881433,,,,,
0.728974,,,,,,,,,0.0869821,,,,,
0.732362,,,,,,,,,,0.0766137,,,,
0.733506,,,,,,,,,,,0.0608646,,,
0.734136,,,,,,,,,,,,0.0477489,,
0.734956,,,,,,,,,0.0850838,,,,,
0.736143,,,,,,0.118577,,,,,,,,
0.736509,,,,,,,,,,,0.0583669,,,
0.736898,,,,,,,,,0.0861324,,,,,
0.740316,,,,,,,,,0.086377,,,,,
0.741297,,,,,,,,,0.0942693,,,,,
0.741483,,,,,,,0.113097,,,,,,,
0.741785,,,,,,,,,,,,0.0447546,,
0.743001,,,,,,,,0.105423,,,,,,
0.744008,,,,,,,0.114172,,,,,,,
0.744501,,,,,,,,,,,,0.0208293,,
0.744605,,,,,,,,,,,0.0547185,,,
0.744984,,,,,,,,,,,,0.0489434,,
0.745602,,,,,,,,,,,0.0536561,,,
0.746304,,,,,,,,,,,,0.049728,,
0.748485,,,,,,,,,,,,0.0431052,,
0.749668,,,,,,,,,,0.0778427,,,,
0.750295,,,0.161444,,,,,,,,,,,
0.750428,,,,,0.136312,,,,,,,,,
0.750911,,,,,,,,,0.0915421,,,,,
0.753964,,,,,,,0.106962,,,,,,,
0.754143,,,,,,,0.111481,,,,,,,
0.754721,,,,,,0.11962,,,,,,,,
0.755059,,,0.156017,,,,,,,,,,,
0.755075,,,,,,,,0.105035,,,,,,
0.755674,,,,,,,,,,,,0.0504836,,
0.755835,,,,,,,,,,,,0.004,,
0.756659,,,,,,,,,,,,0.0310625,,
0.75699,,,,,,0.115832,,,,,,,,
0.762224,,,0.151411,,,,,,,,,,,
0.763211,0.188071,,,,,,,,,,,,,
0.763262,,,,,,,0.108714,,,,,,,
0.766587,,,,0.148682,,,,,,,,,,
0.768633,,,,,,,,,,0.0801357,,,,
0.77037,,,,,,,0.108475,,,,,,,
0.77072,,,,0.140368,,,,,,,,,,
0.771348,,,,,,,,,,,0.0573629,,,
0.771687,,,,,,,,,,,0.0535722,,,
0.771697,,,,,,0.115859,,,,,,,,
0.772101,,,,,,0.122963,,,,,,,,
0.773889,,,,,,,,,0.0958369,,,,,
0.777183,,,,,,,,,,0.0840481,,,,
0.778663,,,,,,,,,,,,0.0424821,,
0.781134,,,,,,,,,,,,0.0172024,,
0.783427,,,,,,,,,,,,0.0494175,,
0.784484,,,,,,,0.10754,,,,,,,
0.784489,,,,,,,,,,,,0.0257095,,
0.786234,0.202976,,,,,,,,,,,,,
0.788466,,,0.152096,,,,,,,,,,,
0.792025,,,,,,,,,0.0846415,,,,,
0.793165,,0.174586,,,,,,,,,,,,
0.793566,,,,,,,,,,,0.0556918,,,
0.794962,,,,,,,0.107668,,,,,,,
0.798037,,0.165113,,,,,,,,,,,,
0.79991,,,,,,0.118231,,,,,,,,
0.800322,,,,,0.126396,,,,,,,,,
0.800991,,,,,,,,,0.0892936,,,,,
0.801007,,,,,,,,,0.094769,,,,,
0.802606,,,,,,0.122305,,,,,,,,
0.80284,,,,,,,0.105645,,,,,,,
0.804414,,,0.160345,,,,,,,,,,,
0.805341,,,,,,,,0.102044,,,,,,
0.806747,,,,,,,,,,,0.0542008,,,
0.809847,,,,,0.127535,,,,,,,,,
0.810573,,,,,0.125094,,,,,,,,,
0.810783,,,,,0.132305,,,,,,,,,
0.812597,,,,,,,,0.0985165,,,,,,
0.812992,,,,,,,,,,,,0.0302419,,
0.815095,,,,,,,,,0.0903845,,,,,
0.820365,,,0.161863,,,,,,,,,,,
0.821064,,,,,,,,,0.0907064,,,,,
0.822348,,,,,,,,,,,,0.0490316,,
0.825561,,,,0.140818,,,,,,,,,,
0.829341,,,,,,0.124783,,,,,,,,
0.829958,,,,,0.12558,,,,,,,,,
0.830228,,,,,,,,,,0.0762536,,,,
0.831582,,,,,,,,,,,,0.0191168,,
0.833733,,,,,,,,,,,0.0635675,,,
0.833889,,,,,,,,,,0.0802142,,,,
0.837741,,,,,,,,,,,,0.004,,
0.838443,,,0.155119,,,,,,,,,,,
0.839757,,,,0.143703,,,,,,,,,,
0.841506,,,,,,,,0.0970828,,,,,,
0.846005,0.204584,,,,,,,,,,,,,
0.84623,0.213203,,,,,,,,,,,,,
0.846502,,,,,0.135623,,,,,,,,,
0.84651,,0.182531,,,,,,,,,,,,
0.848165,,,,,,,,0.101218,,,,,,
0.848366,,,,,,,,,,,,0.0218791,,
0.848536,0.185419,,,,,,,,,,,,,
0.849388,,,,,,,,0.100314,,,,,,
0.85344,,,,,,,,,,0.0795044,,,,
0.853668,,,,,,,,,,,0.052686,,,
0.853902,0.184562,,,,,,,,,,,,,
0.855701,,,,,0.129601,,,,,,,,,
0.85628,,,,,,,,,,,0.0675417,,,
0.856903,,,,0.145462,,,,,,,,,,
0.857065,,,,,,,,,,,,0.0480854,,
0.858401,,,,,,,,,0.0854128,,,,,
0.859069,,,,,,,,,0.0897974,,,,,
0.861876,,,,,,,,,0.0891614,,,,,
0.862014,,,,,,,,,,,0.0525495,,,
0.863543,,,,,,0.119321,,,,,,,,
0.864158,,,,,,,,,,0.0783228,,,,
0.86467,,,,,,,,,,,,0.0401928,,
0.865797,,,,,,,,,,,0.0672354,,,
0.86822,,,,,,,,,,,,0.0386429,,
0.870841,,,,0.142551,,,,,,,,,,
0.87122,,,,,,,,,0.0894291,,,,,
0.871624,,,,,,,0.111688,,,,,,,
0.871946,,,,,,,,0.0962521,,,,,,
0.87232,,,,,,,,,,0.0833972,,,,
0.873432,,,,,0.135002,,,,,,,,,
0.873802,,,,,,0.121058,,,,,,,,
0.873919,,,,,0.12782,,,,,,,,,
0.880099,,,,,0.130408,,,,,,,,,
0.88069,,,,,,,,,,,0.0590347,,,
0.880843,,,,,0.12504,,,,,,,,,
0.881714,,,,,,,,,,,,0.004,,
0.883048,,,,,,0.12427,,,,,,,,
0.885385,,,,0.138851,,,,,,,,,,
0.886078,,,,,,,,0.105261,,,,,,
0.886081,,,,,,,,0.102776,,,,,,
0.886473,,,,,,,,,,,0.0578909,,,
0.887,,,,,,,,,0.0858351,,,,,
0.88963,,,,0.143518,,,,,,,,,,
0.893633,,,,,,,,0.0967329,,,,,,
0.893965,,,,,,,,,,,,0.00532058,,
0.894054,,,,,,,,,,0.0772989,,,,
0.894733,,,,,0.125533,,,,,,,,,
0.895528,,,,,,0.122269,,,,,,,,
0.896988,,,,,,,,0.10101,,,,,,
0.897893,,,,,,,,,0.0907767,,,,,
0.898044,0.20395,,,,,,,,,,,,,
0.899012,,,,,,,,,,0.0792486,,,,
0.900275,,,0.153732,,,,,,,,,,,
0.903451,,,,,,0.1199,,,,,,,,
0.90487,,,,,,,,,,,0.0702723,,,
0.90525,,,,,,,,,,,0.0661944,,,
0.905662,,,,,,,,,0.0917064,,,,,
0.907249,,,,,,,,,,0.0742203,,,,
0.9116,,0.165171,,,,,,,,,,,,
0.915764,,,,,0.125918,,,,,,,,,
0.915894,,,0.160413,,,,,,,,,,,
0.916255,0.219241,,,,,,,,,,,,,
0.917022,0.18792,,,,,,,,,,,,,
0.919307,,,,,,,,0.105177,,,,,,
0.919577,,0.171871,,,,,,,,,,,,
0.92025,,,,,,,0.113565,,,,,,,
0.925185,,,,,,,,,,,,0.0180245,,
0.926648,,,,,,,,,0.0881142,,,,,
0.927557,,,0.149975,,,,,,,,,,,
0.928392,,,0.159855,,,,,,,,,,,
0.935568,,,,,,,,0.0990715,,,,,,
0.935776,0.209628,,,,,,,,,,,,,
0.9363,,,,,0.13021,,,,,,,,,
0.938403,,,,,,,,,,0.0783624,,,,
0.938722,,,,,,,,,,,0.0648363,,,
0.943125,,,,,,,,,,,0.0718765,,,
0.943587,0.189399,,,,,,,,,,,,,
0.944502,,,,0.149494,,,,,,,,,,
0.94594,,,,,,,0.114857,,,,,,,
0.946271,,,,,,,,,,,,0.0166731,,
0.946303,,0.17332,,,,,,,,,,,,
0.947613,,,,,,,,,0.0878292,,,,,
0.948828,,,,,,0.123153,,,,,,,,
0.949049,,,,,,,0.112519,,,,,,,
0.950355,,,,0.145859,,,,,,,,,,
0.953993,,,,0.140283,,,,,,,,,,
0.954166,,,,,,,,,0.0941084,,,,,
0.955971,,,,0.146782,,,,,,,,,,
0.955979,,,,,,,,,,0.0805849,,,,
0.956194,,,,,0.128822,,,,,,,,,
0.956383,,,,,,,,,,,0.0540807,,,
0.957717,,,,,,,0.110249,,,,,,,
0.959633,,0.171622,,,,,,,,,,,,
0.959869,,,,,,,,,,,0.0526321,,,
0.961441,,,,,,,0.113101,,,,,,,
0.962803,,,,,,,,,,,,0.0500753,,
0.964963,,,0.15044,,,,,,,,,,,
0.966242,,,,,0.128267,,,,,,,,,
0.967045,,,,,,,0.109293,,,,,,,
0.967435,,,,,,,,,0.0878874,,,,,
0.969743,,,0.159337,,,,,,,,,,,
0.972228,,,,,,,,,,,0.0536739,,,
0.973648,,,,,,,,,,0.0829624,,,,
0.975599,,,,0.145081,,,,,,,,,,
0.976067,,,,,,,0.111185,,,,,,,
0.976441,,,0.154098,,,,,,,,,,,
0.977027,,,,,,,,0.100899,,,,,,
0.979824,0.250468,,,,,,,,,,,,,
0.98108,,,,,,,,,,,0.056146,,,
0.981824,,,,,,,,,,0.0741106,,,,
0.98281,,,,,0.135724,,,,,,,,,
0.984098,,,,,,,,,,,0.0567862,,,
0.984444,,,,0.147889,,,,,,,,,,
0.984962,,,,,0.125833,,,,,,,,,
0.986861,,,,,,,0.111536,,,,,,,
0.987933,,,0.16018,,,,,,,,,,,
0.991077,,,,,,,,,,0.0735373,,,,
0.991292,,,,,,0.118805,,,,,,,,
0.992027,,,,,,,,,0.0877935,,,,,
0.994163,,,,,,,,0.105342,,,,,,
0.995024,,,,,,,,,,,,0.0397294,,
0.995955,,0.172036,,,,,,,,,,,,
0.996892,,,,,,,0.107073,,,,,,,
0.999429,,,,,,,,,,0.0753099,,,,
1.00147,,,,,,,,,0.0944264,,,,,
1.0025,,,,,,,,,,,0.0695953,,,
1.00421,,,,,,0.119704,,,,,,,,
1.01037,,,,,,,,,,0.0789754,,,,
1.0129,,,,,,0.116577,,,,,,,,
1.01479,,,,,,,,,0.0885811,,,,,
1.01798,,,,,,,,0.101078,,,,,,
1.01807,,,,,,,,0.10186,,,,,,
1.01888,,,,,,,0.110721,,,,,,,
1.01912,,,,,,0.115833,,,,,,,,
1.02017,,,,,,,,,,0.0757036,,,,
1.0204,0.185212,,,,,,,,,,,,,
1.0213,,,,,,,,,,0.072899,,,,
1.02169,,,,,,,,,,0.080151,,,,
1.02256,,,,,,0.119633,,,,,,,,
1.02272,,,,,,,,,0.0852478,,,,,
1.02304,,,,,,0.122624,,,,,,,,
1.02325,,,,,,,0.10794,,,,,,,
1.02341,0.188828,,,,,,,,,,,,,
1.02438,0.188795,,,,,,,,,,,,,
1.0248,,,,,,,0.11439,,,,,,,
1.02847,,,,,,,,,0.0943428,,,,,
1.03117,,,,,,,0.112694,,,,,,,
1.03133,,,,,,,,,,0.0725835,,,,
1.03154,,,,,0.127002,,,,,,,,,
1.03206,,,,,,,,,0.089152,,,,,
1.03282,,,,,,,,,,,,0.0486626,,
1.03428,,,,,,,,,0.0937108,,,,,
1.03461,,,,,,,,,,,0.058686,,,
1.03463,,,,,0.135091,,,,,,,,,
1.03556,,,,,,,,,,,0.0610768,,,
1.0359,,,,,,,,,,,0.05425,,,
1.037,,,,,,,0.115109,,,,,,,
1.03767,,,,,,,,,,,0.0526624,,,
1.03883,,,,,,,,,0.0864643,,,,,
1.0416,,,,,,,,,,0.0758862,,,,
1.04305,,,,,,0.123203,,,,,,,,
1.04321,,,,,,,,,,0.0821314,,,,
1.04341,,,,,,0.121551,,,,,,,,
1.0437,,,,,,,,,,,,0.0364215,,
1.04417,,,,,,0.116177,,,,,,,,
1.04793,,0.167988,,,,,,,,,,,,
1.05001,,,,,,,,,0.084726,,,,,
1.05119,,,,,,,,,,,0.0669925,,,
1.05125,,,,,,0.120733,,,,,,,,
1.05336,,,,,,,,0.0974866,,,,,,
1.05424,,,,,,,,,0.0900197,,,,,
1.05548,,,,,,,,0.100053,,,,,,
1.05568,,,,,,,,,0.0951433,,,,,
1.05671,,,,0.143168,,,,,,,,,,
1.05888,,,0.159507,,,,,,,,,,,
1.05911,,,,,,,,,,0.0780402,,,,
1.06052,,0.165773,,,,,,,,,,,,
1.06072,,,,,0.130422,,,,,,,,,
1.06129,,,0.150884,,,,,,,,,,,
1.0628,,,,,,,,0.10186,,,,,,
1.06291,,0.181743,,,,,,,,,,,,
1.06438,,,,,,,,,,,,0.004,,
1.0656,,,,,,,,,,,,0.04201,,
1.06587,,,,,,,,,,,,0.004,,
1.0667,,,,,,,,,,,0.0612662,,,
1.06746,,,,,,0.122848,,,,,,,,
1.06826,,0.183212,,,,,,,,,,,,
1.06905,,,,,,,,,0.0897103,,,,,
1.0711,,,,,,0.123294,,,,,,,,
1.07162,,,,,,,0.111051,,,,,,,
1.07251,,,,,,,0.107234,,,,,,,
1.07456,,,,,,0.122004,,,,,,,,
1.07709,,,,,,,0.113329,,,,,,,
1.07809,,,,,,0.117065,,,,,,,,
1.07903,,,,,,,,0.101842,,,,,,
1.08192,,,,0.139416,,,,,,,,,,
1.0822,,,,,0.134355,,,,,,,,,
1.08296,,,,,,,,,,0.0758478,,,,
1.08357,,,,,,,0.110758,,,,,,,
1.08368,,,,,0.137155,,,,,,,,,
1.08378,,,,0.143328,,,,,,,,,,
1.08743,,,,,,,,,,,0.0671664,,,
1.08771,,,,,,,,0.101495,,,,,,
1.08773,,0.178563,,,,,,,,,,,,
1.08848,,,,,,,0.113495,,,,,,,
1.08941,,0.16695,,,,,,,,,,,,
1.09072,,,,,,,,,0.0898149,,,,,
1.09146,,,,,,0.124464,,,,,,,,
1.09228,,,,,,,,,,,0.0678226,,,
1.09896,,,,,,,0.112183,,,,,,,
1.099,,,,,,,,,,0.0775577,,,,
1.09962,,,,,,,,,,,0.0518564,,,
1.10061,,,,,,0.118469,,,,,,,,
1.10109,,,,,,0.118077,,,,,,,,
1.10186,,,,,,,,,,,0.0671845,,,
1.10202,,,,,,,0.112128,,,,,,,
1.10227,,,,,,,,,,,0.0686336,,,
1.10398,,,,,,,,,,,,0.0425734,,
1.10531,,,,,,,,,,,,0.0467526,,
1.10568,,,,,,,,,,0.0782907,,,,
1.10607,,,,,,,,,0.094244,,,,,
1.10809,,,,,,,0.105693,,,,,,,
1.10835,,,,,,,,,,,,0.0434683,,
1.10853,,,0.157991,,,,,,,,,,,
1.10921,,,,0.142357,,,,,,,,,,
1.11119,,,,,,,,,0.0896561,,,,,
1.11184,,,,,,,0.113854,,,,,,,
1.11234,,,0.153895,,,,,,,,,,,
1.11316,,,,,,0.121649,,,,,,,,
1.11391,,,,,,,0.115145,,,,,,,
1.11475,,,0.149657,,,,,,,,,,,
1.11573,,0.170929,,,,,,,,,,,,
1.11641,,,,,,,,,,,,0.0357247,,
1.11643,,,,,,,,,0.0923884,,,,,
1.11979,,,0.160935,,,,,,,,,,,
1.12065,,,0.159796,,,,,,,,,,,
1.12255,,,,,,,,,,,0.0528005,,,
1.12279,,,,0.1377,,,,,,,,,,
1.12386,,,,,,,,,,,0.0556015,,,
1.12563,,,,,,,,,0.0880208,,,,,
1.12572,,,,0.141386,,,,,,,,,,
1.12767,,,,,,,,,0.0862476,,,,,
1.12861,0.185933,,,,,,,,,,,,,
1.13012,,,,,,,,0.103388,,,,,,
1.13053,,,,,,,,,,,,0.0493701,,
1.13145,,,,,,,0.11551,,,,,,,
1.13214,,,,,0.126019,,,,,,,,,
1.13366,,,,,,,,,,,,0.0110598,,
1.13393,,,,,,,,,0.0936397,,,,,
1.13909,,0.173824,,,,,,,,,,,,
1.14179,,,,,,,0.110089,,,,,,,
1.14572,,,,0.143783,,,,,,,,,,
1.14606,,,,,,0.121191,,,,,,,,
1.14809,,,,,,0.123501,,,,,,,,
1.14911,,,,,,0.119966,,,,,,,,
1.14963,,,,,,,,,0.089582,,,,,
1.15359,,,,,,,,,0.0872662,,,,,
1.1547,,,,,,,,,0.0947728,,,,,
1.15491,,,,,,,,0.105301,,,,,,
1.15651,,0.163469,,,,,,,,,,,,
1.15682,,,,,,,0.105758,,,,,,,
1.15802,,,,,0.125748,,,,,,,,,
1.15869,,,,,,,,,0.0916443,,,,,
1.16012,,,,,,,0.11537,,,,,,,
1.16312,,,0.161322,,,,,,,,,,,
1.16391,0.236723,,,,,,,,,,,,,
1.165,,,,,,,0.111149,,,,,,,
1.16537,,,,,0.131281,,,,,,,,,
1.16772,,,,,,,,,,0.0805965,,,,
1.17012,,,,0.143474,,,,,,,,,,
1.17216,,,,,,,,,,0.0792246,,,,
1.17363,,,0.150053,,,,,,,,,,,
1.17449,,,,0.138959,,,,,,,,,,
1.17586,,,,0.144639,,,,,,,,,,
1.17589,,,,,,,,,,0.0771873,,,,
1.17668,,,,,,,,,,0.0729746,,,,
1.18031,,,,,,,,,,0.0735636,,,,
1.18209,,,,,,,,0.105291,,,,,,
1.18238,,,,,,,,0.104099,,,,,,
1.18245,,,,,,,,0.0990653,,,,,,
1.18296,,,,,,,,,,,0.0704339,,,
1.18548,,,,,,,,0.097154,,,,,,
1.18562,,,,,,,,,,,0.0634963,,,
1.18585,,,,,,,,,,0.0733776,,,,
1.18682,,,0.149742,,,,,,,,,,,
1.18693,,,,,,,,0.103582,,,,,,
1.18838,,,,,,0.123646,,,,,,,,
1.18855,,,,,,,,0.104478,,,,,,
1.191,,,,,,0.118572,,,,,,,,
1.1924,,,,0.140587,,,,,,,,,,
1.19292,,,,,,,,0.105037,,,,,,
1.19324,0.187013,,,,,,,,,,,,,
1.19409,0.19637,,,,,,,,,,,,,
1.19599,,,,,,,,0.103409,,,,,,
1.19722,,,0.15539,,,,,,,,,,,
1.20012,,,,,,,,,,,0.0570622,,,
1.20078,,,,0.14469,,,,,,,,,,
1.2016,,,,,,,,,0.0957928,,,,,
1.20225,,,0.162626,,,,,,,,,,,
1.2026,0.196363,,,,,,,,,,,,,
1.20344,,,,,,,,,,0.0760022,,,,
1.20456,,,,,,,0.114635,,,,,,,
1.20558,0.206336,,,,,,,,,,,,,
1.20583,,,,,,0.124706,,,,,,,,
1.2063,,,,0.145535,,,,,,,,,,
1.20636,,,,,,,,,,0.0795429,,,,
1.20765,,0.181094,,,,,,,,,,,,
1.21104,,,,,,,,,0.0862453,,,,,
1.21296,,,,,,,,,,,,0.0296958,,
1.21321,,,,0.143671,,,,,,,,,,
1.21449,,,,,,,,,,,,0.0391798,,
1.21645,,,,,0.134486,,,,,,,,,
1.21661,0.186957,,,,,,,,,,,,,
1.21864,,,,,,,,,,,0.0686571,,,
1.22051,,,,0.146733,,,,,,,,,,
1.22226,,,0.150409,,,,,,,,,,,
1.22575,,,,,,0.116507,,,,,,,,
1.22648,,,,,,,0.114499,,,,,,,
1.22951,,,,,,0.123183,,,,,,,,
1.22964,,,,,,,,,,0.0732628,,,,
1.23053,,,0.151142,,,,,,,,,,,
1.23056,,,,,,,,,,,0.0568056,,,
1.23064,0.21424,,,,,,,,,,,,,
1.23108,,,,0.143842,,,,,,,,,,
1.23331,,,,,,,,,,,,0.004,,
1.23496,0.199264,,,,,,,,,,,,,
1.23557,,,0.150521,,,,,,,,,,,
1.23687,,,,,,0.121902,,,,,,,,
1.2372,,,,,,,,,0.0856331,,,,,
1.23955,0.18901,,,,,,,,,,,,,
1.24097,,,,,,,,0.101594,,,,,,
1.24116,,,,,,,,,,,,0.0455501,,
1.24634,,,,,,,,,,,,0.021307,,
1.24806,,,,,,,,,,0.0765218,,,,
1.24921,,,,,,,,,,,0.0522342,,,
1.25061,,,,,0.12505,,,,,,,,,
1.25215,,,,,,,,,,,,0.0281861,,
1.25408,,,,,0.12858,,,,,,,,,
1.25484,,,,,,,,,,,,0.0234629,,
1.25529,,0.173632,,,,,,,,,,,,
1.25592,,,,,,,,,,,0.057772,,,
1.25618,,,,,0.125941,,,,,,,,,
1.25816,,,,,,,,,,0.0791227,,,,
1.26017,,,0.157775,,,,,,,,,,,
1.26108,,,,,,,0.113977,,,,,,,
1.26121,,0.174313,,,,,,,,,,,,
1.26342,,,,,0.133639,,,,,,,,,
1.26447,0.217379,,,,,,,,,,,,,
1.26557,,,,,,,,,,,0.0692536,,,
1.26613,,,,,,,,0.100441,,,,,,
1.26652,0.191247,,,,,,,,,,,,,
1.26693,,,,0.142368,,,,,,,,,,
1.26835,,,,,,,,,,0.0798473,,,,
1.26921,,,,,,,,0.101221,,,,,,
1.26955,,,,,,,,,0.0937789,,,,,
1.27315,,,,,,,0.112479,,,,,,,
1.27599,,,,,,0.11813,,,,,,,,
1.2779,,,,0.147638,,,,,,,,,,
1.28191,,,,,,,,,,,0.0644587,,,
1.28211,,,,,,,,,,0.0735996,,,,
1.28271,0.234221,,,,,,,,,,,,,
1.28288,,,,,,,,,0.085049,,,,,
1.28297,,,,,,,,0.103848,,,,,,
1.28376,,,,0.141534,,,,,,,,,,
1.28432,,,,,,,,,,,,0.0265497,,
1.28528,,,,,,,,,,,,0.004,,
1.28777,,,,,,,,,0.088525,,,,,
1.28802,,,,,,0.115707,,,,,,,,
1.28873,0.187593,,,,,,,,,,,,,
1.29043,,,,,,,,,0.0928919,,,,,
1.29151,,,,,,,,,,0.0744894,,,,
1.29252,,,,,,0.123039,,,,,,,,
1.29432,,,,0.137567,,,,,,,,,,
1.29526,,,,,,,,,0.0904557,,,,,
1.29546,,,,,0.128794,,,,,,,,,
1.29601,,,,,,0.120408,,,,,,,,
1.2982,,,,,,,,,0.0952328,,,,,
1.30079,,,,,,,,,,0.0831226,,,,
1.30177,,,,,,,,,0.091783,,,,,
1.30319,,,,,,0.11685,,,,,,,,
1.3049,,,,0.142382,,,,,,,,,,
1.30535,,,,,0.134284,,,,,,,,,
1.30616,,,,,,,,,,0.0844595,,,,
1.30844,,,,,,,,0.104943,,,,,,
1.31032,,0.169359,,,,,,,,,,,,
1.31041,,,,,,,0.112151,,,,,,,
1.31073,,,,,,,,,,0.0841858,,,,
1.31351,,,,,0.134781,,,,,,,,,
1.31562,,,,,,0.123356,,,,,,,,
1.31573,,,,,,0.116041,,,,,,,,
1.31648,,,,,,,,,,0.0731588,,,,
1.3176,,,,,0.136728,,,,,,,,,
1.31812,,,,,,,,,,,0.0706708,,,
1.31838,,,,,0.126057,,,,,,,,,
1.32108,,,,,,,,,,0.0807289,,,,
1.32141,,,,,0.12709,,,,,,,,,
1.32449,0.197449,,,,,,,,,,,,,
1.32544,0.183884,,,,,,,,,,,,,
1.32591,,,,,,,,0.105451,,,,,,
1.33026,0.188398,,,,,,,,,,,,,
1.33031,,,,,,,0.112988,,,,,,,
1.33166,,,,,,,,,,0.0734743,,,,
1.3344,,,,,,,,,,,,0.0219786,,
1.33771,,,,,0.128903,,,,,,,,,
1.33817,,,,,,,0.113649,,,,,,,
1.33913,,,,,,,,0.100709,,,,,,
1.33924,,,,,,,,,,,0.0634838,,,
1.33964,,,,,,,,,,,0.0676588,,,
1.34129,,0.172041,,,,,,,,,,,,
1.34142,,,,,,,,,0.0943045,,,,,
1.34591,,,,,,,,0.100423,,,,,,
1.34598,,,0.152296,,,,,,,,,,,
1.34611,,,,,,0.122642,,,,,,,,
1.34649,,,0.154769,,,,,,,,,,,
1.34727,,,,,,,,,,,,0.0451806,,
1.35,,,,,,,,,,,0.0556482,,,
1.3511,0.186262,,,,,,,,,,,,,
1.35425,,,,,,,,,,0.0750181,,,,
1.35518,,,,,,,,0.103291,,,,,,
1.3591,,,,,,,,0.0990637,,,,,,
1.36515,,,,0.143171,,,,,,,,,,
1.36567,,,,,,,,,,0.0727261,,,,
1.36583,,,,,,,,0.102834,,,,,,
1.36604,,,,,,,,0.100408,,,,,,
1.36605,,,,,,,,,0.0937367,,,,,
1.36642,,,,,,,,,,0.077833,,,,
1.36738,,,,,,0.11682,,,,,,,,
1.36821,,,0.153252,,,,,,,,,,,
1.36992,,,,,,,,,0.0861426,,,,,
1.37042,,,0.157578,,,,,,,,,,,
1.37073,,,,,,,,0.102542,,,,,,
1.371,,,,,,,,,,,,0.00698252,,
1.37165,,,,,,,,,,,0.0720139,,,
1.37213,0.18807,,,,,,,,,,,,,
1.37379,,,,,,,,,,,0.0518819,,,
1.37557,,,,,,,,,,,,0.0457514,,
1.37582,,,,,,,0.11133,,,,,,,
1.37704,,,,,,,,,,0.0763774,,,,
1.37952,,,0.154516,,,,,,,,,,,
1.38085,,,,,,,,,0.0935951,,,,,
1.38428,,,,,,,,,,,,0.0245932,,
1.38487,,,,,0.125901,,,,,,,,,
1.38498,,,,,,,,0.100994,,,,,,
1.38513,,,,,,,0.107419,,,,,,,
1.38573,,,,,0.13342,,,,,,,,,
1.38598,,,,0.142371,,,,,,,,,,
1.38999,,,,,,,,,,,0.0605584,,,
1.39454,,,,,,,,,,,0.0668243,,,
1.39477,,,,,,,,0.0964501,,,,,,
1.39592,,,,,,,,,0.0955941,,,,,
1.3961,,,,,,0.118243,,,,,,,,
1.39692,,,,,,,,,0.0857666,,,,,
1.39752,,,,,,,0.110803,,,,,,,
1.4013,,,,,,0.123386,,,,,,,,
1.40257,,,,,,0.115533,,,,,,,,
1.40478,,,0.151931,,,,,,,,,,,
1.40635,,,,0.140688,,,,,,,,,,
1.40747,,,,,,0.119364,,,,,,,,
1.40833,,,,,,,,,0.0867369,,,,,
1.40847,,,,,,,,,,,0.0569393,,,
1.41014,,,,,,,0.112288,,,,,,,
1.41299,,,,0.147876,,,,,,,,,,
1.41322,,,,,,0.116455,,,,,,,,
1.41848,,,,0.145068,,,,,,,,,,
1.42333,,,,,,,0.109704,,,,,,,
1.42432,,,,,,,0.110548,,,,,,,
1.42599,0.24672,,,,,,,,,,,,,
1.42699,,0.170234,,,,,,,,,,,,
1.42822,,,,,,0.116354,,,,,,,,
1.43057,,,,,,,,,0.0901164,,,,,
1.43119,,,,,,,,,,,,0.0470871,,
1.43378,,,,,,,,,,,,0.004,,
1.4353,,,,,,,,0.101136,,,,,,
1.43602,,,,,,,0.106809,,,,,,,
1.44171,,,,,,0.116703,,,,,,,,
1.4424,,,,,,,,,,,,0.0405062,,
1.44244,,,,,,,0.113793,,,,,,,
1.4438,,,,,,,0.108526,,,,,,,
1.44501,,,,,,,0.106293,,,,,,,
1.4457,,,,,,,,,0.0918076,,,,,
1.44644,,,,,,,,0.0985042,,,,,,
1.44649,,,,,,,,,,0.074732,,,,
1.44757,,,,,,0.119825,,,,,,,,
1.44765,,,,,,,,0.100504,,,,,,
1.45147,,,,,,,,0.0993405,,,,,,
1.45228,,,0.152001,,,,,,,,,,,
1.45457,,0.175958,,,,,,,,,,,,
1.45526,,,,,,,,,,,0.0698983,,,
1.45802,,,,,0.132261,,,,,,,,,
1.45892,,,,0.140578,,,,,,,,,,
1.45904,,0.171379,,,,,,,,,,,,
1.46048,,,,,,,,,,0.0790479,,,,
1.46446,,,,,,,,,,,,0.0129564,,
1.46482,,,,,,0.117585,,,,,,,,
1.47144,,,,,,,,,,,,0.03226,,
1.47191,,,,,,,,0.096322,,,,,,
1.47346,,,,0.144237,,,,,,,,,,
1.47504,,0.175634,,,,,,,,,,,,
1.47775,,,,,,,,,,,,0.0397853,,
1.47824,,,,,,,,,,,,0.0341301,,
1.48008,,,0.15987,,,,,,,,,,,
1.483,,,,,,,,,,,0.0573187,,,
1.48414,,,,,,,,,,0.0824907,,,,
1.48434,,,,,,,,0.10339,,,,,,
1.48517,,,,,,,,,0.086289,,,,,
1.48587,,,,0.1403,,,,,,,,,,
1.48806,,,,,0.13603,,,,,,,,,
1.4889,,,,,0.132137,,,,,,,,,
1.48969,,,,,,,,,0.093819,,,,,
1.49029,,,,,,,,,,,,0.0360855,,
1.49161,,,,,,,,,0.093188,,,,,
1.49266,,0.180104,,,,,,,,,,,,
1.49406,,,,,,,,,,,,0.0404711,,
1.49433,,,,,,,,,0.0877475,,,,,
1.49635,,,,,,,,,,,0.0625868,,,
1.49906,,,,,,,,,,,,0.0375911,,
1.50063,,0.173883,,,,,,,,,,,,
1.50228,,,,,,,,,,,,0.004,,
1.50287,,,,,,,,,,0.0749121,,,,
1.50389,,,,,,,,,,,,0.0365885,,
1.5062,,,,,0.125882,,,,,,,,,
1.5064,,,,,,0.122615,,,,,,,,
1.50704,,0.165379,,,,,,,,,,,,
1.50809,,,0.158172,,,,,,,,,,,
1.50928,,,,,0.130702,,,,,,,,,
1.50932,,,,,,,,,0.0921591,,,,,
1.51036,,,,,,,,,,,,0.0500414,,
1.51281,,0.179251,,,,,,,,,,,,
1.51367,,,0.1607,,,,,,,,,,,
1.51437,,,,,0.135068,,,,,,,,,
1.51474,,,,,,,,,0.0916628,,,,,
1.51534,,,,,,,,,,,,0.0259805,,
1.51657,,,,,,,,,,,0.070056,,,
1.51715,,,,,,,0.114175,,,,,,,
1.5175,,,,,,0.122429,,,,,,,,
1.51797,,,,,0.134735,,,,,,,,,
1.51816,,,0.157968,,,,,,,,,,,
1.51838,,,,,,,,,0.0914532,,,,,
1.52072,,,,,,,,,,,,0.0123164,,
1.52757,,,,,,,,,0.0924635,,,,,
1.5279,,,0.159505,,,,,,,,,,,
1.52957,,,,,0.137496,,,,,,,,,
1.52997,,,,,0.134479,,,,,,,,,
1.53011,,0.177392,,,,,,,,,,,,
1.53386,,0.176663,,,,,,,,,,,,
1.53741,,,,,,,,0.0995092,,,,,,
1.53903,,,,0.141,,,,,,,,,,
1.53998,,,,,,,,0.103553,,,,,,
1.54434,,,,,,,0.113504,,,,,,,
1.54476,,,,,,,,,,0.081247,,,,
1.54516,,,,,,,,,0.0853262,,,,,
1.54614,,,,,0.131068,,,,,,,,,
1.55058,,,,,,,0.110637,,,,,,,
1.55089,,,,,,,,,,,,0.0397453,,
1.5517,,,,0.143042,,,,,,,,,,
1.55356,,,,,,,,,,,,0.0371984,,
1.55472,,,,,,,,,,0.081617,,,,
1.55655,,,,,,,,,0.088514,,,,,
1.56808,,,,,,,,,,,0.0641796,,,
1.57272,,,,,0.127245,,,,,,,,,
1.57389,,,,,,,,,,,,0.0464542,,
1.57717,,,,,,,,,,0.081566,,,,
1.5774,,,,,0.134771,,,,,,,,,
1.57845,,,,,,,,0.103261,,,,,,
1.58043,,,,,,,,,,,,0.0383673,,
1.58496,,,,,,,,,0.0922645,,,,,
1.58655,,,,,,,0.113597,,,,,,,
1.58898,,,,0.138194,,,,,,,,,,
1.59143,,,,0.139462,,,,,,,,,,
1.59516,,,,0.146542,,,,,,,,,,
1.59584,0.216989,,,,,,,,,,,,,
1.59629,,,,,,,,,,0.0805076,,,,
1.60183,,,,,,,,0.101806,,,,,,
1.60199,,,,,,,,,,0.0826774,,,,
1.60238,,,,,,,,,0.0917372,,,,,
1.60429,,,0.157525,,,,,,,,,,,
1.60494,,,,,,,,,0.0926929,,,,,
1.60549,,,,,,,,0.0975459,,,,,,
1.60597,,,,,,,,,,0.0721946,,,,
1.60978,,,0.150998,,,,,,,,,,,
1.61128,,,,0.141495,,,,,,,,,,
1.61222,,,,,,,,,,,0.0584754,,,
1.61227,,0.166567,,,,,,,,,,,,
1.61599,,,0.153663,,,,,,,,,,,
1.61671,,,,,,0.117715,,,,,,,,
1.61744,,,,,,0.12164,,,,,,,,
1.61808,,,,,,,,0.0990529,,,,,,
1.62342,,,,,,,0.107527,,,,,,,
1.62399,,,,,,,,,,,,0.004,,
1.62706,,,,,,,,,0.0846012,,,,,
1.62761,,,0.152066,,,,,,,,,,,
1.6285,,,,,0.129601,,,,,,,,,
1.62932,,,0.156518,,,,,,,,,,,
1.63558,,,,0.146146,,,,,,,,,,
1.63802,,,,,,0.117927,,,,,,,,
1.63874,,,,,,0.122075,,,,,,,,
1.64502,,,0.149525,,,,,,,,,,,
1.64533,,,,0.1411,,,,,,,,,,
1.64562,,,,0.145591,,,,,,,,,,
1.64778,,0.16644,,,,,,,,,,,,
1.6491,,,,,,0.124331,,,,,,,,
1.65065,,,,0.139376,,,,,,,,,,
1.65092,,,,,,,0.109728,,,,,,,
1.65115,,,0.150871,,,,,,,,,,,
1.65145,,,,,,,0.114446,,,,,,,
1.65205,,,,,,,,,0.0896812,,,,,
1.65335,,,,,,,,,,0.079582,,,,
1.65519,,,,,,,,0.0994906,,,,,,
1.65611,,,,,,,,,,0.079805,,,,
1.65625,,0.163641,,,,,,,,,,,,
1.65646,,,,,,,,,0.0867486,,,,,
1.66549,,,,,,,,,,0.0842846,,,,
1.66551,,,,0.138844,,,,,,,,,,
1.66561,,,,,,,,,,,,0.0319989,,
1.66597,,0.179688,,,,,,,,,,,,
1.66639,,,0.149635,,,,,,,,,,,
1.6685,,,0.149786,,,,,,,,,,,
1.67225,,,,,,,,,,,,0.0451615,,
1.67392,,,,,,,,,,,0.0661596,,,
1.67398,,,,,,,,,,,,0.0387478,,
1.67416,,,,,,,,,,0.0786007,,,,
1.67669,,,,,,,,,,,,0.0370963,,
1.67816,,,,,,,0.113657,,,,,,,
1.67877,,,,,0.131075,,,,,,,,,
1.68262,,,,,,,,,,,,0.0133679,,
1.68306,,,,,,,,0.0995466,,,,,,
1.68502,,,,,,,,,,,0.0643918,,,
1.68602,,,,,,,,,0.0893536,,,,,
1.68695,,,,,,,0.106531,,,,,,,
1.6882,,,,,,0.117638,,,,,,,,
1.689,,,,,,0.119556,,,,,,,,
1.69049,,,,,,0.120267,,,,,,,,
1.6906,0.183808,,,,,,,,,,,,,
1.69081,0.188874,,,,,,,,,,,,,
1.69214,,,,,,,,,,0.0750394,,,,
1.69422,0.198675,,,,,,,,,,,,,
1.69684,,,,,,,0.11128,,,,,,,
1.69921,,0.181406,,,,,,,,,,,,
1.70298,,,,,,,,,0.0878734,,,,,
1.70543,,,,,,,,,,0.0796867,,,,
1.70573,,,,,,,,,,,,0.0414669,,
1.70712,,,,0.139813,,,,,,,,,,
1.70861,,,,,,,,,,,0.067785,,,
1.70926,,,,,,,,0.105081,,,,,,
1.71025,,,0.15555,,,,,,,,,,,
1.7151,,0.166921,,,,,,,,,,,,
1.71695,,0.175113,,,,,,,,,,,,
1.71707,,,,,0.127129,,,,,,,,,
1.72394,,,,,,,,,,0.0777394,,,,
1.72744,,,,,,,,,,,,0.0395185,,
1.73796,,0.177851,,,,,,,,,,,,
1.73859,,,,0.139954,,,,,,,,,,
1.73984,,,,,,,,,0.0940794,,,,,
1.74265,,,,,0.133196,,,,,,,,,
1.74553,,,,,,,,,0.0856366,,,,,
1.74714,,,,0.140219,,,,,,,,,,
1.7475,,,0.160436,,,,,,,,,,,
1.74897,,,,,0.134064,,,,,,,,,
1.75019,,,,0.137897,,,,,,,,,,
1.75139,,,,,,,,,,0.0837777,,,,
1.75158,0.215372,,,,,,,,,,,,,
1.75179,,,,,,0.115896,,,,,,,,
1.75485,,,,,,,,,,,0.0573864,,,
1.75548,,,,,,,0.110528,,,,,,,
1.75594,,,,,,,,,,,0.0651007,,,
1.75977,,,,,,,,0.0972438,,,,,,
1.76078,,,,,,,,,,,0.0720323,,,
1.76256,,,,,,,,,,0.077467,,,,
1.76592,,,,,,,,,0.0865079,,,,,
1.76652,0.219057,,,,,,,,,,,,,
1.76822,,,,,,,0.10824,,,,,,,
1.7684,,,,,,0.120838,,,,,,,,
1.77116,,,,,,,,0.0991591,,,,,,
1.77344,,,,0.140114,,,,,,,,,,
1.77471,,,,,0.135491,,,,,,,,,
1.77531,,,,,,,,,,,,0.0130121,,
1.77546,,,,,,,,0.105087,,,,,,
1.77599,,,,0.140618,,,,,,,,,,
1.77906,,,,,,,0.114495,,,,,,,
1.7802,,,,,,,,,0.090676,,,,,
1.78118,,,0.153775,,,,,,,,,,,
1.78235,,,,,,,,0.104184,,,,,,
1.78272,,,,,,0.119878,,,,,,,,
1.78281,,,,,,0.121456,,,,,,,,
1.78707,,,,,,,,,,,,0.0507403,,
1.78772,,,,0.142171,,,,,,,,,,
1.78845,,,,,,,,,,0.080297,,,,
1.79049,,,,,,,,0.0963889,,,,,,
1.79431,,,,0.141883,,,,,,,,,,
1.79626,,,,,0.126462,,,,,,,,,
1.79648,,,,,,,,,,,,0.004,,
1.79702,,,,,,,,,,,,0.0359328,,
1.80341,,,,0.138072,,,,,,,,,,
1.80399,,,,,,,,0.101621,,,,,,
1.8042,,,,,,,0.110632,,,,,,,
1.8065,,,,,,,,0.0985396,,,,,,
1.80661,,,,,,,,,,,,0.0340097,,
1.80703,,,,,,,,,0.0872824,,,,,
1.80774,,,,,,,,,,,0.0693625,,,
1.81009,,,,,0.128633,,,,,,,,,
1.81028,,,0.152311,,,,,,,,,,,
1.8104,,,,,,,,,,,0.0633122,,,
1.81061,,,,,,,,,,,,0.0467524,,
1.81067,,,,,,,,,,,,0.0140001,,
1.81187,,0.168585,,,,,,,,,,,,
1.81241,,,,,,,0.10801,,,,,,,
1.81508,,0.163975,,,,,,,,,,,,
1.81547,,,,0.145076,,,,,,,,,,
1.81729,,,,,,,,,0.0954915,,,,,
1.81951,,,,,,,,,,,,0.0264542,,
1.8216,,0.177661,,,,,,,,,,,,
1.82245,,,,,,,,,,,,0.0517656,,
1.82438,,,0.154869,,,,,,,,,,,
1.82463,,,,,,,,,,,0.0527388,,,
1.82538,,,,,,,,0.0963267,,,,,,
1.8296,0.197702,,,,,,,,,,,,,
1.83245,,,,,,,,,0.0948054,,,,,
1.83355,,,,0.144938,,,,,,,,,,
1.83366,,,,,,0.118867,,,,,,,,
1.83474,,,,,,0.123696,,,,,,,,
1.83582,,,,,,,,,,,0.0570519,,,
1.84026,,,,0.147297,,,,,,,,,,
1.84672,,,,,,,,0.0976057,,,,,,
1.8488,,,,,,,,,,,0.0599665,,,
1.85184,,,,,,0.124514,,,,,,,,
1.85348,,,,,,,,,,,,0.00608756,,
1.85788,,,,,,,,,,,,0.0467939,,
1.85911,,,,,,,0.108432,,,,,,,
1.86041,,,,,,,,,,0.075689,,,,
1.8654,,,,,0.128149,,,,,,,,,
1.86559,,,,,,0.122049,,,,,,,,
1.86749,,,,,0.13554,,,,,,,,,
1.86871,,,,,,,,,,,,0.0511494,,
1.86936,,,,,,,,,,0.0824817,,,,
1.87068,,,,,,0.118645,,,,,,,,
1.87077,,0.176211,,,,,,,,,,,,
1.87523,,,,,,,,,,,0.0645978,,,
1.87672,,,,,,,,,,,0.0682899,,,
1.87699,,,,,,,0.111865,,,,,,,
1.88117,,,,0.140264,,,,,,,,,,
1.88149,,,,,,0.121101,,,,,,,,
1.88153,,,,,,,,0.10379,,,,,,
1.88755,,,,,,0.121076,,,,,,,,
1.89043,,,,,,,,,,0.0750759,,,,
1.89063,,,,,,,,,,0.0742809,,,,
1.89174,,,,,,,,,0.0868517,,,,,
1.8969,,,,,0.13504,,,,,,,,,
1.89727,,,,,,,,,0.0905793,,,,,
1.89758,,,,,,,0.113967,,,,,,,
1.89785,,0.169143,,,,,,,,,,,,
1.90011,,,0.150567,,,,,,,,,,,
1.9032,,0.170393,,,,,,,,,,,,
1.90387,,,,,0.133252,,,,,,,,,
1.90435,0.19019,,,,,,,,,,,,,
1.90497,,0.16306,,,,,,,,,,,,
1.90728,,,,,,,,,,,,0.0511368,,
1.9082,,,,,,,0.106919,,,,,,,
1.90825,,,,,0.132188,,,,,,,,,
1.90869,,,,,,,,,,,0.0593306,,,
1.91142,,,0.161219,,,,,,,,,,,
1.9119,,,0.156472,,,,,,,,,,,
1.91271,,,,,,,,,,,,0.0439887,,
1.9157,,,0.153357,,,,,,,,,,,
1.91614,,,,,,0.124122,,,,,,,,
1.91694,,,0.153629,,,,,,,,,,,
1.91764,,,,,,0.123905,,,,,,,,
1.91842,,,,,,,,,,,0.0588811,,,
1.9197,,,,,,,,0.101648,,,,,,
1.92333,,,,,,,,,,,,0.0477399,,
1.92381,,,,,,,,,0.0957335,,,,,
1.92602,,,,,,0.11961,,,,,,,,
1.93247,,,,,,,,0.103929,,,,,,
1.93509,,,,0.140125,,,,,,,,,,
1.93715,,,,,,,,0.104643,,,,,,
1.93724,,,,,0.124969,,,,,,,,,
1.93917,,,,,,,,,0.0851668,,,,,
1.94503,,,,,,,,,0.0877728,,,,,
1.94695,,,,,,,,,,0.0828526,,,,
1.94706,,,,,,0.123845,,,,,,,,
1.95237,,,,,,,,,,,0.0547112,,,
1.9545,,0.164183,,,,,,,,,,,,
1.95654,,,,,,,,,,,,0.036326,,
1.9572,,,,,,,,,0.0950008,,,,,
1.95928,,,,,,,,,,,0.0568969,,,
1.9594,,,,,0.128731,,,,,,,,,
1.96163,,,,,,0.12,,,,,,,,
1.96829,,,0.162246,,,,,,,,,,,
1.97152,,,,,,,,,0.0930244,,,,,
1.97174,,,,,,,,,,,,0.0347077,,
1.97443,,,,,,,,,,0.0833188,,,,
1.97601,,,,0.139697,,,,,,,,,,
1.97652,,,,,,,,,,0.0781369,,,,
1.97755,,,,,,0.120469,,,,,,,,
1.97917,,,,,0.126713,,,,,,,,,
1.98007,,,,,,,,0.101338,,,,,,
1.98027,,,,0.143704,,,,,,,,,,
1.98107,,,,,0.125511,,,,,,,,,
1.98161,,0.169537,,,,,,,,,,,,
1.98371,,,,,,,,,,,0.0676165,,,
1.98408,,,,,,,,0.0998759,,,,,,
1.98437,,,,,0.130512,,,,,,,,,
1.98496,,,,,0.132712,,,,,,,,,
1.98522,,,,,,0.117549,,,,,,,,
1.98678,0.188572,,,,,,,,,,,,,
1.99044,,,,,,,,0.104172,,,,,,
1.99157,,,,0.14496,,,,,,,,,,
1.9951,,,,,,,,,,0.082982,,,,
2.00124,,,,,0.128613,,,,,,,,,
2.00441,,,,,,,0.111536,,,,,,,
2.00594,0.198482,,,,,,,,,,,,,
2.01053,,,0.158337,,,,,,,,,,,
2.01387,,0.172231,,,,,,,,,,,,
2.01797,,,,,0.137258,,,,,,,,,
2.01943,,,0.150687,,,,,,,,,,,
2.02022,,,,,,,,0.0989379,,,,,,
2.02049,0.185691,,,,,,,,,,,,,
2.02093,,,,,,0.123102,,,,,,,,
2.02294,,,0.162709,,,,,,,,,,,
2.02338,,,,,,,0.109843,,,,,,,
2.02846,,,,,,,0.114614,,,,,,,
2.03043,,,,,,,,,,,0.0645005,,,
2.03218,,,,,,0.123059,,,,,,,,
2.03369,,,,,,0.120646,,,,,,,,
2.03398,,,,,,,,0.103028,,,,,,
2.03399,,,0.161928,,,,,,,,,,,
2.034,,,,,,,,,,,,0.0118903,,
2.03656,,0.176883,,,,,,,,,,,,
2.03752,,,,0.146338,,,,,,,,,,
2.03858,,,,,,,,,,0.0838876,,,,
2.03868,,,,0.14179,,,,,,,,,,
2.04119,,,0.160207,,,,,,,,,,,
2.04332,,,,,0.128122,,,,,,,,,
2.04456,,,,,,,0.113462,,,,,,,
2.04473,,,,,,,,,,0.0758252,,,,
2.04584,,,,,,0.117088,,,,,,,,
2.05553,,,,,,,,,0.0904343,,,,,
2.05612,,,,0.146847,,,,,,,,,,
2.05678,,,,0.145092,,,,,,,,,,
2.05705,,,,,,,0.108911,,,,,,,
2.06109,,,,,,,,,0.0938902,,,,,
2.06517,,,,,,,,,0.09081,,,,,
2.0677,,,,,,,0.113568,,,,,,,
2.0726,,,,,,,0.110683,,,,,,,
2.07264,,,,,0.129371,,,,,,,,,
2.07384,,,,0.144677,,,,,,,,,,
2.07504,,,,,0.126232,,,,,,,,,
2.07889,,,,0.144315,,,,,,,,,,
2.0805,,,,,,,,,,0.0759159,,,,
2.08064,,,,,,,,,,,0.0651072,,,
2.08224,,,,,0.135003,,,,,,,,,
2.08328,,,,,,,,,,,,0.0414794,,
2.08499,,,,,,,,,0.0879908,,,,,
2.08614,,,,,,,,,,,,0.0473745,,
2.08627,,,0.154878,,,,,,,,,,,
2.09054,,,,,,0.121104,,,,,,,,
2.09084,,,,,,,,,,,,0.0380531,,
2.09088,,,,,,,,,0.0922298,,,,,
2.09312,,,,,,,0.114367,,,,,,,
2.09509,0.227989,,,,,,,,,,,,,
2.09761,,,,,,,,,,,0.0684901,,,
2.0978,,0.16557,,,,,,,,,,,,
2.09851,,,,,,,0.109161,,,,,,,
2.10022,,,,,,,0.112224,,,,,,,
2.1026,,0.167089,,,,,,,,,,,,
2.10269,,,,,,,,,0.0945315,,,,,
2.10295,0.193053,,,,,,,,,,,,,
2.10773,,,,,,0.124869,,,,,,,,
2.11284,,,,,,,,,,0.0811953,,,,
2.11559,,,,0.14444,,,,,,,,,,
2.11632,,,,0.145623,,,,,,,,,,
2.11843,,,,,,,,0.0998231,,,,,,
2.12132,,0.168971,,,,,,,,,,,,
2.12411,,,,,,,,0.104759,,,,,,
2.12569,,,,0.146987,,,,,,,,,,
2.1283,,,,,,,,,,0.0837809,,,,
2.1314,,,0.15369,,,,,,,,,,,
2.13247,,,0.158274,,,,,,,,,,,
2.13553,,,,0.139447,,,,,,,,,,
2.13672,,,,,0.135807,,,,,,,,,
2.14104,,,,,,,,,,,0.0697055,,,
2.14398,,,,,,0.117838,,,,,,,,
2.14431,,,,,,,,,,,,0.0505401,,
2.15034,,,,,,,,,0.0947392,,,,,
2.15174,,,,,,0.119248,,,,,,,,
2.15252,,,,,0.129928,,,,,,,,,
2.15424,,0.170807,,,,,,,,,,,,
2.15491,,,,,,,0.111202,,,,,,,
2.15491,,,0.158779,,,,,,,,,,,
2.15537,,,,,,,0.107658,,,,,,,
2.15783,,,,,0.128123,,,,,,,,,
2.16011,,,0.158587,,,,,,,,,,,
2.16015,,,,,,0.117078,,,,,,,,
2.16044,,,,,,,,,,0.0836204,,,,
2.16167,,,0.157638,,,,,,,,,,,
2.16211,,,0.157552,,,,,,,,,,,
2.16589,,,,,,0.12366,,,,,,,,
2.16816,,,,,,,,0.0963738,,,,,,
2.16997,,,,,,,,0.10409,,,,,,
2.17018,,,,,,0.117229,,,,,,,,
2.17355,,,0.15322,,,,,,,,,,,
2.17613,,,,0.137985,,,,,,,,,,
2.17619,,,,,0.13722,,,,,,,,,
2.1763,,,,,,,,,,0.0766014,,,,
2.17933,,,,,,,,,,0.077192,,,,
2.18066,,,,,0.131462,,,,,,,,,
2.18114,,,,,,,0.107083,,,,,,,
2.18457,,,,,,,,,,,,0.0467553,,
2.188,,,0.15469,,,,,,,,,,,
2.18892,0.210645,,,,,,,,,,,,,
2.19152,,0.174733,,,,,,,,,,,,
2.19628,,,,,,,0.109568,,,,,,,
2.19758,,,,,,0.119673,,,,,,,,
2.19842,,,,,,,,,0.0939141,,,,,
2.19948,,,,,,,,0.0990002,,,,,,
2.2011,,,,,,,0.1074,,,,,,,
2.20209,,,,0.139429,,,,,,,,,,
2.20375,,,,,,,,,,0.0752079,,,,
2.20654,,,,,,,0.10703,,,,,,,
2.21252,0.205526,,,,,,,,,,,,,
2.21496,,,,,,,,,,,0.0637748,,,
2.21563,,,,,,,,,,0.0805203,,,,
2.21621,,,,,,,,,0.0851285,,,,,
2.21686,,,,,,,,0.0992498,,,,,,
2.21882,,,,0.139791,,,,,,,,,,
2.2194,,,,0.137612,,,,,,,,,,
2.2212,0.190067,,,,,,,,,,,,,
2.22312,,,,,,,0.110794,,,,,,,
2.22552,,,,,0.126773,,,,,,,,,
2.23204,0.188849,,,,,,,,,,,,,
2.23309,,,,,,,,0.0971023,,,,,,
2.23389,,,,,,,,,,,,0.046527,,
2.2414,,,,0.139643,,,,,,,,,,
2.24364,,,,0.138295,,,,,,,,,,
2.24381,,,,,,,,0.100392,,,,,,
2.24595,,,,,,,0.109215,,,,,,,
2.25052,,,,,,,,,,0.0742778,,,,
2.2543,,,,,,,,,,,,0.0423724,,
2.25686,,,,,,,,,0.0848454,,,,,
2.25693,,,,,,,,,,0.0755825,,,,
2.25905,,,,,,0.121823,,,,,,,,
2.26119,,,,,,,,,0.0931884,,,,,
2.26255,0.211094,,,,,,,,,,,,,
2.26395,,,,,,,,,,0.0815006,,,,
2.26816,,,,,,,,0.0968378,,,,,,
2.2693,,,,,,,,,,0.0776941,,,,
2.26982,,0.172947,,,,,,,,,,,,
2.2711,,,,0.144713,,,,,,,,,,
2.27261,,,,,,,,0.100935,,,,,,
2.27413,,,,0.139814,,,,,,,,,,
2.27593,,,,,,,,0.10386,,,,,,
2.27632,,,,0.147784,,,,,,,,,,
2.27691,,,,,,,,,,,,0.0441707,,
2.28227,,,,,,,0.11404,,,,,,,
2.28242,,,,,,0.123886,,,,,,,,
2.28245,,,,,,,,,,,0.0604827,,,
2.2837,,,,,,,,,,,0.0616236,,,
2.28751,,,,,,,,,,0.0805545,,,,
2.29195,,,,,,,0.105714,,,,,,,
2.29215,,,0.1584,,,,,,,,,,,
2.29396,,,,,,,,,,,0.0701232,,,
2.29423,,,,,,0.116166,,,,,,,,
2.29535,,,,0.139928,,,,,,,,,,
2.29629,,,,,,,,,,0.0814775,,,,
2.30466,0.198551,,,,,,,,,,,,,
2.30498,,,,,,,,,,,,0.0252735,,
2.30535,,,,,0.130047,,,,,,,,,
2.30541,,,,,,,,,,,,0.023877,,
2.30598,,,,,,0.123092,,,,,,,,
2.30639,,,,,,,,,,,0.0677144,,,
2.30899,,0.175627,,,,,,,,,,,,
2.31035,,,,,,,0.108595,,,,,,,
2.31097,,,,,,,,,,0.0767203,,,,
2.31118,,,,,0.126172,,,,,,,,,
2.31167,,,,0.148656,,,,,,,,,,
2.31352,,,,,,,,,0.0899967,,,,,
2.31415,,,,,,,,,,0.0731987,,,,
2.31641,,,,,,,,0.0996288,,,,,,
2.3195,,,,,,,0.11194,,,,,,,
2.32018,,0.173453,,,,,,,,,,,,
2.32103,,0.171044,,,,,,,,,,,,
2.32419,,,,,0.128521,,,,,,,,,
2.32592,,,,,,,,,,,0.0687344,,,
2.32725,,,,,,,,,,,0.0522219,,,
2.32905,,,,,,0.120743,,,,,,,,
2.33002,,,,,,,0.111256,,,,,,,
2.33149,,,,,,,0.107667,,,,,,,
2.33276,,,,,,,,,0.0846138,,,,,
2.33487,,,,0.146985,,,,,,,,,,
2.33987,,,,,,,,,,0.0754723,,,,
2.34026,0.188178,,,,,,,,,,,,,
2.34141,,,,,,,,,0.08609,,,,,
2.3457,,,,,,0.120202,,,,,,,,
2.3498,,,,,,0.123551,,,,,,,,
2.35058,,,,,0.132776,,,,,,,,,
2.35492,,,,,0.13236,,,,,,,,,
2.3604,,,,,,,,,,,0.0558024,,,
2.36363,,,,,,,,,,,0.0615797,,,
2.36617,,,,,0.132934,,,,,,,,,
2.37468,,,,,,,,0.0998117,,,,,,
2.37516,,,,,,,,,,0.0766572,,,,
2.37524,,,,,,,,,,0.0727585,,,,
2.3782,,,,,,,,,,,0.0688351,,,
2.37859,,,,,,,0.111602,,,,,,,
2.37889,,,,,,,,0.102599,,,,,,
2.37974,,,,,0.137238,,,,,,,,,
2.38195,,,,,,,,0.0981317,,,,,,
2.38771,,,,,,,,0.103649,,,,,,
2.39691,,,,,,,,,,0.0833817,,,,
2.3972,,,,0.147519,,,,,,,,,,
2.39919,,,,,,,,,0.0938957,,,,,
2.40129,,,,,,,,,0.0921818,,,,,
2.40395,,0.171489,,,,,,,,,,,,
2.40685,,,,,,,,,,0.0734256,,,,
2.40699,,,,,,,,,0.0940638,,,,,
2.40824,,0.170273,,,,,,,,,,,,
2.40847,,,,,,,,0.0990014,,,,,,
2.40917,,,,,,,,,0.0865898,,,,,
2.41048,,,0.150318,,,,,,,,,,,
2.41215,0.200127,,,,,,,,,,,,,
2.41584,,,,,,,,0.104057,,,,,,
2.41932,,,0.160335,,,,,,,,,,,
2.42459,,,,,0.125208,,,,,,,,,
2.42619,,,,,,,0.108437,,,,,,,
2.42974,,,,,,,,,0.092912,,,,,
2.43242,,,,,,,,,,0.0811479,,,,
2.43322,,,,,,,,,0.0919443,,,,,
2.44265,,,,0.139518,,,,,,,,,,
2.44867,,,,,0.131553,,,,,,,,,
2.44931,,,,,0.133755,,,,,,,,,
2.45146,,,,,,,,0.0977811,,,,,,
2.46292,0.204912,,,,,,,,,,,,,
2.46437,,,,,,,,,,,0.068735,,,
2.46653,0.194932,,,,,,,,,,,,,
2.46981,,,0.156246,,,,,,,,,,,
2.4758,,,,,,,,0.097916,,,,,,
2.47725,,,0.158904,,,,,,,,,,,
2.48408,,,,,,,,,,,,0.0513771,,
2.48432,,,,,0.129659,,,,,,,,,
2.48614,,,,,,,0.110265,,,,,,,
2.48781,,,,,0.129815,,,,,,,,,
2.4897,,,,,,0.124567,,,,,,,,
2.49302,,,,,,,,,,,0.0682209,,,
2.49562,,,,,,0.121911,,,,,,,,
2.49707,,,,0.143101,,,,,,,,,,
2.50107,,,,,,,,,,0.0773109,,,,
2.50752,,0.175591,,,,,,,,,,,,
2.51629,,,,,0.126532,,,,,,,,,
2.52435,,,,,,,0.111487,,,,,,,
2.5245,,,,,,,,,,0.074467,,,,
2.52538,,,,0.138542,,,,,,,,,,
2.52891,,,,,,,,,,,0.0579046,,,
2.52987,,,,,,,,,,0.0787435,,,,
2.53031,,,0.150202,,,,,,,,,,,
2.53694,,,0.162453,,,,,,,,,,,
2.53936,,,,,,,,0.100748,,,,,,
2.54022,,,,,,,0.108455,,,,,,,
2.54154,,,,,,0.116265,,,,,,,,
2.54161,,,,,,,,,,,0.0565469,,,
2.54321,,,,,0.136159,,,,,,,,,
2.54387,,,,,0.131111,,,,,,,,,
2.54607,,,,,,,,,0.087504,,,,,
2.54863,,,,,,,0.106285,,,,,,,
2.54866,,,,,0.127461,,,,,,,,,
2.54983,,,,0.146553,,,,,,,,,,
2.55127,,,,0.138237,,,,,,,,,,
2.55487,,,,,,,,,,0.078802,,,,
2.55562,,,,,,,,0.105512,,,,,,
2.55931,,,,,,,,,0.0907885,,,,,
2.56071,,,,0.137998,,,,,,,,,,
2.56405,,,,,,0.118295,,,,,,,,
2.56672,,,,,,,,0.104877,,,,,,
2.57078,,,,,,,0.113612,,,,,,,
2.57241,,,,,,0.116291,,,,,,,,
2.57809,0.18508,,,,,,,,,,,,,
2.57881,,,,,,,,,,0.0740879,,,,
2.57954,,,,,0.125758,,,,,,,,,
2.58139,,,,,,,0.114005,,,,,,,
2.59222,,,,,0.135339,,,,,,,,,
2.59687,,,,,,,,0.102676,,,,,,
2.59782,,,,,0.129993,,,,,,,,,
2.60136,0.184461,,,,,,,,,,,,,
2.60305,,,,,,,,0.0961899,,,,,,
2.60504,,,,,,,,,,,0.0625738,,,
2.6053,,,,,,,,,0.0892318,,,,,
2.60614,,,,,0.128305,,,,,,,,,
2.6069,,0.164851,,,,,,,,,,,,
2.60956,,,,,,,,,0.0866167,,,,,
2.61221,0.216847,,,,,,,,,,,,,
2.61335,0.192024,,,,,,,,,,,,,
2.61624,,,,0.143766,,,,,,,,,,
2.62107,,,,0.140945,,,,,,,,,,
2.62837,,,,,,,,,,,,0.0402583,,
2.63135,,,0.161378,,,,,,,,,,,
2.63944,,,,,,,0.112973,,,,,,,
2.64078,,,,,,0.123772,,,,,,,,
2.64131,,,,,,,,,0.0941794,,,,,
2.64166,,0.170186,,,,,,,,,,,,
2.64398,,,,,0.125422,,,,,,,,,
2.64749,,,0.159657,,,,,,,,,,,
2.65056,,,,0.147625,,,,,,,,,,
2.65347,,,,0.138326,,,,,,,,,,
2.65775,0.22663,,,,,,,,,,,,,
2.66069,,,,,0.132718,,,,,,,,,
2.66161,,,,0.146105,,,,,,,,,,
2.66728,,,,,,0.118062,,,,,,,,
2.66856,,,,,,,,,,0.0802536,,,,
2.66926,,0.183398,,,,,,,,,,,,
2.67694,,,,,,0.120686,,,,,,,,
2.67803,,,,,,,,,,,0.0605948,,,
2.67816,,0.171125,,,,,,,,,,,,
2.67925,,,,,,,,0.0984381,,,,,,
2.69067,0.192855,,,,,,,,,,,,,
2.69341,,,,,,,0.115111,,,,,,,
2.69362,,,,,,0.118836,,,,,,,,
2.69606,,,,0.14831,,,,,,,,,,
2.69608,,,,,,0.116502,,,,,,,,
2.69975,,,,0.143515,,,,,,,,,,
2.70079,,,,0.140678,,,,,,,,,,
2.702,,,,,,,,0.101604,,,,,,
2.70226,,,0.151454,,,,,,,,,,,
2.70535,,,,,,,,,,0.0789045,,,,
2.70941,,,,,0.134627,,,,,,,,,
2.70965,,,,,,0.116013,,,,,,,,
2.71083,,,,0.144464,,,,,,,,,,
2.71221,,,,,,,,,,,0.071672,,,
2.71261,,,0.149625,,,,,,,,,,,
2.71491,,,,,,,,,,,,0.0480349,,
2.71888,,,,0.14398,,,,,,,,,,
2.72063,,,,,0.134204,,,,,,,,,
2.72189,,0.170411,,,,,,,,,,,,
2.72415,,,,,,,,,,,,0.0470044,,
2.72474,,,,,0.132433,,,,,,,,,
2.72974,,,,,,,,,,0.0723699,,,,
2.73212,,0.178101,,,,,,,,,,,,
2.73317,,,0.155422,,,,,,,,,,,
2.73405,,,,,,0.123797,,,,,,,,
2.73426,,,,0.138388,,,,,,,,,,
2.73432,,,,,,,,,,,0.0568163,,,
2.73943,,,,,0.137124,,,,,,,,,
2.74005,0.186607,,,,,,,,,,,,,
2.74275,,,,0.140302,,,,,,,,,,
2.74345,,,,0.145563,,,,,,,,,,
2.74358,,,,0.141917,,,,,,,,,,
2.74494,,,0.156323,,,,,,,,,,,
2.74669,,,0.158315,,,,,,,,,,,
2.74946,,0.166274,,,,,,,,,,,,
2.74958,,,,,0.133355,,,,,,,,,
2.75304,,,0.159821,,,,,,,,,,,
2.75776,,,,,,,,,,,,0.0365734,,
2.75992,,,,,,,,,,,0.0587003,,,
2.76077,,,,,,,,0.100472,,,,,,
2.76125,,,,,,,,0.103052,,,,,,
2.76142,,0.179617,,,,,,,,,,,,
2.77096,,,,,,,,,,0.0811426,,,,
2.77539,,,,,,0.12099,,,,,,,,
2.78705,,,,,,,,,0.0887458,,,,,
2.78719,,,,,,,,0.105106,,,,,,
2.78799,0.188585,,,,,,,,,,,,,
2.78863,,0.176546,,,,,,,,,,,,
2.79226,,,,,,,0.107584,,,,,,,
2.79809,,,0.161627,,,,,,,,,,,
2.7988,,,0.154916,,,,,,,,,,,
2.80039,,,,,,,0.109873,,,,,,,
2.80708,,,,,,,,,0.0937165,,,,,
2.80713,,,,,,,,,,0.0773343,,,,
2.81255,,,0.156177,,,,,,,,,,,
2.82061,,,,,,,0.105671,,,,,,,
2.82356,,,,,0.131796,,,,,,,,,
2.82521,,,,,,,,,,0.0816191,,,,
2.82555,,,,,,,0.107371,,,,,,,
2.83314,,,0.156171,,,,,,,,,,,
2.83398,,0.170143,,,,,,,,,,,,
2.83436,,,,,,,0.113304,,,,,,,
2.84488,,,,,,,,,,,0.0583484,,,
2.84607,,,,,,,,,,,0.0569655,,,
2.84903,,,0.158136,,,,,,,,,,,
2.85559,,0.174898,,,,,,,,,,,,
2.85949,,,,,,,,,0.0957742,,,,,
2.86473,,,,,,,0.112578,,,,,,,
2.87097,,,,,,,,,,,0.0647245,,,
2.87182,,,,,,,,,,,0.0538764,,,
2.87339,,,,,,,,,0.0950402,,,,,
2.87378,,,,,,,0.112088,,,,,,,
2.87594,,,,,,,,,0.0850169,,,,,
2.88598,,0.165136,,,,,,,,,,,,
2.88818,,,,,,0.117576,,,,,,,,
2.88824,,,,,,,0.105769,,,,,,,
2.89601,,,,0.144315,,,,,,,,,,
2.89643,,,,0.142602,,,,,,,,,,
2.89726,,,,,,,,,,,,0.0225228,,
2.89931,,,,,0.136632,,,,,,,,,
2.89995,,,,,0.133806,,,,,,,,,
2.90225,,,,,,,,,,0.0826182,,,,
2.90595,,,0.161595,,,,,,,,,,,
2.9098,,,,,,,0.106629,,,,,,,
2.91147,,,,,0.127462,,,,,,,,,
2.91367,,,,,,0.118806,,,,,,,,
2.91487,,,,,,0.118015,,,,,,,,
2.91807,0.192267,,,,,,,,,,,,,
2.92052,,,,,,,,,0.0943973,,,,,
2.93365,,0.178678,,,,,,,,,,,,
2.93801,0.201335,,,,,,,,,,,,,
2.93834,,,,,0.129776,,,,,,,,,
2.94201,,,,,,0.12141,,,,,,,,
2.94604,,,,0.146032,,,,,,,,,,
2.94635,,,,,,,,,,0.0745615,,,,
2.94781,,,,,,0.122862,,,,,,,,
2.94989,,,,0.138933,,,,,,,,,,
2.9607,,,,,,,,,,,0.0534161,,,
2.96154,,,,,,0.12293,,,,,,,,
2.96461,,,,,,,,,0.0947298,,,,,
2.96704,,,,,,,,,,0.0790896,,,,
2.9676,,,,,,,0.106763,,,,,,,
2.97786,,,,0.143164,,,,,,,,,,
2.98256,,0.164992,,,,,,,,,,,,
2.98558,,,,,,,0.107143,,,,,,,
2.98615,0.217917,,,,,,,,,,,,,
2.98775,,,,,,,,,,,0.0651069,,,
2.98983,,,,,,,,,,,0.0571788,,,
2.99401,,,,,,,,,,,0.0571217,,,
2.99691,,,,0.13903,,,,,,,,,,
2.99847,,,0.156633,,,,,,,,,,,
3.00403,,,,,0.129434,,,,,,,,,
3.00513,,,,,,,0.106172,,,,,,,
3.0056,,,,0.148959,,,,,,,,,,
3.01017,0.19068,,,,,,,,,,,,,
3.01175,,,0.155126,,,,,,,,,,,
3.01282,,,,0.147415,,,,,,,,,,
3.01685,,,0.160867,,,,,,,,,,,
3.02161,,,,,0.127797,,,,,,,,,
3.02181,,,,,,,,,,,0.0650063,,,
3.03227,,,,,,,,,,,,0.0489041,,
3.03725,,,,,,,0.110499,,,,,,,
3.0396,,,,,,,,,,,,0.0385484,,
3.04055,,,0.150632,,,,,,,,,,,
3.04398,0.183664,,,,,,,,,,,,,
3.04584,,,,,,,,,,0.0831419,,,,
3.0498,,,,,,,,,,,,0.0344042,,
3.05032,,,,,,0.120465,,,,,,,,
3.05486,,,,,,,,,0.0913215,,,,,
3.06881,,,,,,0.120871,,,,,,,,
3.07174,,,,,,,,0.101666,,,,,,
3.08021,,,,,,,,,,,0.0674428,,,
3.08358,,,,,,,,,,,,0.0393957,,
3.08405,0.21343,,,,,,,,,,,,,
3.08601,,,0.159466,,,,,,,,,,,
3.08623,0.192933,,,,,,,,,,,,,
3.09264,,,0.152634,,,,,,,,,,,
3.09402,,,,,,,,,,,0.058931,,,
3.1012,,,,0.143734,,,,,,,,,,
3.10453,,,,,,,,,,,,0.0435407,,
3.1068,,,,,0.128553,,,,,,,,,
3.10698,,0.170861,,,,,,,,,,,,
3.11351,,0.17497,,,,,,,,,,,,
3.11769,0.185335,,,,,,,,,,,,,
3.12861,,,,,,,,0.102349,,,,,,
3.136,,,,,,,0.108842,,,,,,,
3.14365,,,,,,,,,,,,0.0483286,,
3.14514,,0.168043,,,,,,,,,,,,
3.1452,,0.17636,,,,,,,,,,,,
3.1501,0.18643,,,,,,,,,,,,,
3.15666,0.204305,,,,,,,,,,,,,
3.16103,,,,0.139011,,,,,,,,,,
3.16813,,,,,0.12627,,,,,,,,,
3.16969,,,,,,,,,0.092202,,,,,
3.17479,,,,,,,0.109457,,,,,,,
3.18584,,,,,,,,,,,0.0690753,,,
3.19418,,,,,0.127347,,,,,,,,,
3.21613,,,,,0.126639,,,,,,,,,
3.22564,,,,,,,,0.0973803,,,,,,
3.22643,,,0.150703,,,,,,,,,,,
3.24136,,,0.160851,,,,,,,,,,,
3.24215,,,,,,0.116037,,,,,,,,
3.24245,,,,0.138898,,,,,,,,,,
3.25323,,0.170273,,,,,,,,,,,,
3.2541,,,,,,,,0.100857,,,,,,
3.25512,,,,,,,,,,0.0777224,,,,
3.25712,,,,,,0.117761,,,,,,,,
3.26125,0.196917,,,,,,,,,,,,,
3.26305,,,,,,,,,0.0947251,,,,,
3.27729,,,,,0.125144,,,,,,,,,
3.28125,0.203811,,,,,,,,,,,,,
3.28431,,,,,,,0.111193,,,,,,,
3.28479,,0.175876,,,,,,,,,,,,
3.28568,,,,,,,,,,,0.0666889,,,
3.30123,,,,,,,,,0.0881684,,,,,
3.3013,,,,,,,,,,0.0739423,,,,
3.31543,,,,,,,0.106617,,,,,,,
3.32064,,,0.15497,,,,,,,,,,,
3.32389,,,,0.140282,,,,,,,,,,
3.32504,0.191719,,,,,,,,,,,,,
3.32621,,,,,0.128022,,,,,,,,,
3.32888,,,,,0.130523,,,,,,,,,
3.33018,,,,,,,,,,0.0784772,,,,
3.33545,,0.167094,,,,,,,,,,,,
3.35366,,,,,,,,,,0.0746969,,,,
3.35422,,,,,,,,0.104285,,,,,,
3.3583,,0.171342,,,,,,,,,,,,
3.36528,,0.167748,,,,,,,,,,,,
3.37237,,,,,,,,0.10367,,,,,,
3.37317,,,,,0.133496,,,,,,,,,
3.37588,,,,,,,,0.102149,,,,,,
3.3796,,,,,,,,,0.0904835,,,,,
3.37998,,,,,,,,,0.0862983,,,,,
3.38934,,,,,,,,0.105425,,,,,,
3.39138,,,,0.142299,,,,,,,,,,
3.39235,,,,,,,,,,,0.071522,,,
3.40074,,,,,0.133044,,,,,,,,,
3.40085,,,,0.138307,,,,,,,,,,
3.40256,,0.16684,,,,,,,,,,,,
3.40486,,,0.16167,,,,,,,,,,,
3.40698,,,,,,,,,,,0.0667356,,,
3.40818,,,0.159313,,,,,,,,,,,
3.41085,,,,,,,,,,,0.0693348,,,
3.41161,,0.167862,,,,,,,,,,,,
3.41818,,,,,,,0.109536,,,,,,,
3.42508,,,0.161449,,,,,,,,,,,
3.42593,,,,,,,,,,,0.0603287,,,
3.42749,,,,,,,,,,,,0.046995,,
3.43075,,,,,,,,,,,0.0634391,,,
3.43436,,,,,,,,0.105565,,,,,,
3.43524,,,,,,,,,0.0960217,,,,,
3.43671,,,,,,,,,0.0875107,,,,,
3.4386,,,0.150217,,,,,,,,,,,
3.44475,,,,,0.128547,,,,,,,,,
3.44655,,,,,,,,,,,,0.0423558,,
3.45134,,,0.160402,,,,,,,,,,,
3.4539,,,,,,,,0.0963561,,,,,,
3.45526,,0.16559,,,,,,,,,,,,
3.45599,,,,0.137817,,,,,,,,,,
3.46477,,,0.15394,,,,,,,,,,,
3.46663,,,,,,,,,0.0924409,,,,,
3.46774,,,,,,,,,,,0.0536802,,,
3.46793,0.253848,,,,,,,,,,,,,
3.47614,,,0.150048,,,,,,,,,,,
3.48222,,0.164315,,,,,,,,,,,,
3.48826,,,,,,,,0.100162,,,,,,
3.49093,,,,,,,,,,0.0757542,,,,
3.51465,,,,,,,0.107574,,,,,,,
3.51794,,,0.160251,,,,,,,,,,,
3.52121,,0.181767,,,,,,,,,,,,
3.53387,,,,,,,,,,,0.0710567,,,
3.53551,,,0.153747,,,,,,,,,,,
3.53894,,0.170221,,,,,,,,,,,,
3.53938,,,,,0.136695,,,,,,,,,
3.53974,,,,,,,0.11132,,,,,,,
3.54442,,,,,,,,,,,,0.0498598,,
3.54894,,,0.16134,,,,,,,,,,,
3.55057,,,,,,,,,0.0961301,,,,,
3.55349,,,,,,0.117528,,,,,,,,
3.55539,,0.181089,,,,,,,,,,,,
3.56356,,,,,,0.115738,,,,,,,,
3.56787,0.189137,,,,,,,,,,,,,
3.5699,,,,,,,0.110101,,,,,,,
3.58014,,,,,,,0.112734,,,,,,,
3.58162,,,,0.143218,,,,,,,,,,
3.58261,,,0.158561,,,,,,,,,,,
3.58384,0.188593,,,,,,,,,,,,,
3.58793,,,,,,0.118027,,,,,,,,
3.58983,,,,,,,,,,0.081579,,,,
3.59661,,,,,,,,,,,,0.0220548,,
3.60154,,,,,0.137009,,,,,,,,,
3.60385,,,,,0.125514,,,,,,,,,
3.62267,,,,,,,,,,,,0.0174951,,
3.63585,,,,,,,0.11023,,,,,,,
3.64311,,,0.154707,,,,,,,,,,,
3.64689,,,,,0.135994,,,,,,,,,
3.64911,,,,,,,,,,0.0733177,,,,
3.65348,,,,,0.132742,,,,,,,,,
3.65472,,0.180909,,,,,,,,,,,,
3.65522,,,,,,,,,,0.0798096,,,,
3.65686,,,,0.137561,,,,,,,,,,
3.65922,,,,,,,,0.105551,,,,,,
3.67224,0.193752,,,,,,,,,,,,,
3.67372,,,,,,,,0.0987167,,,,,,
3.67658,,,,,,0.120385,,,,,,,,
3.67777,,,,,0.136102,,,,,,,,,
3.68373,,,,,,,,,,,,0.0164932,,
3.69254,,,,,,,,0.0973613,,,,,,
3.69418,,,,,,0.12329,,,,,,,,
3.70011,,,,,,0.123383,,,,,,,,
3.70588,,,,,0.132367,,,,,,,,,
3.70667,,,,,,,,,,,0.0668847,,,
3.70697,,0.171067,,,,,,,,,,,,
3.71494,,,,,,0.123027,,,,,,,,
3.71504,,,,0.140409,,,,,,,,,,
3.72411,,,,,,,0.108583,,,,,,,
3.72723,,0.166332,,,,,,,,,,,,
3.72767,,,,,,,,,,,,0.0384001,,
3.7305,,,,,,,0.112116,,,,,,,
3.73341,,,,,,,,0.0984208,,,,,,
3.73345,,0.165116,,,,,,,,,,,,
3.73774,,,0.154541,,,,,,,,,,,
3.73957,,,0.161102,,,,,,,,,,,
3.74209,0.184645,,,,,,,,,,,,,
3.74326,,,,,,,0.110788,,,,,,,
3.74957,,,,,0.131787,,,,,,,,,
3.7539,0.20489,,,,,,,,,,,,,
3.75738,,,,,,0.116767,,,,,,,,
3.75865,,,,,,,,0.102639,,,,,,
3.76022,0.216244,,,,,,,,,,,,,
3.76632,,,,,,0.121799,,,,,,,,
3.7681,,,,,,,,,,,0.0564478,,,
3.77637,0.193448,,,,,,,,,,,,,
3.78235,,,,,0.129954,,,,,,,,,
3.78342,,,,0.141696,,,,,,,,,,
3.78918,,,,,,,,,,0.077611,,,,
3.79497,,0.177168,,,,,,,,,,,,
3.80798,,,,,,,,,,,0.0642414,,,
3.81138,,,,,,,,,,0.082396,,,,
3.81406,,,,,,,0.108648,,,,,,,
3.82606,,,,,,,,,,,,0.0293199,,
3.82617,,,,,,,,,,0.0758742,,,,
3.83402,,,,,,0.118639,,,,,,,,
3.83727,,,,,0.137175,,,,,,,,,
3.83791,,,,,,,,,0.0847247,,,,,
3.8447,,,,,0.128186,,,,,,,,,
3.85102,,,,,,,,,,,,0.0506634,,
3.8553,,,,,,0.121779,,,,,,,,
3.8629,,,,,,0.123554,,,,,,,,
3.86406,,,0.154751,,,,,,,,,,,
3.8671,,,,,,,0.111052,,,,,,,
3.86907,,,,,,,,,,0.0815755,,,,
3.8715,,,0.156616,,,,,,,,,,,
3.8733,,,,,,,,,,,0.066133,,,
3.87649,0.250744,,,,,,,,,,,,,
3.88554,,,,,,,,0.097077,,,,,,
3.89115,,,,,,,,,,,,0.038052,,
3.90223,,,0.155018,,,,,,,,,,,
3.90802,,,,,,,,0.0991658,,,,,,
3.91274,0.222365,,,,,,,,,,,,,
3.91653,,,,,,0.117459,,,,,,,,
3.91756,,0.166211,,,,,,,,,,,,
3.92402,,,,0.146877,,,,,,,,,,
3.92561,,,,,,,,,0.0886697,,,,,
3.9271,,,,,,0.124777,,,,,,,,
3.93077,,0.171987,,,,,,,,,,,,
3.9462,0.203621,,,,,,,,,,,,,
3.95449,,,,,,,,,0.0850293,,,,,
3.95811,0.187311,,,,,,,,,,,,,
3.95867,,,,,0.126303,,,,,,,,,
3.99053,,,,,,,,0.105096,,,,,,
3.99923,,,,,,0.120673,,,,,,,,
4.01547,,0.173923,,,,,,,,,,,,
4.02441,,,,,,,,,0.0872894,,,,,
4.03978,,,,,,,,,,0.0844879,,,,
4.04346,0.190406,,,,,,,,,,,,,
4.04349,,,0.15046,,,,,,,,,,,
4.04836,,,,0.141254,,,,,,,,,,
4.05237,,,,0.145479,,,,,,,,,,
4.06292,,,0.160524,,,,,,,,,,,
4.06813,,0.165408,,,,,,,,,,,,
4.0763,0.186229,,,,,,,,,,,,,
4.08031,,,,,,,,,,,0.065628,,,
4.08749,,,,,,,,,0.0956195,,,,,
4.08807,,,,,0.129678,,,,,,,,,
4.09391,,,,,,,,,,,0.0626314,,,
4.09607,,,,,,,,0.0962394,,,,,,
4.10326,,,,,,,,,0.0945508,,,,,
4.11415,,,0.157868,,,,,,,,,,,
4.11525,0.188667,,,,,,,,,,,,,
4.11575,,,,0.147512,,,,,,,,,,
4.11824,,,,,,,,,,,0.0716966,,,
4.12587,0.197761,,,,,,,,,,,,,
4.12631,,,,,,,,0.101974,,,,,,
4.12902,,,,,,0.119721,,,,,,,,
4.13272,,,,,0.136481,,,,,,,,,
4.13273,,,,,,0.117603,,,,,,,,
4.1329,,,,,,,,0.101149,,,,,,
4.13522,,,,,,,,,,,0.0654974,,,
4.13685,,,,0.141675,,,,,,,,,,
4.14493,,,,,,,0.112916,,,,,,,
4.14634,,,,,,,,0.100323,,,,,,
4.15855,,,,,,,,,0.0893261,,,,,
4.16173,,,,,,,,,,,0.0618965,,,
4.18137,,,,,,,,,,0.0779317,,,,
4.18779,,,,,0.128678,,,,,,,,,
4.20974,,,,0.14167,,,,,,,,,,
4.2105,0.198002,,,,,,,,,,,,,
4.21578,,,,,,0.119385,,,,,,,,
4.2183,,,,,,,,,,,,0.0062138,,
4.22101,,,,0.144476,,,,,,,,,,
4.22221,,,,,,,0.109998,,,,,,,
4.22659,,,,,0.134482,,,,,,,,,
4.24172,0.206425,,,,,,,,,,,,,
4.24565,,,0.149564,,,,,,,,,,,
4.24625,,,0.159191,,,,,,,,,,,
4.24658,,,,0.143114,,,,,,,,,,
4.26901,0.202093,,,,,,,,,,,,,
4.27409,,,,0.145239,,,,,,,,,,
4.28489,,,,,,,,,,0.0757271,,,,
4.28635,,,,,0.129093,,,,,,,,,
4.28654,,,,,,,,,,,,0.0331009,,
4.28854,,,0.155003,,,,,,,,,,,
4.28928,,,,,0.134861,,,,,,,,,
4.29109,,0.170399,,,,,,,,,,,,
4.30165,,,,,0.135486,,,,,,,,,
4.30357,,,,0.147318,,,,,,,,,,
4.30441,,,,,,,,,,0.0816141,,,,
4.31491,0.184497,,,,,,,,,,,,,
4.31618,,,,,,0.123693,,,,,,,,
4.31992,,,,,,0.11667,,,,,,,,
4.32203,,,0.150506,,,,,,,,,,,
4.32341,,0.173429,,,,,,,,,,,,
4.32524,,,,,,,0.11502,,,,,,,
4.32662,,0.179049,,,,,,,,,,,,
4.33179,,,,,,,,,0.0894426,,,,,
4.34062,,,,,,,0.114449,,,,,,,
4.34367,,,,,,,,0.104732,,,,,,
4.3439,,,,0.14345,,,,,,,,,,
4.34695,,0.165317,,,,,,,,,,,,
4.34906,,,,,,,,,,,0.0681946,,,
4.36106,,,,,,,,,,0.0774288,,,,
4.36887,,,,0.139438,,,,,,,,,,
4.37446,,0.17145,,,,,,,,,,,,
4.37967,,,,,,,,0.104767,,,,,,
4.38336,,,0.162439,,,,,,,,,,,
4.38605,,0.176428,,,,,,,,,,,,
4.38669,,,,,,,,,0.0936549,,,,,
4.38876,,0.178458,,,,,,,,,,,,
4.38912,,,,,,,,0.103261,,,,,,
4.39144,,,,0.141329,,,,,,,,,,
4.39526,,,0.150752,,,,,,,,,,,
4.40223,,,,,,,,,0.0943524,,,,,
4.40673,,,0.151064,,,,,,,,,,,
4.418,,,,,,0.119109,,,,,,,,
4.41922,,,,,,,,,,0.0836771,,,,
4.42233,,,,,0.129864,,,,,,,,,
4.43034,,,,,,,,,,,0.0696872,,,
4.45256,,,,0.142955,,,,,,,,,,
4.4536,,,,,,,,,0.0946971,,,,,
4.45877,,,,,,,0.114617,,,,,,,
4.46324,,0.177641,,,,,,,,,,,,
4.46972,,0.168645,,,,,,,,,,,,
4.49004,,,,,0.127617,,,,,,,,,
4.49057,,,0.156934,,,,,,,,,,,
4.49269,,,,,,,0.108946,,,,,,,
4.51559,,,,0.142912,,,,,,,,,,
4.51781,,,,,,,,,,0.0833902,,,,
4.53429,,,,0.142819,,,,,,,,,,
4.54039,,,,,0.128079,,,,,,,,,
4.55235,,,,0.147826,,,,,,,,,,
4.55848,,0.175383,,,,,,,,,,,,
4.56351,,,,,,,,,0.0904677,,,,,
4.56929,,,,,,,0.107567,,,,,,,
4.57136,,,0.158358,,,,,,,,,,,
4.57283,,,,,0.13568,,,,,,,,,
4.57792,,,,,,,,,,,0.0706362,,,
4.58203,,,,,,,,0.104337,,,,,,
4.58393,,,,,,,,,,,0.0650825,,,
4.5863,,,,0.142293,,,,,,,,,,
4.59152,,,,,0.129129,,,,,,,,,
4.59306,,0.170607,,,,,,,,,,,,
4.59646,,,,,,,,,0.087135,,,,,
4.61248,,,0.15283,,,,,,,,,,,
4.6166,,,,,,,0.114179,,,,,,,
4.62553,,,,,0.127222,,,,,,,,,
4.62674,0.219493,,,,,,,,,,,,,
4.64616,,,,,0.129925,,,,,,,,,
4.64681,0.241871,,,,,,,,,,,,,
4.65057,,,,,0.128453,,,,,,,,,
4.65262,0.201011,,,,,,,,,,,,,
4.65583,,0.165958,,,,,,,,,,,,
4.66732,,,,,,0.118153,,,,,,,,
4.67139,,,,0.139273,,,,,,,,,,
4.67885,,,,,0.128598,,,,,,,,,
4.68035,,,,,,,,,,0.0815394,,,,
4.68841,,,,,,,,,0.094561,,,,,
4.68881,,,0.162082,,,,,,,,,,,
4.69532,,,,,0.132367,,,,,,,,,
4.70201,,0.165194,,,,,,,,,,,,
4.70875,,0.164503,,,,,,,,,,,,
4.72612,,,0.151172,,,,,,,,,,,
4.72638,,,,,,,,,,0.0842111,,,,
4.72847,,0.175347,,,,,,,,,,,,
4.73201,,,,,,0.12015,,,,,,,,
4.7368,0.189317,,,,,,,,,,,,,
4.74074,,0.168639,,,,,,,,,,,,
4.74313,0.198148,,,,,,,,,,,,,
4.74345,0.195614,,,,,,,,,,,,,
4.74548,,0.179225,,,,,,,,,,,,
4.75205,0.187985,,,,,,,,,,,,,
4.75253,,,,,,0.117437,,,,,,,,
4.75746,0.195573,,,,,,,,,,,,,
4.76766,,,,,,,0.113768,,,,,,,
4.77714,,,,,,,,,,0.0783792,,,,
4.77878,0.184996,,,,,,,,,,,,,
4.77917,0.197977,,,,,,,,,,,,,
4.79339,,,,,0.131984,,,,,,,,,
4.80167,,,,,0.129087,,,,,,,,,
4.80277,,,,,,0.123152,,,,,,,,
4.8073,,,0.151906,,,,,,,,,,,
4.83092,,,0.151593,,,,,,,,,,,
4.8506,,,,,,,,,,0.0764811,,,,
4.86176,,,0.15065,,,,,,,,,,,
4.86186,,,,,,0.123848,,,,,,,,
4.86552,0.199079,,,,,,,,,,,,,
4.86839,,,,,,0.122224,,,,,,,,
4.87735,0.189516,,,,,,,,,,,,,
4.89512,,,,,,,,,0.0953024,,,,,
4.90165,,,,,,0.123594,,,,,,,,
4.90505,,,,,,0.118533,,,,,,,,
4.91669,0.192725,,,,,,,,,,,,,
4.93958,,,,,,,,,0.0890316,,,,,
4.94417,,,,0.140204,,,,,,,,,,
4.94489,,,,0.146325,,,,,,,,,,
4.94758,,,,,,,,,,,0.0682978,,,
4.94917,0.201779,,,,,,,,,,,,,
4.9548,,,,,,,,0.09955,,,,,,
4.96505,0.188887,,,,,,,,,,,,,
4.9664,0.202319,,,,,,,,,,,,,
4.98053,,0.178999,,,,,,,,,,,,
4.98241,,0.166257,,,,,,,,,,,,
4.98359,,,,,,,0.110558,,,,,,,
4.9885,,,,,,,,0.0979099,,,,,,
4.98906,,0.172006,,,,,,,,,,,,
4.99779,,,0.158244,,,,,,,,,,,
5.01508,,,0.155961,,,,,,,,,,,
5.02511,,,,0.14825,,,,,,,,,,
5.02918,,,,,0.133325,,,,,,,,,
5.0316,,,,,,,,,0.0915197,,,,,
5.03352,,,,,,0.123358,,,,,,,,
5.03452,,,,,,,,,,,0.0571332,,,
5.0403,0.227532,,,,,,,,,,,,,
5.04215,,,,0.143579,,,,,,,,,,
5.04261,0.231775,,,,,,,,,,,,,
5.05535,,,,,,0.115782,,,,,,,,
5.05789,,,,,,,,,,,,0.0449671,,
5.06189,,0.16431,,,,,,,,,,,,
5.07422,,,,0.138388,,,,,,,,,,
5.07773,,,,,,,0.111756,,,,,,,
5.08709,,,,,,,0.113012,,,,,,,
5.08889,0.223366,,,,,,,,,,,,,
5.0933,,,,,,,,0.10291,,,,,,
5.09467,,,,,,,,,,0.0838223,,,,
5.09492,0.185217,,,,,,,,,,,,,
5.09777,,0.16943,,,,,,,,,,,,
5.11194,,,,,,,0.114703,,,,,,,
5.12124,,,,,,,,,0.0906849,,,,,
5.13128,,,,,,,,0.102668,,,,,,
5.13332,,,,,,0.1219,,,,,,,,
5.13571,,,,,,,0.110482,,,,,,,
5.13843,,,,,,,,,0.0907783,,,,,
5.13847,,,,,,,0.111242,,,,,,,
5.14265,,,,,0.135286,,,,,,,,,
5.14362,,,0.150169,,,,,,,,,,,
5.1437,,,,,,,,,,,0.0719727,,,
5.14514,0.217686,,,,,,,,,,,,,
5.15083,,,,0.143221,,,,,,,,,,
5.16597,,,0.155763,,,,,,,,,,,
5.16672,,,,,,,,0.105222,,,,,,
5.17763,,,,,,0.119918,,,,,,,,
5.18948,,,,0.142666,,,,,,,,,,
5.19363,,,,,,,,,0.0859821,,,,,
5.197,0.188342,,,,,,,,,,,,,
5.20746,,,,,,,,,0.0869123,,,,,
5.21913,,,0.154578,,,,,,,,,,,
5.21946,,0.17778,,,,,,,,,,,,
5.22046,,,,,,,,0.102206,,,,,,
5.22815,,0.171367,,,,,,,,,,,,
5.27106,,,,,,,,0.0992163,,,,,,
5.27461,,,0.153022,,,,,,,,,,,
5.27878,,,,0.138578,,,,,,,,,,
5.28345,,,,,,,0.115265,,,,,,,
5.29724,0.192098,,,,,,,,,,,,,
5.30348,,0.168409,,,,,,,,,,,,
5.3117,0.197699,,,,,,,,,,,,,
5.31249,,,,0.144733,,,,,,,,,,
5.33113,,,0.155256,,,,,,,,,,,
5.35226,,,,,,0.123,,,,,,,,
5.3633,0.196833,,,,,,,,,,,,,
5.37215,,0.169093,,,,,,,,,,,,
5.38236,,,,,0.128661,,,,,,,,,
5.38307,,,,0.144024,,,,,,,,,,
5.40223,,,,,0.132039,,,,,,,,,
5.40722,,,,,,,,,0.0953541,,,,,
5.42112,,,0.158217,,,,,,,,,,,
5.44307,,,,0.145664,,,,,,,,,,
5.45277,,0.172009,,,,,,,,,,,,
5.45535,,,,,,,,0.096249,,,,,,
5.45827,,,,,,,,,0.089826,,,,,
5.47433,,,,,,,,0.10368,,,,,,
5.47745,0.185323,,,,,,,,,,,,,
5.51457,,,,,,,,0.105232,,,,,,
5.51815,0.192139,,,,,,,,,,,,,
5.52114,,0.177388,,,,,,,,,,,,
5.52712,,,,,0.131828,,,,,,,,,
5.53034,,,0.157713,,,,,,,,,,,
5.57247,,,0.150322,,,,,,,,,,,
5.57681,0.218123,,,,,,,,,,,,,
5.57837,,,,,,,0.112964,,,,,,,
5.61478,,,0.151357,,,,,,,,,,,
5.6246,,,0.150351,,,,,,,,,,,
5.63293,,0.171286,,,,,,,,,,,,
5.64303,,,,,,,,,,,0.0594951,,,
5.64609,,,0.161008,,,,,,,,,,,
5.6533,,,,,,,,,0.0958758,,,,,
5.65882,,,0.150808,,,,,,,,,,,
5.66026,,,,0.141733,,,,,,,,,,
5.66253,0.184961,,,,,,,,,,,,,
5.67255,,,,,,0.124214,,,,,,,,
5.71059,,,,0.145608,,,,,,,,,,
5.71421,,,,,,,0.107848,,,,,,,
5.71934,,,,,,0.120666,,,,,,,,
5.72919,,0.170004,,,,,,,,,,,,
5.7339,,0.165653,,,,,,,,,,,,
5.73476,,,,,,0.121579,,,,,,,,
5.7479,,,0.153711,,,,,,,,,,,
5.75756,,,,,,,,,,0.075481,,,,
5.75921,0.215443,,,,,,,,,,,,,
5.77257,,,,,,,,0.099625,,,,,,
5.79462,,,,,,,,0.103374,,,,,,
5.79784,0.186199,,,,,,,,,,,,,
5.81628,0.22943,,,,,,,,,,,,,
5.84851,0.198683,,,,,,,,,,,,,
5.86558,,,,,0.12816,,,,,,,,,
5.86752,,,,,,,,0.0999523,,,,,,
5.87618,,,,0.140813,,,,,,,,,,
5.87672,,,0.16076,,,,,,,,,,,
5.88956,,,,,,,,0.0988095,,,,,,
5.91237,,,0.157717,,,,,,,,,,,
5.91751,0.254131,,,,,,,,,,,,,
5.93303,0.191199,,,,,,,,,,,,,
5.93357,,,,0.141723,,,,,,,,,,
5.93652,,,0.160485,,,,,,,,,,,
5.96829,,,,0.144776,,,,,,,,,,
5.97342,,,,,,,,,0.0941428,,,,,
5.97544,,,,,,,,0.10433,,,,,,
5.97807,0.188872,,,,,,,,,,,,,
5.98951,0.191818,,,,,,,,,,,,,
6.00462,,,,,,,,,0.0898652,,,,,
6.03033,,,,,,,0.112614,,,,,,,
6.04545,,,,,0.129784,,,,,,,,,
6.05789,,0.18128,,,,,,,,,,,,
6.06689,,0.164929,,,,,,,,,,,,
6.06829,,,,0.142596,,,,,,,,,,
6.07665,,,,,,,,0.0988257,,,,,,
6.07889,,,0.157958,,,,,,,,,,,
6.09345,0.2128,,,,,,,,,,,,,
6.13312,,0.167119,,,,,,,,,,,,
6.14063,,,,,,0.121085,,,,,,,,
6.15473,,0.173946,,,,,,,,,,,,
6.15863,0.192763,,,,,,,,,,,,,
6.1593,0.20855,,,,,,,,,,,,,
6.16718,,,,,0.136905,,,,,,,,,
6.17078,,,,0.146236,,,,,,,,,,
6.17098,,,,,0.13642,,,,,,,,,
6.18393,,,,,,0.119539,,,,,,,,
6.1856,,0.181976,,,,,,,,,,,,
6.21076,,,,,,,0.11443,,,,,,,
6.21157,0.195151,,,,,,,,,,,,,
6.22615,,,,,,,,0.102058,,,,,,
6.22999,,,,0.137799,,,,,,,,,,
6.23154,0.211202,,,,,,,,,,,,,
6.23216,0.226808,,,,,,,,,,,,,
6.23752,,,0.150767,,,,,,,,,,,
6.25356,,0.173046,,,,,,,,,,,,
6.263,,,0.15687,,,,,,,,,,,
6.27314,,,,,,,,,,0.0820412,,,,
6.29266,,0.177676,,,,,,,,,,,,
6.31485,,0.165332,,,,,,,,,,,,
6.33568,,,0.157913,,,,,,,,,,,
6.3433,,,,,,,,0.0990531,,,,,,
6.34668,,0.175497,,,,,,,,,,,,
6.34931,0.211981,,,,,,,,,,,,,
6.35963,,,,,,,0.111224,,,,,,,
6.36041,,,,,,,,,0.0909582,,,,,
6.38326,0.237908,,,,,,,,,,,,,
6.40085,,,,,,,,,0.08656,,,,,
6.42175,,0.172451,,,,,,,,,,,,
6.45792,,,,,,,,,,,,0.0454978,,
6.47245,,,,0.148726,,,,,,,,,,
6.4745,,,,,,,,,,,0.0609074,,,
6.4878,0.212295,,,,,,,,,,,,,
6.50539,,0.165524,,,,,,,,,,,,
6.51956,0.195677,,,,,,,,,,,,,
6.53747,,,,,0.13295,,,,,,,,,
6.55162,,0.163561,,,,,,,,,,,,
6.55807,0.213009,,,,,,,,,,,,,
6.58363,,,0.154606,,,,,,,,,,,
6.59036,0.214744,,,,,,,,,,,,,
6.60012,,,,,,,,0.100675,,,,,,
6.60123,0.229503,,,,,,,,,,,,,
6.60497,,,,,,0.118452,,,,,,,,
6.61255,,,,,0.136952,,,,,,,,,
6.61693,0.187854,,,,,,,,,,,,,
6.61961,,,0.160757,,,,,,,,,,,
6.62978,0.23994,,,,,,,,,,,,,
6.63239,,,,,0.134393,,,,,,,,,
6.64343,0.227885,,,,,,,,,,,,,
6.64475,,,,0.137934,,,,,,,,,,
6.65154,,,,,,0.124162,,,,,,,,
6.65214,,0.17073,,,,,,,,,,,,
6.66076,,,,,,0.116226,,,,,,,,
6.66552,0.183659,,,,,,,,,,,,,
6.67705,,,0.154029,,,,,,,,,,,
6.68493,,,,,,,,0.102878,,,,,,
6.69281,,,,,,0.117258,,,,,,,,
6.70193,,,,0.145572,,,,,,,,,,
6.70763,,,,,,0.118409,,,,,,,,
6.71686,0.195395,,,,,,,,,,,,,
6.7266,,,0.161417,,,,,,,,,,,
6.7358,,,,,,,,0.0961388,,,,,,
6.78854,,,,,,,,,,,,0.0508069,,
6.79251,,,,,,,0.107285,,,,,,,
6.79363,,,,,,0.116019,,,,,,,,
6.80189,,,,,,0.117769,,,,,,,,
6.81362,,,,,,,,,0.0938053,,,,,
6.82729,,,,,,,,,,0.0825206,,,,
6.83184,,,,,,,0.106802,,,,,,,
6.85602,,,0.153906,,,,,,,,,,,
6.85669,,,,,0.131093,,,,,,,,,
6.86629,,,0.158782,,,,,,,,,,,
6.86786,,0.164484,,,,,,,,,,,,
6.87911,0.193366,,,,,,,,,,,,,
6.90392,0.196264,,,,,,,,,,,,,
6.91055,,0.164943,,,,,,,,,,,,
6.93394,,,0.154957,,,,,,,,,,,
6.9418,,,0.152637,,,,,,,,,,,
6.96027,,,,,0.12998,,,,,,,,,
6.96585,,,,,,,0.113983,,,,,,,
6.96974,,0.165074,,,,,,,,,,,,
6.97207,0.19642,,,,,,,,,,,,,
6.97449,,,,,,,,,,0.0836287,,,,
6.98592,0.204545,,,,,,,,,,,,,
7.0161,,,0.149806,,,,,,,,,,,
7.02148,,,,,,0.115713,,,,,,,,
7.04721,0.196266,,,,,,,,,,,,,
7.05276,0.202871,,,,,,,,,,,,,
7.05383,,0.178746,,,,,,,,,,,,
7.05658,,0.178632,,,,,,,,,,,,
7.08081,,,,,0.131349,,,,,,,,,
7.1137,,,,,,,,0.0966794,,,,,,
7.11794,0.189762,,,,,,,,,,,,,
7.11858,,0.170717,,,,,,,,,,,,
7.14335,,,,,0.134688,,,,,,,,,
7.14432,,,,,0.130201,,,,,,,,,
7.15326,,,,,,,0.110275,,,,,,,
7.1553,0.193364,,,,,,,,,,,,,
7.17175,,,,,0.132426,,,,,,,,,
7.18115,0.188482,,,,,,,,,,,,,
7.18315,,,,,,,0.111496,,,,,,,
7.1973,,,0.157277,,,,,,,,,,,
7.25472,0.192786,,,,,,,,,,,,,
7.25887,,,,,,,,,,,0.0697687,,,
7.28535,,,,,,,0.114495,,,,,,,
7.35389,,,,,,,,0.105381,,,,,,
7.35643,,0.182727,,,,,,,,,,,,
7.36262,,,,,,,0.108647,,,,,,,
7.3716,,,,,,,,,,,0.0660871,,,
7.37357,,,0.151105,,,,,,,,,,,
7.37761,,0.173721,,,,,,,,,,,,
7.39435,,,,,,,,,,,0.0709334,,,
7.39553,,,,,,,,,0.0854772,,,,,
7.40157,,,,,0.125494,,,,,,,,,
7.40583,0.283041,,,,,,,,,,,,,
7.43972,,,,,,,,,,0.0784246,,,,
7.45792,,,,0.138347,,,,,,,,,,
7.48002,,0.179513,,,,,,,,,,,,
7.49043,,,0.15402,,,,,,,,,,,
7.4993,,,0.152833,,,,,,,,,,,
7.53305,0.255044,,,,,,,,,,,,,
7.58156,,,,,,,,,,,0.064039,,,
7.5862,,,,,,,,,,0.0730969,,,,
7.59933,,,,0.14291,,,,,,,,,,
7.62744,0.200479,,,,,,,,,,,,,
7.64794,,,,,0.128986,,,,,,,,,
7.70517,,0.177838,,,,,,,,,,,,
7.70572,,,,,,,,,,0.081075,,,,
7.7572,0.190264,,,,,,,,,,,,,
7.7576,,,,,0.131547,,,,,,,,,
7.77337,,0.176493,,,,,,,,,,,,
7.78289,0.202208,,,,,,,,,,,,,
7.78547,,,,,0.132365,,,,,,,,,
7.79373,,,,,,,0.110275,,,,,,,
7.80525,,,,,,,,0.103709,,,,,,
7.83743,0.198868,,,,,,,,,,,,,
7.85819,,,,,,,,,0.0866336,,,,,
7.86454,,,0.155313,,,,,,,,,,,
7.86506,0.188863,,,,,,,,,,,,,
7.89047,,0.162932,,,,,,,,,,,,
7.93112,,0.178441,,,,,,,,,,,,
7.94468,,,,,,0.117392,,,,,,,,
7.95769,,,,,0.136147,,,,,,,,,
7.96353,,,0.153257,,,,,,,,,,,
7.99649,,0.178143,,,,,,,,,,,,
8.00881,,,,0.145343,,,,,,,,,,
8.03178,,,,,,,0.107177,,,,,,,
8.03513,,,,,,0.115551,,,,,,,,
8.03538,,,,,,,,0.101601,,,,,,
8.06414,0.214135,,,,,,,,,,,,,
8.06467,,,,,,,,0.103777,,,,,,
8.07754,0.210847,,,,,,,,,,,,,
8.09302,,,,,,,,,,0.0764828,,,,
8.19122,,0.17806,,,,,,,,,,,,
8.20717,,,,,0.130794,,,,,,,,,
8.22412,,,,,,,,,,0.0839609,,,,
8.23528,,,,,,,0.115137,,,,,,,
8.26317,,0.178476,,,,,,,,,,,,
8.32475,,,0.159118,,,,,,,,,,,
8.3659,,,,0.144182,,,,,,,,,,
8.3746,,,,,,,0.108174,,,,,,,
8.40111,,,0.155335,,,,,,,,,,,
8.40263,0.187499,,,,,,,,,,,,,
8.40333,,,0.150568,,,,,,,,,,,
8.43721,,,,,,,,,0.0868914,,,,,
8.52707,,,,,,,,,,,,0.0447431,,
8.54055,0.235257,,,,,,,,,,,,,
8.54448,,0.167678,,,,,,,,,,,,
8.57098,,,,0.138485,,,,,,,,,,
8.59012,,0.163759,,,,,,,,,,,,
8.59589,,,,,0.129781,,,,,,,,,
8.60928,0.210712,,,,,,,,,,,,,
8.63403,,,,,,,,,,,0.0691883,,,
8.63611,,,,,,,0.105967,,,,,,,
8.63784,0.194304,,,,,,,,,,,,,
8.63874,,,0.162483,,,,,,,,,,,
8.65117,,,,,,,,,,0.082862,,,,
8.66728,,,,,,,,,,,0.0681729,,,
8.68537,,,,,,,,,,0.073595,,,,
8.72757,,,0.160813,,,,,,,,,,,
8.77346,,,,,,,,0.101672,,,,,,
8.78692,,,,,,,0.112701,,,,,,,
8.83036,,,,,,,,,,0.0790052,,,,
8.84535,,,0.156443,,,,,,,,,,,
8.8645,,,0.160807,,,,,,,,,,,
8.86465,,,,,,,0.10838,,,,,,,
8.92132,,0.175831,,,,,,,,,,,,
8.96545,,,,,,,,0.105433,,,,,,
9.04971,,0.181027,,,,,,,,,,,,
9.06508,,0.179442,,,,,,,,,,,,
9.09148,,,0.160807,,,,,,,,,,,
9.13056,,,,,,,,,,,,0.022814,,
9.16109,,0.166026,,,,,,,,,,,,
9.33199,,,,0.143174,,,,,,,,,,
9.34003,0.19411,,,,,,,,,,,,,
9.35856,0.194948,,,,,,,,,,,,,
9.38209,,,,0.14192,,,,,,,,,,
9.4186,,,,0.142681,,,,,,,,,,
9.42639,,,,,,,0.11011,,,,,,,
9.48197,,0.167417,,,,,,,,,,,,
9.48759,,0.163881,,,,,,,,,,,,
9.49863,,0.167366,,,,,,,,,,,,
9.56577,,,,,0.132524,,,,,,,,,
9.57479,0.21765,,,,,,,,,,,,,
9.59936,0.195591,,,,,,,,,,,,,
9.59965,0.192628,,,,,,,,,,,,,
9.636,,,0.153226,,,,,,,,,,,
9.63919,,,0.16256,,,,,,,,,,,
9.66015,,0.167646,,,,,,,,,,,,
9.69064,,,,,,,,,,,,0.0458688,,
9.72359,,,0.159806,,,,,,,,,,,
9.74985,0.198933,,,,,,,,,,,,,
9.78663,,0.182088,,,,,,,,,,,,
9.83362,,,,,,,0.111234,,,,,,,
9.89483,,,,,,,,0.0965792,,,,,,
9.905,,,,,,0.122974,,,,,,,,
9.92809,,,,0.143314,,,,,,,,,,
9.93074,,,0.156955,,,,,,,,,,,
9.95943,,,,,,0.123155,,,,,,,,
10.0147,,0.180898,,,,,,,,,,,,
10.0931,,,,,,0.116324,,,,,,,,
10.1098,,0.166748,,,,,,,,,,,,
10.1325,,,0.152043,,,,,,,,,,,
10.139,,0.167068,,,,,,,,,,,,
10.2026,0.209226,,,,,,,,,,,,,
10.204,,0.168567,,,,,,,,,,,,
10.2238,,,,,0.132591,,,,,,,,,
10.2639,,,0.15605,,,,,,,,,,,
10.2931,0.203133,,,,,,,,,,,,,
10.3183,,,,,,,0.112031,,,,,,,
10.3435,,,,,,,,,,,0.0680479,,,
10.355,,,,,,,,0.103126,,,,,,
10.3737,,,0.162496,,,,,,,,,,,
10.4156,0.186697,,,,,,,,,,,,,
10.4709,,,,,,0.118342,,,,,,,,
10.503,,,,,,,,,0.0947163,,,,,
10.5484,0.200467,,,,,,,,,,,,,
10.5756,,,0.157254,,,,,,,,,,,
10.6333,,,,,,,,0.105251,,,,,,
10.6533,0.183566,,,,,,,,,,,,,
10.7957,,,,0.147489,,,,,,,,,,
10.8202,,,,,,,0.113809,,,,,,,
10.8217,,,,,,,,,0.0918964,,,,,
10.8652,,0.169691,,,,,,,,,,,,
10.8718,,,,0.149499,,,,,,,,,,
10.8953,,0.164699,,,,,,,,,,,,
10.9215,,,,,,0.120445,,,,,,,,
11.0087,,,,,0.133256,,,,,,,,,
11.0521,,,,,,,,0.10461,,,,,,
11.0633,,,,,,,,,,0.082178,,,,
11.0756,,,,,0.127282,,,,,,,,,
11.087,,,0.155903,,,,,,,,,,,
11.203,,,,0.146622,,,,,,,,,,
11.2159,,,,0.139606,,,,,,,,,,
11.2467,,,,,0.136131,,,,,,,,,
11.2584,,,,,0.1264,,,,,,,,,
11.3103,,,,0.143795,,,,,,,,,,
11.3174,,,,,,,0.110114,,,,,,,
11.4521,,,,,,0.121564,,,,,,,,
11.5522,,,,,,0.119206,,,,,,,,
11.7521,0.1848,,,,,,,,,,,,,
11.7647,,,,0.138769,,,,,,,,,,
11.8894,,,,,,0.123097,,,,,,,,
11.9791,,0.174936,,,,,,,,,,,,
12.1301,,0.165399,,,,,,,,,,,,
12.2205,,,,,0.133942,,,,,,,,,
12.3698,,,,,,,,,,,0.0663477,,,
12.4354,,,,,,,,0.105284,,,,,,
12.4739,,,,,0.135057,,,,,,,,,
12.4749,,,,0.144389,,,,,,,,,,
12.5568,0.215846,,,,,,,,,,,,,
12.6388,,,,,,,0.1086,,,,,,,
12.7164,,,,,,,,,,,,0.0509681,,
12.783,0.288384,,,,,,,,,,,,,
12.8001,,0.177403,,,,,,,,,,,,
12.9109,,0.165474,,,,,,,,,,,,
13.024,,,,,0.129468,,,,,,,,,
13.0252,,,0.15942,,,,,,,,,,,
13.3052,0.193731,,,,,,,,,,,,,
13.3152,0.186386,,,,,,,,,,,,,
13.4188,,0.175328,,,,,,,,,,,,
13.488,,,,0.142622,,,,,,,,,,
13.5101,,,,0.145169,,,,,,,,,,
13.5338,,0.172116,,,,,,,,,,,,
13.5654,,,,,0.135758,,,,,,,,,
13.716,,,0.159446,,,,,,,,,,,
13.9746,,0.165079,,,,,,,,,,,,
13.9903,,0.176506,,,,,,,,,,,,
14.4674,,,,,0.129889,,,,,,,,,
14.6522,,,,0.148799,,,,,,,,,,
14.6618,,,,,,,,,,0.0753723,,,,
14.7309,,,0.160025,,,,,,,,,,,
14.7374,,,,,,,,,,,0.0714372,,,
14.7563,,0.175875,,,,,,,,,,,,
14.782,,0.174471,,,,,,,,,,,,
14.9004,0.23301,,,,,,,,,,,,,
15.0017,0.189903,,,,,,,,,,,,,
15.0096,,0.170604,,,,,,,,,,,,
15.0197,0.21751,,,,,,,,,,,,,
15.1014,,0.179897,,,,,,,,,,,,
15.2187,,,,,,0.122557,,,,,,,,
15.3474,,,,,,,,0.0986285,,,,,,
15.6266,0.203197,,,,,,,,,,,,,
15.7005,,,0.152794,,,,,,,,,,,
15.9067,,,0.153907,,,,,,,,,,,
15.9113,,,,,,,,,,,0.0577043,,,
15.9128,,,,,,,,,,,0.067224,,,
15.9154,,,,0.148934,,,,,,,,,,
15.9763,0.226019,,,,,,,,,,,,,
16.035,,0.176374,,,,,,,,,,,,
16.0677,,0.173834,,,,,,,,,,,,
16.1483,,,0.159535,,,,,,,,,,,
16.2456,0.217536,,,,,,,,,,,,,
16.4411,,,0.15869,,,,,,,,,,,
16.6293,,,,,,0.121213,,,,,,,,
16.7818,,,,,,,,0.103291,,,,,,
17.0033,,0.174244,,,,,,,,,,,,
17.4695,,0.163414,,,,,,,,,,,,
17.5266,,,,0.144986,,,,,,,,,,
17.6766,,,,,0.133774,,,,,,,,,
18.0357,,,,0.149463,,,,,,,,,,
18.4396,,,,0.142267,,,,,,,,,,
18.5966,,0.165356,,,,,,,,,,,,
18.8418,,0.173213,,,,,,,,,,,,
19.1198,,,,0.141206,,,,,,,,,,
19.3366,0.18535,,,,,,,,,,,,,
19.4323,0.183914,,,,,,,,,,,,,
19.6027,,,0.153482,,,,,,,,,,,
19.6068,0.188621,,,,,,,,,,,,,
20.0266,,,,,,,,0.100148,,,,,,
20.8252,,,,,,0.118089,,,,,,,,
21.1707,,,,,,,0.114309,,,,,,,
22.2155,,0.174855,,,,,,,,,,,,
22.2739,,,,,,0.124342,,,,,,,,
22.3982,,,,,,,,0.0979015,,,,,,
22.791,,,0.160708,,,,,,,,,,,
23.8736,,0.173911,,,,,,,,,,,,
23.9984,0.184795,,,,,,,,,,,,,
24.0501,0.221757,,,,,,,,,,,,,
24.3371,,0.170291,,,,,,,,,,,,
25.7836,,,,,,,,,0.0872405,,,,,
26.9963,,0.17916,,,,,,,,,,,,
27.437,0.250421,,,,,,,,,,,,,
27.9975,,,,0.139903,,,,,,,,,,
29.0066,,,,,,,,,,,0.0647385,,,
31.8554,,0.174699,,,,,,,,,,,,
32.2662,0.215299,,,,,,,,,,,,,
32.3884,0.192479,,,,,,,,,,,,,
33.0405,0.21667,,,,,,,,,,,,,
34.2248,,,,,,,0.108917,,,,,,,
35.5516,,0.17801,,,,,,,,,,,,
36.6467,,0.177678,,,,,,,,,,,,
55.3452,,0.163051,,,,,,,,,,,,
57.7835,,,0.161558,,,,,,,,,,,
63.8636,0.191287,,,,,,,,,,,,,
79.9963,0.210172,,,,,,,,,,,,,
