HBindex,DecayRate,LogTau,FitX,FitY
5.85002,0.250822,0.600635,0.0645223,0.0565102
1.21276,0.101458,0.993715,0.068295,0.0575327
4.6129,0.110577,0.956333,0.0722884,0.0585553
0.911154,0.0710409,1.14849,0.0765153,0.0595778
1.68489,0.0877875,1.05657,0.0809893,0.0606003
0.371763,0.104088,0.982599,0.0857249,0.0616229
14.2676,0.251719,0.599084,0.0907374,0.0626454
3.97111,0.0875651,1.05767,0.096043,0.0636679
0.687558,0.0784252,1.10554,0.101659,0.0646905
0.613487,0.0755568,1.12173,0.107603,0.065713
8.81606,0.158409,0.80022,0.113895,0.0667355
0.866251,0.0842997,1.07417,0.120554,0.0677581
0.457002,0.0466255,1.33138,0.127604,0.0687806
1.29316,0.10849,0.964612,0.135065,0.0698031
0.840791,0.172518,0.763165,0.142962,0.0708257
1.57067,0.116939,0.93204,0.151322,0.0718482
4.35848,0.122509,0.911832,0.16017,0.0728708
4.34128,0.0796149,1.09901,0.169535,0.0738933
17.097,0.158404,0.800234,0.179448,0.0749158
0.636465,0.183983,0.735222,0.189941,0.0759384
0.404614,0.0745503,1.12755,0.201047,0.0769609
0.677322,0.234434,0.629979,0.212803,0.0779834
1.20906,0.091714,1.03756,0.225246,0.079006
0.703198,0.11893,0.924709,0.238416,0.0800285
2.37297,0.14507,0.838422,0.252357,0.081051
1.14923,0.133461,0.874646,0.267113,0.0820736
0.896337,0.0789675,1.10255,0.282731,0.0830961
0.614022,0.109455,0.960763,0.299263,0.0841186
30.8178,0.148907,0.827085,0.316762,0.0851412
3.19329,0.105141,0.978227,0.335284,0.0861637
5.90336,0.091227,1.03988,0.354888,0.0871862
2.94428,0.167131,0.776944,0.375639,0.0882088
6.65934,0.141446,0.849408,0.397604,0.0892313
5.39346,0.179902,0.744964,0.420853,0.0902538
0.746663,0.102079,0.991063,0.445461,0.0912764
2.97048,0.0999823,1.00008,0.471508,0.0922989
2.00371,0.0949502,1.0225,0.499078,0.0933215
18.7411,0.0821495,1.0854,0.52826,0.094344
0.77541,0.181275,0.741661,0.559148,0.0953665
3.39823,0.0931028,1.03104,0.591843,0.0963891
9.28411,0.177003,0.75202,0.626449,0.0974116
3.25303,0.113046,0.946744,0.663079,0.0984341
2.63474,0.0755527,1.12175,0.70185,0.0994567
0.945324,0.141404,0.849539,0.742889,0.100479
1.71256,0.0671265,1.17311,0.786327,0.101502
4.68268,0.122891,0.910479,0.832305,0.102524
50.16,0.148881,0.82716,0.880972,0.103547
4.42335,0.132965,0.876262,0.932484,0.104569
3.61882,0.190475,0.720161,0.987009,0.105592
6.4751,0.229529,0.639163,1.04472,0.106614
1.49872,0.0853681,1.0687,1.10581,0.107637
24.0161,0.0941205,1.02632,1.17047,0.108659
1.85123,0.134421,0.871534,1.23891,0.109682
6.26761,0.136421,0.86512,1.31135,0.110705
1.03604,0.0533855,1.27258,1.38803,0.111727
1.31097,0.102915,0.987523,1.46919,0.11275
1.48423,0.0983641,1.00716,1.55509,0.113772
1.51945,0.12932,0.888335,1.64602,0.114795
2.5277,0.178911,0.747362,1.74227,0.115817
1.57217,0.044818,1.34855,1.84414,0.11684
3.18485,0.114378,0.941658,1.95197,0.117862
0.956121,0.168001,0.774687,2.06611,0.118885
4.68839,0.0984732,1.00668,2.18692,0.119907
4.71714,0.131904,0.879742,2.31479,0.12093
0.405383,0.0165184,1.78203,2.45014,0.121952
1.01512,0.135795,0.867116,2.59341,0.122975
0.635209,0.0963636,1.01609,2.74505,0.123998
0.716285,0.0895355,1.048,2.90556,0.12502
0.684996,0.131299,0.881739,3.07545,0.126043
1.22769,0.06808,1.16698,3.25528,0.127065
0.197832,0.0847128,1.07205,3.44562,0.128088
1.07587,0.201305,0.696146,3.6471,0.12911
1.68472,0.0189349,1.72274,3.86035,0.130133
1.46606,0.0658645,1.18135,4.08607,0.131155
3.24571,0.144594,0.839849,4.32499,0.132178
0.206368,0.0374363,1.42671,4.57788,0.1332
7.12653,0.12001,0.920782,4.84556,0.134223
1.8678,0.0709409,1.1491,5.12889,0.135245
1.07442,0.104408,0.981267,5.42879,0.136268
8.59046,0.116339,0.934275,5.74622,0.13729
4.19065,0.112106,0.950372,6.08221,0.138313
6.31138,0.0784477,1.10542,6.43785,0.139336
1.0212,0.117789,0.928895,6.81429,0.140358
0.160011,0.0389126,1.40991,7.21273,0.141381
1.86113,0.217963,0.661617,7.63448,0.142403
1.26943,0.0868345,1.06131,8.08088,0.143426
1.04443,0.116065,0.935298,8.55339,0.144448
2.56336,0.131739,0.880284,9.05352,0.145471
6.12446,0.130518,0.884329,9.5829,0.146493
6.25571,0.169632,0.770491,10.1432,0.147516
6.44429,0.194509,0.71106,10.7363,0.148538
4.01181,0.139293,0.856071,11.3641,0.149561
0.308192,0.100357,0.998452,12.0286,0.150583
0.744715,0.0527901,1.27745,12.7319,0.151606
1.84527,0.102523,0.989178,13.4764,0.152628
2.32762,0.07047,1.152,14.2644,0.153651
0.726809,0.134805,0.870295,15.0984,0.154674
0.178694,0.0385458,1.41402,15.9813,0.155696
0.41147,0.139837,0.854377,16.9157,0.156719
0.660024,0.0793801,1.10029,17.9048,0.157741
1.46352,0.140526,0.852244,18.9518,0.158764
1.37375,0.117594,0.929614,20.0599,0.159786
0.856605,0.129904,0.886377,21.2329,0.160809
2.76882,0.125411,0.901664,22.4744,0.161831
2.56925,0.142681,0.845633,23.7885,0.162854
2.03043,0.0646327,1.18955,25.1795,0.163876
2.92639,0.21353,0.670542,26.6518,0.164899
1.60122,0.145942,0.835819,28.2102,0.165921
6.86988,0.169862,0.769905,29.8597,0.166944
1.49206,0.146291,0.834781,31.6056,0.167967
0.725402,0.121495,0.91544,33.4537,0.168989
3.52184,0.09267,1.03306,35.4098,0.170012
2.47812,0.1278,0.89347,37.4802,0.171034
1.24089,0.0556992,1.25415,39.6718,0.172057
16.7118,0.109546,0.960404,41.9915,0.173079
1.16477,0.0929761,1.03163,44.4468,0.174102
4.74627,0.126037,0.8995,47.0457,0.175124
6.4633,0.0266931,1.5736,49.7966,0.176147
1.40355,0.0703941,1.15246,52.7083,0.177169
0.463466,0.0745179,1.12774,55.7902,0.178192
5.28204,0.209984,0.677814,,
4.525,0.0333957,1.47631,,
0.833758,0.144774,0.83931,,
7.049,0.24709,0.607146,,
55.715,0.161396,0.792108,,
5.58747,0.163342,0.786903,,
4.6452,0.172926,0.762139,,
0.576151,0.0747424,1.12643,,
0.921808,0.0895815,1.04778,,
2.04257,0.151077,0.820802,,
3.26658,0.224674,0.648447,,
0.538689,0.095567,1.01969,,
2.88751,0.0961947,1.01685,,
2.52795,0.187869,0.726146,,
1.991,0.110829,0.955348,,
1.23779,0.0815343,1.08866,,
2.45823,0.125256,0.902201,,
10.1377,0.177542,0.750699,,
0.504518,0.0444258,1.35236,,
0.715061,0.133194,0.875515,,
1.68557,0.0328464,1.48351,,
10.9962,0.198375,0.702513,,
3.70948,0.123883,0.90699,,
1.44573,0.101245,0.994627,,
1.78346,0.0865816,1.06257,,
16.2742,0.128096,0.892464,,
0.858298,0.168664,0.772978,,
4.72489,0.0669196,1.17445,,
1.50792,0.163108,0.787525,,
4.96405,0.146431,0.834368,,
3.82418,0.0936906,1.0283,,
0.703644,0.105973,0.974805,,
23.0279,0.18882,0.723952,,
7.70893,0.235617,0.627793,,
0.282575,0.100595,0.997425,,
2.09904,0.118587,0.925964,,
1.4113,0.126976,0.896279,,
0.449935,0.15064,0.822059,,
1.74331,0.0689809,1.16127,,
13.6638,0.140723,0.851634,,
0.858795,0.130649,0.883895,,
1.92325,0.161806,0.791006,,
0.345814,0.065665,1.18267,,
3.97207,0.0770884,1.11301,,
4.57801,0.164985,0.782556,,
0.938052,0.0230411,1.6375,,
7.13046,0.190168,0.720861,,
1.8975,0.197883,0.703591,,
2.25352,0.135092,0.86937,,
0.872949,0.148912,0.827071,,
1.66939,0.0502291,1.29904,,
0.949608,0.205489,0.687212,,
12.3139,0.212997,0.671626,,
6.75834,0.138138,0.859687,,
1.23772,0.166649,0.778198,,
0.266214,0.0940226,1.02677,,
7.13838,0.120128,0.920357,,
3.58332,0.149182,0.826285,,
1.60736,0.0218059,1.66143,,
14.9029,0.122354,0.912383,,
0.683373,0.0689423,1.16151,,
0.625949,0.11611,0.935132,,
0.401635,0.124371,0.905279,,
2.49538,0.150417,0.822704,,
0.272467,0.0448283,1.34845,,
6.36799,0.13335,0.875007,,
2.03345,0.131729,0.880317,,
1.60415,0.0799144,1.09738,,
0.996664,0.10676,0.971592,,
0.101805,0.0728214,1.13774,,
0.783745,0.0799385,1.09724,,
2.85467,0.107267,0.969532,,
1.8812,0.129964,0.886178,,
2.52117,0.135337,0.868583,,
0.72542,0.131202,0.882058,,
1.3889,0.135705,0.867404,,
0.429733,0.154999,0.809672,,
10.4144,0.169476,0.770893,,
1.91037,0.0977468,1.0099,,
14.8877,0.129697,0.887069,,
1.71455,0.0645241,1.19028,,
1.45138,0.117519,0.929892,,
0.474638,0.116195,0.934814,,
2.73649,0.148439,0.828452,,
1.21425,0.122383,0.91228,,
0.249846,0.100939,0.995943,,
0.16352,0.0285351,1.54462,,
1.82705,0.12718,0.895581,,
9.99322,0.145767,0.836341,,
2.05312,0.127108,0.895828,,
0.826069,0.0530007,1.27572,,
3.67153,0.225886,0.646111,,
2.47099,0.14133,0.849765,,
4.91214,0.0715318,1.1455,,
1.21033,0.108006,0.966553,,
0.735173,0.0819895,1.08624,,
2.99458,0.12381,0.907246,,
0.529844,0.156229,0.806238,,
1.63597,0.112905,0.947286,,
12.1296,0.152585,0.816489,,
20.6886,0.117621,0.929515,,
2.9457,0.138069,0.859902,,
7.91177,0.107008,0.970585,,
8.37834,0.173578,0.760504,,
3.20187,0.152689,0.816192,,
3.48579,0.140162,0.853369,,
2.83036,0.054567,1.26307,,
1.50998,0.0986853,1.00575,,
3.00861,0.159523,0.797177,,
1.42854,0.158301,0.800515,,
1.71283,0.0980366,1.00861,,
1.29562,0.0634918,1.19728,,
4.41565,0.131632,0.880639,,
1.97061,0.122162,0.913064,,
1.166,0.08278,1.08207,,
0.491654,0.1841,0.734947,,
1.82409,0.122699,0.911158,,
0.830591,0.109127,0.962066,,
2.16231,0.0501214,1.29998,,
0.36776,0.101633,0.992965,,
1.30658,0.122088,0.913327,,
1.88843,0.18147,0.741196,,
0.997457,0.0826587,1.08271,,
3.90376,0.153123,0.814958,,
0.702326,0.0420425,1.37631,,
1.40696,0.0233512,1.63169,,
2.84562,0.137001,0.863276,,
0.94676,0.004,2.39794,,
0.358844,0.135708,0.867393,,
0.466696,0.0752904,1.12326,,
2.79756,0.159712,0.796662,,
3.53616,0.0412451,1.38463,,
4.5128,0.116881,0.932256,,
0.757356,0.138249,0.859338,,
3.38077,0.144279,0.840797,,
1.01412,0.0876833,1.05708,,
2.86902,0.0826177,1.08293,,
45.5616,0.191482,0.717871,,
4.42196,0.0971324,1.01264,,
0.185654,0.124456,0.904984,,
2.64534,0.170845,0.767398,,
1.53547,0.115491,0.93745,,
4.28282,0.183639,0.736035,,
0.596037,0.111828,0.95145,,
1.24828,0.0504523,1.29712,,
1.06969,0.109257,0.961552,,
3.08278,0.0916557,1.03784,,
5.17479,0.169764,0.770155,,
10.0313,0.155603,0.807982,,
2.70723,0.0828324,1.0818,,
0.847166,0.15512,0.809331,,
9.93201,0.14847,0.828361,,
1.21981,0.137637,0.861264,,
2.52586,0.144397,0.840443,,
2.41967,0.202171,0.694281,,
3.04292,0.0955874,1.0196,,
0.514414,0.109186,0.961834,,
1.57838,0.230622,0.637099,,
1.01954,0.14284,0.845149,,
8.00033,0.178359,0.748706,,
1.94979,0.119894,0.921202,,
12.7527,0.12923,0.888637,,
3.27679,0.135537,0.867943,,
0.872065,0.188513,0.724659,,
1.53188,0.089138,1.04994,,
4.72698,0.1074,0.968996,,
0.374943,0.0770063,1.11347,,
1.75277,0.136555,0.864693,,
1.48646,0.100481,0.997916,,
2.13245,0.196965,0.705611,,
0.387517,0.0703183,1.15293,,
1.46342,0.127885,0.893181,,
49.6175,0.137624,0.861304,,
4.65691,0.142032,0.847614,,
2.5194,0.154458,0.811188,,
4.07615,0.201535,0.695649,,
0.515273,0.0399765,1.3982,,
4.0152,0.201828,0.695018,,
2.98127,0.200375,0.698156,,
1.12869,0.179306,0.746406,,
2.6625,0.0716677,1.14468,,
4.36431,0.162017,0.790439,,
0.337766,0.0237416,1.62449,,
2.73624,0.160786,0.793751,,
0.578937,0.0932288,1.03045,,
0.807652,0.100891,0.996149,,
7.97168,0.174637,0.757864,,
1.30776,0.0289541,1.53829,,
25.0085,0.119451,0.92281,,
1.4167,0.092644,1.03318,,
0.388215,0.140252,0.85309,,
1.54101,0.0603852,1.21907,,
2.32349,0.146413,0.834422,,
7.68078,0.0867689,1.06164,,
1.30521,0.126647,0.897406,,
3.02886,0.0169299,1.77135,,
0.893451,0.0278102,1.5558,,
1.09432,0.142392,0.846513,,
0.280753,0.160059,0.79572,,
1.38129,0.110636,0.956102,,
0.973037,0.108063,0.966324,,
4.05291,0.199207,0.700695,,
1.37429,0.0996644,1.00146,,
0.605098,0.0889335,1.05093,,
4.85218,0.0618495,1.20866,,
2.25132,0.176219,0.753948,,
2.36698,0.143958,0.841765,,
2.2859,0.0111534,1.95259,,
5.12827,0.140043,0.853738,,
2.52118,0.0985369,1.0064,,
0.54417,0.0522526,1.28189,,
2.45453,0.117928,0.928382,,
2.60982,0.0327974,1.48416,,
7.04243,0.129787,0.886767,,
9.6621,0.158108,0.801046,,
3.10313,0.0655572,1.18338,,
1.96953,0.043432,1.36219,,
0.591821,0.0721048,1.14204,,
1.92219,0.131446,0.881252,,
12.0309,0.173185,0.761489,,
1.56498,0.0888044,1.05157,,
1.46909,0.157663,0.80227,,
4.48419,0.184721,0.733484,,
0.715918,0.0966367,1.01486,,
9.49074,0.114346,0.941779,,
1.7722,0.0962316,1.01668,,
5.79187,0.158268,0.800606,,
22.4539,0.136974,0.863363,,
3.22357,0.191482,0.717873,,
16.8524,0.116857,0.932345,,
18.1957,0.180746,0.742932,,
12.0628,0.0591827,1.22781,,
9.68692,0.169775,0.770127,,
0.989897,0.176945,0.752161,,
9.21252,0.192927,0.714608,,
2.40776,0.0136931,1.8635,,
14.1818,0.184665,0.733615,,
4.10392,0.144243,0.840906,,
1.44804,0.103493,0.985088,,
3.90749,0.207511,0.682959,,
37.1031,0.201876,0.694916,,
1.86613,0.140048,0.853723,,
4.17102,0.136235,0.865711,,
3.27932,0.157476,0.802785,,
7.02993,0.119114,0.924039,,
7.02059,0.105437,0.977006,,
0.802919,0.0892324,1.04948,,
0.789185,0.124264,0.905654,,
1.20322,0.0829526,1.08117,,
6.34584,0.0950963,1.02184,,
3.75197,0.0925748,1.03351,,
1.8791,0.0326541,1.48606,,
1.36861,0.0229589,1.63905,,
2.79948,0.141924,0.847946,,
8.07323,0.0283258,1.54782,,
0.815807,0.0949684,1.02242,,
5.24471,0.138576,0.858313,,
2.90202,0.157991,0.801368,,
1.26497,0.152715,0.816119,,
0.243493,0.0434671,1.36184,,
1.50532,0.150938,0.821202,,
1.1049,0.153218,0.814691,,
1.04313,0.185624,0.731366,,
0.345529,0.0371496,1.43005,,
6.32367,0.103936,0.983233,,
9.23148,0.127212,0.895471,,
7.96909,0.123119,0.909673,,
1.62764,0.0926656,1.03308,,
1.62686,0.163346,0.786891,,
8.47026,0.248389,0.604867,,
3.87127,0.128364,0.891557,,
1.74935,0.0685984,1.16369,,
1.43196,0.0950138,1.02221,,
0.736623,0.0949717,1.02241,,
2.31253,0.0823004,1.0846,,
3.18933,0.154241,0.811801,,
0.43979,0.107402,0.968988,,
5.35752,0.117398,0.930339,,
2.19951,0.0468016,1.32974,,
14.2094,0.159193,0.798075,,
1.36665,0.137848,0.8606,,
1.18278,0.122276,0.91266,,
0.618459,0.156299,0.806043,,
1.00962,0.0794196,1.10007,,
0.60213,0.0665026,1.17716,,
4.53907,0.111544,0.952554,,
2.39545,0.146064,0.835458,,
0.765109,0.135857,0.866919,,
1.24412,0.0857369,1.06683,,
2.44088,0.0825782,1.08313,,
6.46659,0.148491,0.828299,,
1.94371,0.113307,0.945744,,
0.447011,0.0704032,1.15241,,
4.52441,0.178915,0.747354,,
2.49897,0.124533,0.904715,,
3.50938,0.220496,0.656599,,
0.354694,0.103904,0.983367,,
1.38502,0.0272834,1.5641,,
4.78441,0.223131,0.65144,,
1.30624,0.0668513,1.17489,,
1.60743,0.125209,0.902364,,
3.39168,0.165103,0.782244,,
1.36785,0.069639,1.15715,,
0.284515,0.106776,0.971528,,
1.94232,0.115007,0.939275,,
5.78449,0.178747,0.747761,,
1.33506,0.136558,0.864684,,
3.70754,0.105724,0.975825,,
2.60894,0.163395,0.786761,,
4.05853,0.04011,1.39675,,
1.46111,0.173395,0.760964,,
1.79511,0.082136,1.08547,,
2.23111,0.140087,0.853603,,
2.18127,0.161973,0.790557,,
2.24419,0.1468,0.833275,,
2.39976,0.139819,0.854433,,
7.32803,0.189373,0.722682,,
2.29792,0.0519675,1.28427,,
1.07449,0.154122,0.812136,,
0.633776,0.0610032,1.21465,,
1.47376,0.171539,0.765637,,
1.14092,0.004,2.39794,,
3.29668,0.161249,0.792503,,
1.57178,0.144498,0.840139,,
2.09968,0.11935,0.923177,,
1.30679,0.0628631,1.2016,,
1.04327,0.0347397,1.45917,,
2.11485,0.188723,0.724174,,
1.10247,0.16135,0.792231,,
4.16386,0.0379797,1.42045,,
11.9745,0.113432,0.945264,,
0.106535,0.00976451,2.01035,,
0.714532,0.0703909,1.15248,,
0.816794,0.0928242,1.03234,,
2.13061,0.0240373,1.61911,,
3.24742,0.0685005,1.16431,,
11.166,0.13358,0.874257,,
1.74556,0.0781792,1.10691,,
14.158,0.115214,0.938495,,
2.39829,0.108847,0.963185,,
0.962716,0.0722681,1.14105,,
7.49772,0.170252,0.768907,,
5.68789,0.161376,0.79216,,
1.62143,0.0614696,1.21134,,
9.8807,0.0594207,1.22606,,
7.32002,0.112623,0.948374,,
3.323,0.16556,0.781044,,
3.69788,0.0234681,1.62952,,
0.342302,0.0990094,1.00432,,
5.03104,0.1608,0.793715,,
2.59994,0.0363854,1.43907,,
2.15528,0.150663,0.821993,,
2.9523,0.105497,0.976758,,
2.97107,0.0805195,1.0941,,
2.53598,0.109697,0.959804,,
5.62135,0.07651,1.11628,,
2.06996,0.120709,0.918261,,
0.552314,0.088774,1.05171,,
3.10371,0.122124,0.9132,,
9.53484,0.139865,0.854291,,
0.612825,0.152154,0.817716,,
2.92401,0.195846,0.708086,,
2.54433,0.151869,0.818531,,
2.21694,0.123271,0.909139,,
3.83684,0.150045,0.823778,,
2.84897,0.0736979,1.13254,,
0.807096,0.131416,0.881353,,
1.19143,0.0835551,1.07803,,
2.31916,0.139316,0.856,,
0.504772,0.132521,0.877714,,
3.43806,0.152087,0.817907,,
0.364092,0.157495,0.802734,,
2.14354,0.104918,0.979151,,
2.60746,0.0721065,1.14203,,
7.86004,0.186682,0.728897,,
4.87911,0.0971238,1.01267,,
0.993081,0.108452,0.964763,,
0.929012,0.0858377,1.06632,,
13.7564,0.103141,0.986569,,
0.959351,0.112952,0.947106,,
1.94113,0.172997,0.761962,,
1.13601,0.212511,0.672618,,
4.62952,0.160843,0.793596,,
0.680275,0.120433,0.919253,,
12.7639,0.146159,0.835175,,
5.62249,0.0721951,1.14149,,
7.98899,0.198012,0.703309,,
0.233258,0.0178884,1.74743,,
6.68013,0.184797,0.733306,,
4.86913,0.131627,0.880654,,
2.20635,0.118349,0.926837,,
1.37787,0.0466134,1.33149,,
0.400054,0.0159546,1.79711,,
5.07541,0.2044,0.68952,,
3.9821,0.162518,0.789099,,
2.74583,0.132258,0.878579,,
6.77716,0.15165,0.819159,,
2.21521,0.204935,0.688385,,
2.05108,0.145652,0.836682,,
1.09888,0.16108,0.792958,,
0.735356,0.149218,0.826178,,
1.11963,0.0506951,1.29503,,
1.126,0.111809,0.951522,,
0.869417,0.0863935,1.06352,,
2.13147,0.182817,0.737983,,
2.09864,0.0677977,1.16878,,
0.747442,0.0225337,1.64717,,
5.49527,0.18234,0.739117,,
0.896829,0.119516,0.922574,,
1.78336,0.133221,0.875426,,
5.12011,0.112809,0.947658,,
4.56274,0.148524,0.828205,,
1.70799,0.108745,0.963589,,
3.57064,0.0939578,1.02707,,
1.24945,0.0957182,1.01901,,
0.470475,0.0111179,1.95398,,
1.69768,0.128365,0.891552,,
1.11791,0.0766635,1.11541,,
1.48878,0.10051,0.997791,,
0.476769,0.133273,0.875257,,
0.721988,0.133088,0.875861,,
3.74374,0.165313,0.781694,,
16.3797,0.210189,0.67739,,
1.1348,0.0909503,1.0412,,
8.16856,0.197263,0.704955,,
0.881251,0.0980695,1.00847,,
3.15664,0.141492,0.849269,,
2.59618,0.167977,0.77475,,
1.77322,0.0745973,1.12728,,
0.701181,0.121211,0.916459,,
4.7664,0.165591,0.780964,,
2.32101,0.161763,0.791122,,
3.29007,0.161588,0.791591,,
1.38473,0.0679064,1.16809,,
2.09131,0.175667,0.75531,,
3.09981,0.114748,0.940254,,
0.947982,0.0735465,1.13344,,
0.456455,0.0841454,1.07497,,
0.207706,0.0177695,1.75033,,
1.12653,0.185677,0.731242,,
2.04839,0.107932,0.96685,,
0.703838,0.0513326,1.28961,,
1.60706,0.0673467,1.17168,,
1.20949,0.131957,0.879568,,
1.44113,0.0997372,1.00114,,
4.1391,0.0969299,1.01354,,
1.92484,0.098444,1.00681,,
1.50938,0.154414,0.811315,,
2.25964,0.0961488,1.01706,,
0.352786,0.0344379,1.46296,,
44.7487,0.21102,0.675677,,
2.37996,0.21154,0.674607,,
3.35394,0.152956,0.815433,,
2.88262,0.0485978,1.31338,,
9.91016,0.0816846,1.08786,,
0.68256,0.0624436,1.20451,,
7.4769,0.0757014,1.1209,,
1.95705,0.186462,0.72941,,
1.20365,0.128495,0.891115,,
0.658188,0.144941,0.838808,,
1.14021,0.12539,0.901736,,
3.7643,0.0918577,1.03688,,
20.4861,0.223295,0.651121,,
1.1538,0.09624,1.01664,,
2.57163,0.0806275,1.09352,,
6.30477,0.174563,0.758048,,
1.98583,0.177649,0.750436,,
3.86768,0.093858,1.02753,,
3.10717,0.106701,0.97183,,
13.6454,0.183385,0.736637,,
0.418174,0.179577,0.745749,,
0.293421,0.0761289,1.11845,,
19.3825,0.183364,0.736687,,
0.644896,0.0709368,1.14913,,
2.5102,0.138306,0.859158,,
3.86712,0.136661,0.864357,,
2.23494,0.120683,0.918355,,
1.72108,0.156812,0.80462,,
3.07291,0.163644,0.786101,,
4.99496,0.139211,0.856326,,
5.7992,0.179121,0.746853,,
4.98563,0.129231,0.888634,,
8.98429,0.238191,0.623074,,
1.8636,0.0783031,1.10622,,
3.35419,0.122751,0.910974,,
0.65368,0.155476,0.808337,,
6.23682,0.116601,0.933296,,
1.75685,0.136414,0.86514,,
3.80395,0.177051,0.751902,,
4.14309,0.109105,0.962157,,
1.26011,0.1339,0.873219,,
3.8749,0.133356,0.874987,,
2.49712,0.146191,0.835081,,
1.5516,0.0694303,1.15845,,
1.28222,0.108799,0.963374,,
0.99628,0.104903,0.979213,,
1.09876,0.130704,0.88371,,
1.70066,0.127154,0.895669,,
1.93546,0.142906,0.84495,,
3.25229,0.185951,0.730602,,
0.284104,0.103748,0.98402,,
3.70643,0.100068,0.999705,,
0.512935,0.122511,0.911826,,
1.27514,0.135801,0.867096,,
1.26289,0.141279,0.849923,,
0.27604,0.0399715,1.39825,,
1.27412,0.113067,0.946664,,
1.77374,0.0929117,1.03193,,
0.639679,0.0741345,1.12998,,
1.07598,0.12054,0.918868,,
2.07588,0.0806443,1.09343,,
0.946646,0.0532447,1.27372,,
1.91926,0.114628,0.940711,,
1.72538,0.0785506,1.10485,,
1.13071,0.06403,1.19362,,
4.49611,0.180283,0.744045,,
8.60346,0.170206,0.769026,,
8.60517,0.170032,0.76947,,
0.484786,0.100578,0.997498,,
2.31731,0.112291,0.949653,,
4.04451,0.135573,0.867826,,
19.5633,0.0723374,1.14064,,
2.68369,0.0355383,1.4493,,
0.286938,0.063734,1.19563,,
3.21067,0.0496391,1.30418,,
1.00484,0.0680152,1.16739,,
1.50212,0.110794,0.955484,,
1.55472,0.0519484,1.28443,,
5.15232,0.123904,0.906915,,
6.92644,0.166266,0.779197,,
4.03769,0.145617,0.836789,,
0.399849,0.105061,0.978557,,
2.37435,0.158993,0.798622,,
47.7101,0.166943,0.777432,,
2.4622,0.0534573,1.27199,,
0.759709,0.0987657,1.00539,,
2.20164,0.11059,0.956284,,
1.16927,0.0666627,1.17612,,
3.8606,0.200264,0.698396,,
0.429849,0.190327,0.720499,,
0.244162,0.0943821,1.02511,,
4.4696,0.0583552,1.23392,,
4.47839,0.0908017,1.04191,,
4.96392,0.213921,0.669747,,
1.12819,0.004,2.39794,,
1.33782,0.17195,0.764599,,
1.08992,0.108634,0.964033,,
3.06441,0.147284,0.831844,,
0.496172,0.0966762,1.01468,,
0.451113,0.107885,0.967041,,
3.63536,0.096165,1.01698,,
0.910911,0.103599,0.984645,,
4.63531,0.156447,0.805633,,
2.27138,0.137683,0.86112,,
1.43691,0.159087,0.798365,,
0.6663,0.101607,0.993076,,
2.0945,0.132299,0.878445,,
1.05562,0.110353,0.957216,,
3.63553,0.172095,0.764233,,
0.419899,0.150674,0.821962,,
5.85222,0.093328,1.02999,,
1.07165,0.167294,0.776519,,
7.09035,0.1002,0.999131,,
2.49943,0.0817884,1.08731,,
5.26417,0.165711,0.780649,,
2.51544,0.0180046,1.74462,,
0.357778,0.0853608,1.06874,,
1.67774,0.132847,0.876648,,
1.78637,0.192189,0.716272,,
8.28942,0.0784575,1.10537,,
1.11254,0.085626,1.06739,,
2.58542,0.14673,0.83348,,
8.60729,0.186585,0.729123,,
3.36753,0.166517,0.778541,,
7.59171,0.258244,0.58797,,
0.546727,0.13842,0.858801,,
0.863033,0.123407,0.908659,,
2.67712,0.180847,0.742689,,
0.590624,0.117998,0.928126,,
2.58703,0.0527323,1.27792,,
1.37259,0.105598,0.976343,,
2.67898,0.1282,0.892111,,
4.94024,0.10359,0.98468,,
0.230273,0.0704446,1.15215,,
0.599452,0.0749041,1.12549,,
5.17706,0.133924,0.873141,,
0.395367,0.0701759,1.15381,,
1.99908,0.0639434,1.1942,,
1.39562,0.16104,0.793067,,
3.0612,0.139241,0.856232,,
3.70228,0.0793709,1.10034,,
3.33926,0.188581,0.724502,,
3.88992,0.178094,0.749351,,
1.21517,0.0655148,1.18366,,
14.7872,0.194402,0.7113,,
3.98438,0.08336,1.07904,,
2.24585,0.0965124,1.01542,,
1.10376,0.120526,0.91892,,
5.31294,0.0473757,1.32444,,
3.12235,0.165696,0.780687,,
3.00881,0.0962454,1.01662,,
0.544173,0.0847458,1.07188,,
5.25276,0.150559,0.822294,,
2.7331,0.0590291,1.22893,,
0.604763,0.115907,0.935889,,
1.51034,0.101836,0.992098,,
0.591404,0.10157,0.993236,,
0.631323,0.0904218,1.04373,,
4.55417,0.0762645,1.11768,,
2.09056,0.117797,0.928866,,
5.92954,0.156949,0.804242,,
0.50101,0.0937607,1.02798,,
0.688921,0.0273542,1.56298,,
0.618405,0.129935,0.886273,,
1.76486,0.141505,0.849227,,
1.76728,0.210321,0.677117,,
5.28424,0.142336,0.846686,,
1.38619,0.1078,0.967382,,
1.54753,0.16313,0.787465,,
2.09581,0.149421,0.825588,,
1.35321,0.100565,0.997555,,
20.98,0.130024,0.885975,,
3.0441,0.116252,0.9346,,
0.291418,0.113591,0.944657,,
8.25268,0.180499,0.743526,,
1.0853,0.191126,0.71868,,
1.0676,0.0179854,1.74508,,
6.50658,0.121247,0.916329,,
2.86528,0.162616,0.788836,,
0.85805,0.10386,0.983551,,
1.45652,0.0903692,1.04398,,
5.66507,0.220261,0.657062,,
0.556233,0.124813,0.903741,,
5.15073,0.14331,0.843724,,
7.64175,0.154991,0.809693,,
0.26451,0.110078,0.958299,,
4.87707,0.147872,0.830115,,
1.08429,0.191391,0.718078,,
2.97797,0.10951,0.960545,,
3.04788,0.115849,0.936106,,
11.2252,0.135638,0.86762,,
2.43843,0.0497524,1.30319,,
2.06511,0.183641,0.73603,,
4.71668,0.167238,0.776664,,
7.91467,0.121503,0.915413,,
4.05611,0.142144,0.84727,,
1.72498,0.153155,0.814868,,
0.47126,0.0475737,1.32263,,
4.03042,0.124504,0.904815,,
0.977408,0.11888,0.924889,,
6.62656,0.165083,0.782298,,
7.923,0.196902,0.70575,,
1.33503,0.0692933,1.15931,,
3.91918,0.178881,0.747437,,
0.698847,0.0560828,1.25117,,
4.84785,0.16912,0.771806,,
1.28478,0.162849,0.788216,,
5.95224,0.114361,0.941722,,
2.42277,0.13022,0.885323,,
0.407164,0.0868843,1.06106,,
0.362703,0.0776157,1.11005,,
0.723946,0.23331,0.632066,,
0.532349,0.0984237,1.0069,,
22.3205,0.105539,0.976585,,
4.10183,0.0754649,1.12226,,
0.183374,0.129167,0.888849,,
12.1536,0.172969,0.762031,,
0.249462,0.092696,1.03294,,
4.76703,0.160031,0.795795,,
2.48831,0.004,2.39794,,
6.55854,0.153323,0.814392,,
0.981622,0.100459,0.998011,,
0.346585,0.0239643,1.62043,,
0.551767,0.139131,0.856576,,
7.89314,0.134846,0.870164,,
0.594299,0.0270388,1.56801,,
1.69516,0.0613887,1.21191,,
0.895781,0.200114,0.698722,,
0.95601,0.0808741,1.09219,,
0.145593,0.119353,0.923165,,
4.99988,0.193444,0.713444,,
0.497188,0.0369665,1.43219,,
5.64117,0.0631718,1.19948,,
4.51071,0.142826,0.845194,,
6.20133,0.162885,0.78812,,
5.16472,0.117,0.931815,,
1.12379,0.133199,0.875499,,
10.7669,0.136788,0.863953,,
2.48736,0.0992695,1.00318,,
1.94046,0.180036,0.744639,,
1.8255,0.116211,0.934754,,
2.83589,0.168626,0.773076,,
6.24418,0.0988644,1.00496,,
1.44494,0.149297,0.825948,,
1.21126,0.065655,1.18273,,
9.22108,0.116072,0.935271,,
0.566183,0.0735447,1.13345,,
6.35342,0.157091,0.803848,,
0.365358,0.0769648,1.11371,,
2.52037,0.0819311,1.08655,,
1.99583,0.147274,0.831873,,
4.79626,0.100083,0.999641,,
3.01963,0.0846091,1.07258,,
0.120351,0.107012,0.970567,,
6.90237,0.127422,0.894757,,
3.52569,0.161446,0.791972,,
2.59716,0.11457,0.940929,,
3.58686,0.192179,0.716295,,
8.46749,0.106328,0.973352,,
1.032,0.186254,0.729894,,
0.99457,0.19117,0.718579,,
10.1033,0.211092,0.675528,,
3.34017,0.15486,0.810062,,
4.32726,0.106212,0.973826,,
1.20617,0.123587,0.908028,,
30.6409,0.206971,0.684091,,
1.18355,0.0646305,1.18956,,
1.05539,0.122331,0.912464,,
11.6566,0.149068,0.826616,,
0.630005,0.139179,0.856425,,
2.98085,0.194581,0.7109,,
2.41566,0.104913,0.979171,,
29.4402,0.128879,0.889816,,
7.97634,0.169843,0.769952,,
0.685997,0.0936016,1.02872,,
7.52308,0.126184,0.898997,,
19.4988,0.202125,0.69438,,
10.1032,0.0732651,1.1351,,
2.58205,0.16665,0.778194,,
7.76534,0.105364,0.977308,,
1.76535,0.0501518,1.29971,,
1.61104,0.138003,0.860112,,
3.64888,0.0894403,1.04847,,
0.971362,0.146991,0.832711,,
0.608941,0.108475,0.964671,,
1.14002,0.141323,0.849788,,
0.90581,0.108893,0.963002,,
0.476495,0.0594903,1.22555,,
8.03018,0.114727,0.940334,,
1.7961,0.129533,0.887619,,
1.93758,0.0283791,1.547,,
1.32097,0.118032,0.927999,,
0.835665,0.117503,0.929953,,
5.63732,0.142211,0.847066,,
3.85159,0.0913264,1.0394,,
21.1749,0.142043,0.847579,,
0.689809,0.025757,1.5891,,
5.69599,0.0800205,1.0968,,
0.803307,0.0671641,1.17286,,
1.02998,0.0625375,1.20386,,
0.891621,0.0858541,1.06624,,
2.78384,0.166602,0.778319,,
0.682225,0.094193,1.02598,,
4.40531,0.200723,0.697403,,
1.79722,0.13814,0.859679,,
15.8155,0.151128,0.820655,,
5.43473,0.0680305,1.1673,,
5.61681,0.127813,0.893424,,
2.33794,0.184248,0.734598,,
3.55453,0.0898385,1.04654,,
1.33262,0.13289,0.876507,,
0.292898,0.0892465,1.04941,,
1.13194,0.0831456,1.08016,,
3.38887,0.209637,0.678532,,
0.326053,0.100995,0.995699,,
8.28734,0.179763,0.745301,,
2.94516,0.1906,0.719877,,
0.81828,0.0167007,1.77727,,
0.286493,0.0900334,1.0456,,
2.64334,0.0562751,1.24968,,
1.48898,0.0924738,1.03398,,
0.800097,0.167341,0.776397,,
2.233,0.143399,0.843453,,
0.784252,0.0490656,1.30922,,
4.20057,0.109279,0.961461,,
0.302381,0.16142,0.792042,,
0.444941,0.184641,0.733671,,
1.79707,0.0606587,1.21711,,
0.355423,0.0650343,1.18686,,
3.75911,0.105431,0.977031,,
7.28394,0.131431,0.881302,,
2.81642,0.0523639,1.28097,,
1.92967,0.128611,0.890723,,
1.98763,0.115484,0.937477,,
1.61734,0.138122,0.859736,,
1.16888,0.108371,0.965087,,
4.30532,0.100925,0.996001,,
1.84644,0.0872588,1.05919,,
0.555826,0.0617075,1.20966,,
3.15021,0.214561,0.66845,,
0.475031,0.0600641,1.22138,,
4.12444,0.209932,0.677921,,
11.9588,0.144055,0.841471,,
2.49984,0.118674,0.925645,,
0.611587,0.174299,0.758706,,
1.93748,0.0764534,1.1166,,
0.682184,0.136504,0.864855,,
8.96758,0.122965,0.910218,,
1.28074,0.0602496,1.22005,,
3.09727,0.142691,0.845604,,
12.085,0.11073,0.955735,,
1.20389,0.0718305,1.14369,,
1.33999,0.0748555,1.12578,,
1.65922,0.104138,0.982389,,
3.61681,0.0570394,1.24383,,
3.80668,0.116549,0.933493,,
0.336745,0.106445,0.972873,,
14.9758,0.147704,0.830609,,
0.965899,0.177914,0.74979,,
2.76613,0.125677,0.900745,,
0.739864,0.0409349,1.38791,,
5.92484,0.170327,0.768717,,
1.20153,0.087983,1.0556,,
13.6261,0.103879,0.983472,,
3.11346,0.126316,0.898543,,
1.39388,0.130863,0.883182,,
2.54413,0.156719,0.804878,,
3.00348,0.171087,0.766783,,
8.90964,0.133134,0.875711,,
2.11374,0.086022,1.06539,,
2.62718,0.0918641,1.03685,,
1.38194,0.154006,0.812463,,
1.35128,0.108686,0.963826,,
3.97961,0.144073,0.841418,,
6.77612,0.135424,0.868305,,
6.30254,0.189478,0.722442,,
6.11908,0.114274,0.942052,,
1.2474,0.14436,0.840552,,
9.47452,0.138639,0.858115,,
1.36152,0.0954235,1.02034,,
3.23807,0.0846236,1.07251,,
14.7792,0.213948,0.669691,,
18.0836,0.110046,0.958428,,
1.86334,0.105646,0.976146,,
2.55285,0.148131,0.829356,,
0.42745,0.10223,0.990423,,
2.38807,0.240939,0.618093,,
4.09512,0.0947577,1.02339,,
4.58986,0.221573,0.654483,,
3.16883,0.108606,0.964145,,
0.561534,0.0560456,1.25146,,
1.37254,0.0905622,1.04305,,
0.158159,0.0653549,1.18472,,
0.12968,0.0256258,1.59132,,
2.70931,0.0594397,1.22592,,
1.83886,0.125755,0.900474,,
1.37696,0.0203184,1.69211,,
0.623317,0.0396674,1.40157,,
0.435369,0.0934202,1.02956,,
1.28274,0.164312,0.784331,,
0.300423,0.0543895,1.26448,,
0.467183,0.0851354,1.06989,,
1.81255,0.0826564,1.08272,,
1.09123,0.0367322,1.43495,,
11.6033,0.163489,0.786511,,
7.26929,0.180242,0.744144,,
2.68573,0.0799049,1.09743,,
2.36001,0.170779,0.767565,,
1.00952,0.0749413,1.12528,,
2.37397,0.119034,0.924328,,
7.85349,0.184847,0.733188,,
1.3639,0.0858832,1.06609,,
3.86551,0.189788,0.721732,,
3.03292,0.167346,0.776384,,
2.83415,0.145802,0.836236,,
1.18415,0.110295,0.957446,,
6.12682,0.224457,0.648868,,
10.2088,0.154988,0.809701,,
4.74434,0.108387,0.965021,,
1.45849,0.10805,0.966375,,
1.76584,0.163647,0.786092,,
1.27819,0.100339,0.998529,,
0.527685,0.155345,0.808703,,
0.829903,0.0806188,1.09356,,
1.95496,0.138591,0.858265,,
2.12306,0.0855395,1.06783,,
1.3113,0.0688917,1.16183,,
1.80108,0.200972,0.696865,,
0.49924,0.199061,0.701014,,
0.360678,0.0918236,1.03705,,
5.33968,0.102357,0.989881,,
1.15203,0.0930884,1.0311,,
0.679945,0.132576,0.877536,,
1.02766,0.12294,0.910306,,
0.575474,0.0720531,1.14235,,
0.362714,0.194877,0.710239,,
10.1819,0.074804,1.12608,,
0.787583,0.155632,0.8079,,
2.16829,0.173361,0.761049,,
3.50207,0.143109,0.844334,,
0.725819,0.004,2.39794,,
2.46501,0.189714,0.721901,,
6.5059,0.103798,0.98381,,
1.38431,0.134861,0.870114,,
0.804409,0.0925414,1.03366,,
7.28111,0.175864,0.754823,,
4.41661,0.199918,0.699148,,
2.99629,0.0935514,1.02895,,
6.43172,0.0779843,1.10799,,
1.27726,0.141267,0.849961,,
2.37087,0.205059,0.688122,,
1.50548,0.103832,0.983667,,
1.96761,0.101238,0.994658,,
1.16644,0.0960202,1.01764,,
8.18599,0.145023,0.838562,,
9.30224,0.144876,0.839003,,
2.33012,0.0936946,1.02829,,
1.75867,0.193889,0.712448,,
1.26166,0.0878546,1.05624,,
5.04135,0.145362,0.837548,,
1.31985,0.0947777,1.02329,,
5.66253,0.111815,0.9515,,
2.42352,0.061535,1.21088,,
0.956719,0.111768,0.951682,,
1.32976,0.16119,0.792663,,
3.30967,0.135869,0.866879,,
3.9493,0.143371,0.843538,,
2.68039,0.210127,0.677519,,
3.78389,0.0847906,1.07165,,
0.760902,0.0283844,1.54692,,
1.61951,0.0522809,1.28166,,
0.782718,0.127861,0.89326,,
4.07154,0.104174,0.982239,,
2.31337,0.0739838,1.13086,,
1.21412,0.112966,0.947052,,
1.27366,0.0657629,1.18202,,
0.88191,0.150326,0.822967,,
1.52291,0.166039,0.779791,,
2.03401,0.0413267,1.38377,,
1.22298,0.124861,0.903571,,
1.43169,0.127787,0.893514,,
10.2519,0.0697064,1.15673,,
2.77864,0.146542,0.834037,,
9.86133,0.0923384,1.03462,,
4.83523,0.0517607,1.286,,
3.482,0.12986,0.886525,,
1.65433,0.199166,0.700785,,
2.13303,0.0967629,1.01429,,
2.20268,0.0510389,1.2921,,
1.03843,0.115655,0.936834,,
10.7097,0.194783,0.710448,,
5.21648,0.151263,0.820268,,
1.27956,0.212136,0.673386,,
3.71787,0.106171,0.973992,,
1.68223,0.13557,0.867837,,
5.14993,0.0605119,1.21816,,
1.36715,0.225778,0.646319,,
2.88778,0.102784,0.988074,,
5.88536,0.110964,0.954816,,
0.781851,0.113895,0.943496,,
8.50896,0.112268,0.949745,,
0.639148,0.0359453,1.44436,,
5.17099,0.130816,0.883338,,
1.3718,0.00609942,2.21471,,
1.98335,0.113029,0.946812,,
5.54417,0.0857249,1.06689,,
6.99741,0.169119,0.771808,,
6.07625,0.131063,0.882519,,
4.18516,0.136282,0.865561,,
1.86148,0.139663,0.85492,,
1.86354,0.100587,0.997457,,
0.726199,0.0937914,1.02784,,
0.637676,0.074264,1.12922,,
2.2646,0.127201,0.895508,,
6.35161,0.149,0.826815,,
3.4723,0.0965382,1.0153,,
2.18564,0.0668403,1.17496,,
2.33069,0.21194,0.673786,,
0.459968,0.110804,0.955445,,
8.66224,0.12583,0.900214,,
8.20986,0.188945,0.723664,,
0.294125,0.120401,0.919371,,
44.5682,0.170989,0.767033,,
6.89911,0.127242,0.89537,,
4.58874,0.0926668,1.03308,,
0.704423,0.114831,0.939942,,
1.56771,0.0962663,1.01653,,
0.308051,0.119234,0.923602,,
1.1948,0.118283,0.927076,,
2.54025,0.169572,0.770645,,
1.05534,0.119089,0.924128,,
1.2269,0.201488,0.69575,,
3.51717,0.171959,0.764576,,
5.34477,0.135957,0.866598,,
1.54505,0.103218,0.986245,,
5.25484,0.0690396,1.1609,,
0.977403,0.104835,0.979493,,
1.12548,0.111343,0.953336,,
0.64977,0.0706005,1.15119,,
2.18777,0.160408,0.794774,,
4.12449,0.0974286,1.01131,,
8.8724,0.142487,0.846225,,
32.1061,0.144427,0.840352,,
2.8376,0.147533,0.831112,,
0.958916,0.108339,0.965217,,
0.812431,0.106932,0.970891,,
5.96581,0.0980767,1.00843,,
4.58711,0.192554,0.715447,,
1.099,0.0477889,1.32067,,
3.13467,0.0351862,1.45363,,
1.13257,0.022142,1.65478,,
1.04311,0.11992,0.921109,,
2.2494,0.113128,0.946428,,
2.91349,0.0637755,1.19535,,
2.60654,0.17735,0.751169,,
1.37777,0.14797,0.829827,,
0.293155,0.0839725,1.07586,,
6.78529,0.161652,0.791418,,
5.28685,0.14127,0.849951,,
1.52644,0.0606431,1.21722,,
2.36097,0.10723,0.969684,,
0.499826,0.123054,0.909904,,
0.895292,0.103916,0.983319,,
2.67599,0.158158,0.800909,,
0.538275,0.136088,0.86618,,
5.68235,0.124346,0.90537,,
8.62779,0.10194,0.991654,,
4.18206,0.120118,0.920392,,
3.72593,0.199253,0.700595,,
8.37625,0.144874,0.839011,,
2.26222,0.0970994,1.01278,,
0.837857,0.112283,0.949686,,
0.430288,0.029108,1.53599,,
15.5686,0.0935445,1.02898,,
0.962935,0.0770857,1.11303,,
1.8176,0.10412,0.982464,,
1.32442,0.107603,0.968177,,
4.55658,0.13446,0.871406,,
5.61538,0.0736177,1.13302,,
1.05811,0.0656512,1.18276,,
1.56038,0.111043,0.954508,,
0.207314,0.124837,0.903657,,
0.171955,0.114693,0.940462,,
1.78666,0.173675,0.760262,,
0.355658,0.121025,0.917125,,
2.46896,0.144883,0.838983,,
2.2381,0.127711,0.893773,,
1.6974,0.101903,0.991814,,
0.365058,0.140079,0.853626,,
1.24249,0.103498,0.985068,,
3.93477,0.0802847,1.09537,,
1.47851,0.14672,0.833512,,
4.90524,0.156267,0.806132,,
11.2165,0.132036,0.879307,,
5.44895,0.121093,0.916879,,
1.69395,0.0514746,1.28841,,
1.04495,0.268999,0.57025,,
3.63168,0.114004,0.943082,,
8.30826,0.201677,0.695344,,
1.10359,0.170458,0.768382,,
3.87873,0.128674,0.89051,,
4.05644,0.158231,0.800708,,
1.93112,0.0835816,1.07789,,
6.01624,0.200623,0.697619,,
0.463677,0.126212,0.8989,,
0.198224,0.104927,0.979113,,
6.48536,0.154809,0.810205,,
4.84227,0.083755,1.07699,,
1.38461,0.147477,0.831276,,
1.65033,0.15158,0.819358,,
5.60781,0.143747,0.842401,,
2.2979,0.125385,0.901755,,
10.7691,0.132412,0.878074,,
11.0419,0.183045,0.737443,,
0.610213,0.0789523,1.10264,,
5.12218,0.125625,0.900924,,
0.983753,0.110343,0.957256,,
1.28634,0.0751051,1.12433,,
12.6668,0.10893,0.962853,,
6.28518,0.137496,0.86171,,
2.46361,0.0549233,1.26024,,
6.14969,0.167153,0.776886,,
2.99374,0.204528,0.689246,,
0.486715,0.106114,0.974229,,
0.888683,0.0944364,1.02486,,
3.8203,0.100028,0.999878,,
5.86245,0.105849,0.975313,,
1.69657,0.124401,0.905177,,
2.04479,0.133324,0.875091,,
2.4614,0.140765,0.851504,,
0.805691,0.166109,0.779608,,
1.02801,0.108476,0.964665,,
5.29129,0.138255,0.859321,,
0.535767,0.0532256,1.27388,,
1.4974,0.112267,0.949748,,
4.97447,0.132226,0.878683,,
1.84915,0.112918,0.947235,,
1.41131,0.151373,0.819952,,
3.95896,0.179755,0.74532,,
2.78908,0.123546,0.908172,,
11.1287,0.0869885,1.06054,,
2.96398,0.192127,0.716413,,
0.401443,0.0534676,1.27191,,
1.56398,0.115934,0.93579,,
4.07014,0.0957894,1.01868,,
12.4992,0.0890381,1.05042,,
2.29371,0.157368,0.803085,,
12.9322,0.140696,0.85172,,
15.0496,0.138276,0.859254,,
0.306214,0.0520617,1.28348,,
2.58371,0.130482,0.884449,,
1.0484,0.179881,0.745014,,
2.87308,0.137601,0.86138,,
1.41114,0.0602639,1.21994,,
1.362,0.0556993,1.25415,,
1.77997,0.121229,0.916392,,
4.7433,0.0719576,1.14292,,
0.408629,0.0978487,1.00945,,
2.28861,0.115171,0.938658,,
0.337413,0.141552,0.849083,,
8.61058,0.0906384,1.04269,,
2.73139,0.134645,0.870809,,
0.715979,0.0785496,1.10486,,
1.24582,0.123309,0.909006,,
15.9222,0.145273,0.837816,,
0.762921,0.0698155,1.15605,,
0.632227,0.0622233,1.20605,,
7.07301,0.14366,0.842664,,
7.40061,0.233064,0.632525,,
1.51043,0.0991793,1.00358,,
7.28936,0.239536,0.62063,,
5.39237,0.143898,0.841946,,
0.627196,0.117203,0.93106,,
4.11744,0.158902,0.798872,,
1.88364,0.10847,0.964689,,
3.22981,0.0898732,1.04637,,
3.91335,0.0717005,1.14448,,
1.70611,0.18986,0.721565,,
2.72954,0.0972312,1.01219,,
2.48628,0.114141,0.942557,,
0.892402,0.0490935,1.30898,,
1.72018,0.16059,0.794281,,
0.341809,0.101783,0.992323,,
2.2098,0.0906769,1.0425,,
2.41155,0.147229,0.832006,,
3.93443,0.125861,0.900109,,
2.94406,0.128013,0.892745,,
30.6574,0.145256,0.837865,,
1.87573,0.155422,0.808488,,
2.94847,0.125358,0.901849,,
3.09966,0.195617,0.708594,,
0.917158,0.0575991,1.23958,,
3.08843,0.101774,0.992363,,
0.14094,0.140374,0.852713,,
15.165,0.14339,0.843482,,
2.14275,0.131209,0.882035,,
3.96951,0.156916,0.804334,,
7.08662,0.133809,0.873516,,
0.296973,0.0456935,1.34015,,
18.513,0.214012,0.669562,,
1.56948,0.120154,0.920263,,
1.93263,0.120557,0.918809,,
4.35471,0.0597103,1.22395,,
0.994147,0.0173212,1.76142,,
8.6429,0.19194,0.716834,,
0.861376,0.0885631,1.05275,,
7.92837,0.0642575,1.19208,,
2.66592,0.136975,0.863359,,
4.10792,0.130117,0.885667,,
6.56802,0.108798,0.963379,,
8.36734,0.173709,0.760179,,
4.31046,0.161962,0.790588,,
1.19523,0.148236,0.829046,,
5.83722,0.214901,0.667761,,
1.07284,0.119312,0.923316,,
0.549828,0.0895137,1.04811,,
0.576552,0.153664,0.813427,,
0.662741,0.0759157,1.11967,,
2.3868,0.157723,0.802105,,
3.52453,0.217975,0.661593,,
0.13682,0.0857685,1.06667,,
1.41941,0.0982837,1.00752,,
1.02632,0.0891674,1.04979,,
6.195,0.139946,0.85404,,
2.61472,0.125237,0.902268,,
0.512559,0.0656752,1.1826,,
4.23278,0.122838,0.910669,,
14.4559,0.0594577,1.22579,,
0.423042,0.0697059,1.15673,,
11.8796,0.198484,0.702273,,
4.4998,0.109552,0.960378,,
2.65886,0.0935473,1.02897,,
2.04203,0.129293,0.888424,,
1.39352,0.0880183,1.05543,,
3.4311,0.182827,0.737959,,
1.12411,0.013817,1.85959,,
6.12272,0.116422,0.933964,,
6.12844,0.111474,0.952827,,
1.17693,0.106027,0.974583,,
1.78622,0.12082,0.917861,,
1.32478,0.061703,1.20969,,
2.03865,0.113803,0.943845,,
3.00922,0.150518,0.822412,,
2.28106,0.027562,1.55969,,
2.87028,0.0518902,1.28492,,
12.784,0.298,0.525784,,
5.83347,0.0842199,1.07459,,
1.43889,0.103813,0.98375,,
1.41494,0.0388719,1.41036,,
0.602738,0.102188,0.990598,,
5.55987,0.140539,0.852203,,
0.797098,0.0708283,1.14979,,
2.26574,0.15572,0.807656,,
3.28159,0.123395,0.908702,,
0.261613,0.178562,0.748211,,
0.337852,0.0789315,1.10275,,
0.869166,0.122482,0.911928,,
1.43634,0.126082,0.899349,,
0.950444,0.0943857,1.02509,,
0.991791,0.118314,0.926963,,
5.19042,0.131844,0.87994,,
2.5225,0.133984,0.872948,,
2.38005,0.114248,0.942153,,
1.74235,0.0732245,1.13534,,
0.797543,0.158391,0.800269,,
2.10326,0.0658035,1.18175,,
18.5129,0.0654401,1.18416,,
2.75848,0.0693876,1.15872,,
2.36337,0.149585,0.825112,,
1.79581,0.0973383,1.01172,,
1.5903,0.117569,0.929709,,
2.04116,0.120465,0.91914,,
2.19117,0.117609,0.929559,,
0.723991,0.164684,0.783349,,
9.43602,0.169025,0.772049,,
1.47196,0.0710099,1.14868,,
1.15316,0.126135,0.899163,,
9.02787,0.182796,0.738034,,
0.773121,0.0776722,1.10973,,
1.14312,0.135613,0.8677,,
1.36743,0.0427044,1.36953,,
1.36958,0.128277,0.89185,,
2.59261,0.0958673,1.01833,,
0.620557,0.0934059,1.02963,,
0.772815,0.153758,0.813162,,
0.527537,0.0737519,1.13223,,
11.6437,0.176703,0.752757,,
1.3595,0.0986616,1.00585,,
4.49668,0.103815,0.983739,,
0.455882,0.10155,0.993321,,
1.44819,0.15999,0.795907,,
2.77163,0.119712,0.921863,,
5.84063,0.0980562,1.00853,,
0.800011,0.0481761,1.31717,,
3.07733,0.16762,0.775675,,
0.884838,0.118354,0.926817,,
1.75525,0.0641029,1.19312,,
1.74379,0.121634,0.914944,,
0.355736,0.103752,0.984004,,
0.780665,0.122969,0.910203,,
0.772965,0.058153,1.23543,,
2.32286,0.146902,0.832973,,
4.8968,0.233723,0.631299,,
2.46689,0.142114,0.847364,,
1.37014,0.0682279,1.16604,,
1.82637,0.130813,0.88335,,
15.1987,0.110993,0.954703,,
3.65255,0.108523,0.96448,,
17.2372,0.111822,0.951473,,
1.48348,0.129154,0.888892,,
3.28839,0.0908441,1.0417,,
4.31614,0.0635733,1.19673,,
10.4632,0.114095,0.942733,,
0.75944,0.130223,0.885312,,
1.09051,0.0940827,1.02649,,
4.47049,0.0989191,1.00472,,
0.717558,0.0744924,1.12789,,
0.56768,0.0889102,1.05105,,
1.7208,0.193452,0.713426,,
2.20354,0.134747,0.870482,,
1.04638,0.0915296,1.03844,,
14.9625,0.132773,0.876891,,
3.25974,0.0309012,1.51002,,
3.23128,0.128089,0.892489,,
4.74761,0.178063,0.749427,,
4.18961,0.222718,0.652244,,
1.99077,0.105405,0.977137,,
0.258604,0.115878,0.936001,,
1.30351,0.144173,0.841116,,
2.10555,0.100917,0.996036,,
1.75431,0.0984392,1.00683,,
1.57642,0.137386,0.862058,,
2.43659,0.131016,0.882676,,
2.04139,0.119571,0.922375,,
4.24209,0.125086,0.90279,,
2.28887,0.119724,0.92182,,
2.37532,0.104118,0.982472,,
0.429088,0.0699777,1.15504,,
3.90751,0.137158,0.862779,,
1.5861,0.0718312,1.14369,,
1.71437,0.101085,0.995312,,
1.52984,0.173771,0.760022,,
0.86912,0.106248,0.97368,,
1.3743,0.130941,0.882925,,
3.12469,0.128299,0.891777,,
4.52684,0.11986,0.921325,,
1.27715,0.0848942,1.07112,,
0.793012,0.0607289,1.2166,,
0.859082,0.106482,0.972725,,
10.133,0.0931774,1.03069,,
3.93667,0.109086,0.962229,,
7.4433,0.132555,0.877604,,
6.95164,0.163056,0.787662,,
3.78357,0.137027,0.863193,,
1.77653,0.11821,0.927347,,
3.34814,0.147341,0.831678,,
14.534,0.096862,1.01385,,
1.5968,0.0718389,1.14364,,
0.217188,0.0446479,1.3502,,
1.66768,0.181169,0.741916,,
13.0693,0.14082,0.851337,,
0.44262,0.0657725,1.18196,,
0.732526,0.0398766,1.39928,,
0.712851,0.173967,0.759533,,
4.11296,0.0138247,1.85934,,
3.83685,0.128594,0.890781,,
1.08541,0.0514382,1.28871,,
1.24715,0.12596,0.899768,,
5.7502,0.0405036,1.39251,,
0.220821,0.0654335,1.1842,,
3.3289,0.191993,0.716714,,
1.39468,0.137626,0.861299,,
0.382569,0.004,2.39794,,
1.11795,0.15548,0.808326,,
3.5506,0.128794,0.890105,,
6.76181,0.0675253,1.17053,,
1.1329,0.0663702,1.17803,,
0.724053,0.0651093,1.18636,,
2.3518,0.0694122,1.15856,,
3.23494,0.0789705,1.10254,,
1.27447,0.102442,0.989523,,
1.20919,0.113783,0.943923,,
1.37637,0.126944,0.896388,,
4.11245,0.157576,0.802509,,
1.26414,0.132849,0.876641,,
4.39125,0.0848296,1.07145,,
0.507512,0.139326,0.855967,,
0.281287,0.0936105,1.02868,,
3.07678,0.105761,0.975673,,
1.85412,0.115505,0.937398,,
3.36844,0.0658416,1.1815,,
3.87144,0.110859,0.955229,,
1.48392,0.119044,0.924292,,
2.68866,0.145993,0.835668,,
1.64459,0.075838,1.12011,,
2.91369,0.0837941,1.07679,,
3.73558,0.17939,0.746201,,
2.61674,0.114585,0.940872,,
1.14849,0.0986361,1.00596,,
0.675775,0.122631,0.9114,,
1.08306,0.0362293,1.44094,,
1.03496,0.187,0.728159,,
5.89896,0.0547126,1.26191,,
2.08214,0.156185,0.806361,,
6.27398,0.197646,0.704112,,
4.03773,0.0988674,1.00495,,
1.94759,0.0533182,1.27312,,
0.846744,0.065264,1.18533,,
1.55278,0.0287159,1.54188,,
55.7902,0.213435,0.670735,,
1.98225,0.160541,0.794413,,
3.11878,0.131866,0.879866,,
1.73871,0.102766,0.98815,,
3.14358,0.157953,0.801473,,
0.967823,0.119604,0.922254,,
1.88103,0.149061,0.826636,,
0.884899,0.0815755,1.08844,,
3.5279,0.147508,0.831184,,
2.59665,0.0916581,1.03783,,
1.35478,0.0426793,1.36978,,
2.8844,0.157674,0.80224,,
0.961366,0.0891963,1.04965,,
0.583703,0.0974722,1.01112,,
1.94662,0.0449042,1.34771,,
0.963006,0.0659388,1.18086,,
2.52862,0.190556,0.719978,,
3.50125,0.167758,0.775318,,
1.28722,0.0578666,1.23757,,
0.634809,0.0898331,1.04656,,
3.54489,0.122148,0.913113,,
1.23298,0.0384159,1.41549,,
2.00804,0.114793,0.940085,,
1.16338,0.151336,0.820059,,
8.68624,0.15109,0.820764,,
1.72799,0.0932597,1.03031,,
0.857579,0.129518,0.88767,,
1.0198,0.151441,0.819756,,
2.2468,0.136469,0.864966,,
1.36329,0.116144,0.935004,,
2.02897,0.0244829,1.61114,,
0.207218,0.0561256,1.25084,,
0.168423,0.0455347,1.34166,,
4.89217,0.205593,0.686992,,
1.88934,0.113326,0.945671,,
1.40916,0.0463215,1.33422,,
1.86687,0.12299,0.910129,,
1.98129,0.135946,0.866635,,
6.53487,0.119949,0.921005,,
4.12233,0.114936,0.939545,,
2.11302,0.130246,0.885234,,
2.31781,0.0925493,1.03363,,
2.75684,0.131309,0.881707,,
1.91384,0.0388137,1.41102,,
1.03159,0.135778,0.86717,,
0.941181,0.0729531,1.13696,,
3.15887,0.126892,0.896565,,
1.65618,0.0858878,1.06607,,
2.30782,0.0866167,1.0624,,
0.971001,0.0725265,1.1395,,
16.1307,0.118726,0.925454,,
3.13737,0.147762,0.830437,,
9.75398,0.140142,0.853431,,
1.02323,0.137686,0.861111,,
1.82047,0.187498,0.727004,,
14.2268,0.16164,0.791451,,
2.00138,0.111269,0.953628,,
1.5614,0.165081,0.782304,,
0.756903,0.128501,0.891094,,
2.13794,0.13409,0.872604,,
1.53475,0.119999,0.920821,,
0.361552,0.0770495,1.11323,,
5.11853,0.130145,0.885573,,
5.67178,0.0993553,1.00281,,
0.518094,0.0455647,1.34137,,
12.8267,0.159023,0.798541,,
6.14446,0.0657761,1.18193,,
2.2122,0.108366,0.965109,,
2.18648,0.178554,0.74823,,
0.261953,0.0752138,1.1237,,
5.0875,0.115947,0.93574,,
1.70521,0.105858,0.975278,,
2.53982,0.154797,0.810238,,
12.3169,0.120209,0.920062,,
0.845667,0.0745787,1.12739,,
0.374922,0.0559616,1.25211,,
2.00119,0.0416355,1.38054,,
3.61155,0.0596519,1.22438,,
1.24782,0.116467,0.933799,,
2.31876,0.13879,0.857641,,
1.56417,0.0733353,1.13469,,
2.8943,0.0920718,1.03587,,
3.29395,0.185915,0.730685,,
10.371,0.238712,0.622126,,
2.75656,0.0837937,1.07679,,
5.75247,0.109509,0.960551,,
6.41429,0.117015,0.93176,,
0.907177,0.111127,0.95418,,
2.18217,0.142537,0.846072,,
1.05544,0.237345,0.624619,,
2.86044,0.0855696,1.06768,,
0.685438,0.0625102,1.20405,,
1.2212,0.0663714,1.17802,,
3.51333,0.0912645,1.0397,,
3.16275,0.176967,0.752108,,
0.15979,0.00990704,2.00406,,
1.59099,0.0526982,1.2782,,
3.21032,0.0830597,1.08061,,
1.32827,0.100215,0.999067,,
7.64973,0.188546,0.724583,,
1.83044,0.108546,0.964386,,
3.01761,0.115524,0.937327,,
0.179654,0.0496844,1.30378,,
1.68881,0.0900675,1.04543,,
19.0648,0.182685,0.738298,,
1.9604,0.16317,0.787359,,
0.996384,0.133296,0.875182,,
1.84428,0.0631058,1.19993,,
1.26029,0.0890055,1.05058,,
3.91755,0.167525,0.775921,,
0.9986,0.104891,0.979264,,
2.18377,0.118176,0.927469,,
0.686251,0.0861738,1.06462,,
1.74295,0.101481,0.993614,,
2.03201,0.0579202,1.23717,,
7.01485,0.163306,0.786999,,
1.40649,0.157137,0.803721,,
0.529265,0.0790194,1.10227,,
0.597911,0.127961,0.892922,,
0.483579,0.112922,0.94722,,
2.30432,0.0776439,1.10989,,
1.51436,0.0726597,1.13871,,
1.9863,0.177179,0.751588,,
6.42451,0.166551,0.778454,,
2.048,0.0948538,1.02295,,
3.00648,0.166155,0.779487,,
4.2553,0.205748,0.686665,,
1.18183,0.142611,0.845847,,
1.99505,0.174837,0.757367,,
5.08365,0.0792925,1.10077,,
1.53232,0.137309,0.862301,,
0.91706,0.0793109,1.10067,,
2.45975,0.182691,0.738282,,
4.02601,0.0280439,1.55216,,
1.20388,0.104082,0.982626,,
5.93138,0.0879442,1.05579,,
0.692801,0.146107,0.835329,,
1.50918,0.194688,0.710662,,
1.19082,0.063997,1.19384,,
1.51758,0.157801,0.801889,,
3.01762,0.030943,1.50944,,
0.299307,0.0412448,1.38463,,
2.73049,0.140556,0.85215,,
0.375535,0.0926367,1.03322,,
3.36235,0.125426,0.901611,,
1.50106,0.160094,0.795624,,
1.38751,0.130242,0.88525,,
0.523071,0.127525,0.894406,,
0.706206,0.149182,0.826285,,
1.10609,0.119859,0.921331,,
3.3122,0.165553,0.781063,,
1.09225,0.123791,0.907312,,
0.712568,0.0852089,1.06952,,
10.4548,0.178729,0.747805,,
15.95,0.143851,0.842088,,
2.27233,0.177373,0.751113,,
2.05783,0.0483779,1.31535,,
0.0645223,0.0524134,1.28056,,
1.59689,0.0582875,1.23442,,
0.382137,0.114947,0.939503,,
0.824686,0.139985,0.853917,,
17.8313,0.214506,0.66856,,
3.17075,0.0561916,1.25033,,
0.336253,0.166318,0.77906,,
2.89219,0.26841,0.571201,,
0.419677,0.116988,0.931857,,
0.664019,0.0951046,1.0218,,
0.532291,0.0650318,1.18687,,
0.459021,0.113821,0.943779,,
1.93161,0.0718911,1.14332,,
2.67436,0.141737,0.848516,,
1.49464,0.107018,0.970541,,
1.39885,0.102444,0.989514,,
6.93187,0.204074,0.690211,,
1.18441,0.0777035,1.10956,,
2.1533,0.154695,0.810523,,
0.523852,0.0444143,1.35248,,
0.845732,0.0862641,1.06417,,
1.27026,0.141368,0.849648,,
4.13375,0.14919,0.82626,,
2.08102,0.0960938,1.0173,,
9.3304,0.141397,0.849559,,
5.49634,0.196213,0.707272,,
0.773089,0.0821588,1.08535,,
1.18227,0.0595169,1.22536,,
1.85513,0.123131,0.909633,,
14.4208,0.144824,0.83916,,
3.5004,0.137175,0.862726,,
0.342621,0.0582565,1.23466,,
3.04758,0.131604,0.880732,,
2.40735,0.134995,0.869683,,
0.288167,0.100022,0.999906,,
24.1975,0.115397,0.937804,,
17.169,0.142118,0.84735,,
1.59995,0.120544,0.918856,,
3.48566,0.0701017,1.15427,,
1.64894,0.148337,0.828752,,
16.3248,0.154028,0.8124,,
0.781607,0.0947022,1.02364,,
3.87298,0.167693,0.775485,,
40.8762,0.115961,0.935686,,
0.890561,0.166944,0.777429,,
2.03347,0.102048,0.991196,,
13.8042,0.193953,0.712303,,
3.44002,0.100539,0.997666,,
3.32985,0.0970014,1.01322,,
1.9014,0.143823,0.842172,,
0.915261,0.151789,0.818759,,
3.19967,0.218355,0.660838,,
2.02744,0.126958,0.89634,,
2.97547,0.146692,0.833595,,
0.489254,0.144214,0.840993,,
0.809139,0.126738,0.897093,,
3.2414,0.144133,0.841238,,
0.986929,0.004,2.39794,,
7.80784,0.248817,0.60412,,
6.44684,0.198173,0.702957,,
4.44657,0.0886379,1.05238,,
0.976139,0.0917772,1.03726,,
5.08282,0.17506,0.756814,,
3.00207,0.102817,0.987933,,
6.50206,0.127511,0.894454,,
46.1741,0.173929,0.759629,,
2.18583,0.0870372,1.0603,,
4.05515,0.13919,0.856392,,
10.6172,0.169905,0.769795,,
0.817648,0.0561241,1.25085,,
2.11216,0.0769714,1.11367,,
0.381213,0.189389,0.722646,,
1.17424,0.161699,0.791294,,
0.772247,0.0459205,1.33799,,
0.91686,0.145763,0.836354,,
7.02092,0.0889816,1.0507,,
1.30557,0.0948249,1.02308,,
1.2565,0.115051,0.939108,,
0.727542,0.101888,0.991878,,
8.4187,0.129285,0.888452,,
0.8769,0.206762,0.684528,,
8.82306,0.0849545,1.07081,,
1.11532,0.0775777,1.11026,,
1.59356,0.1492,0.826233,,
12.6554,0.169223,0.77154,,
3.59864,0.139541,0.855299,,
1.18387,0.161035,0.793079,,
4.00777,0.131312,0.881694,,
3.43217,0.11619,0.934831,,
9.3323,0.166027,0.779821,,
1.36174,0.105895,0.975125,,
1.03179,0.213103,0.67141,,
2.30051,0.147051,0.832531,,
2.65487,0.129018,0.88935,,
3.14953,0.0703802,1.15255,,
1.74808,0.180077,0.744542,,
4.3585,0.154591,0.810814,,
2.74046,0.160733,0.793896,,
1.67067,0.116041,0.935389,,
5.8927,0.142428,0.846403,,
0.692289,0.0798127,1.09793,,
4.64304,0.118598,0.925924,,
35.9869,0.207688,0.682588,,
3.19395,0.195709,0.70839,,
0.600894,0.135222,0.868952,,
1.81649,0.141269,0.849954,,
5.67845,0.266105,0.574947,,
0.841454,0.0682352,1.16599,,
0.890481,0.0616794,1.20986,,
1.44891,0.163757,0.785801,,
2.88262,0.0910829,1.04056,,
1.19483,0.170716,0.767727,,
0.527986,0.0755561,1.12173,,
0.87608,0.113461,0.945153,,
1.56088,0.0927387,1.03274,,
6.22068,0.258881,0.5869,,
5.10217,0.174326,0.758639,,
0.548544,0.077504,1.11068,,
3.9824,0.101398,0.993969,,
6.20368,0.113164,0.946291,,
1.11991,0.140133,0.853459,,
5.30547,0.220741,0.656117,,
1.10448,0.0673852,1.17144,,
21.5123,0.147216,0.832046,,
12.4075,0.175841,0.754879,,
3.57345,0.160841,0.793604,,
1.73865,0.0692514,1.15957,,
3.88043,0.20805,0.681832,,
0.773721,0.0415663,1.38126,,
1.76553,0.185148,0.732481,,
4.48873,0.128875,0.88983,,
1.88318,0.072795,1.1379,,
5.79834,0.141889,0.84805,,
0.437311,0.071397,1.14632,,
1.50003,0.0745124,1.12777,,
4.73444,0.128667,0.890534,,
4.24835,0.140776,0.851472,,
0.406897,0.0828327,1.0818,,
1.71806,0.0420594,1.37614,,
8.5075,0.0996739,1.00142,,
0.481175,0.11903,0.924342,,
0.485738,0.14018,0.853315,,
2.06222,0.133762,0.873667,,
1.4784,0.0874,1.05849,,
1.26242,0.164737,0.783209,,
1.31606,0.0363412,1.4396,,
2.31578,0.223355,0.651004,,
1.36296,0.0939207,1.02724,,
4.93157,0.158146,0.800943,,
0.609713,0.072742,1.13821,,
1.38364,0.0802892,1.09534,,
0.776612,0.167131,0.776943,,
0.658653,0.119189,0.923765,,
1.07375,0.0590535,1.22875,,
5.48988,0.182137,0.739602,,
3.52986,0.0368469,1.4336,,
0.636062,0.038982,1.40914,,
1.66598,0.10183,0.992125,,
2.13306,0.106612,0.972194,,
4.06225,0.101315,0.994327,,
2.25514,0.21692,0.6637,,
1.33255,0.139584,0.855164,,
22.5212,0.15784,0.801784,,
1.41394,0.0149596,1.82508,,
1.86883,0.004,2.39794,,
1.39874,0.119725,0.921815,,
1.00089,0.0609326,1.21515,,
1.56316,0.185171,0.732426,,
0.459095,0.0430117,1.36641,,
2.86605,0.192218,0.716205,,
0.386003,0.213352,0.670903,,
1.54135,0.121236,0.91637,,
6.43353,0.123678,0.907707,,
1.37942,0.0748096,1.12604,,
2.34747,0.0461517,1.33581,,
0.551037,0.0597798,1.22345,,
0.860659,0.0723486,1.14057,,
9.57301,0.144066,0.841438,,
2.44681,0.146368,0.834553,,
6.51418,0.135397,0.86839,,
2.95098,0.0699198,1.1554,,
12.0045,0.108273,0.96548,,
4.03914,0.106714,0.971779,,
1.44017,0.190991,0.718986,,
2.16221,0.142515,0.84614,,
0.450533,0.040773,1.38963,,
0.186491,0.0704309,1.15224,,
0.995326,0.150232,0.823237,,
13.9202,0.146876,0.833048,,
1.87762,0.0485309,1.31398,,
0.606411,0.161851,0.790886,,
4.69287,0.115737,0.93653,,
0.369617,0.004,2.39794,,
1.12184,0.0242186,1.61585,,
15.0551,0.145055,0.838468,,
13.6886,0.117154,0.931244,,
1.59106,0.0350809,1.45493,,
0.346389,0.0374308,1.42677,,
1.37736,0.168203,0.774166,,
3.05819,0.122839,0.910665,,
5.7319,0.155469,0.808356,,
6.18524,0.177996,0.74959,,
2.11825,0.141623,0.848866,,
0.963773,0.0759772,1.11932,,
3.20936,0.133647,0.87404,,
1.0113,0.169598,0.770579,,
0.731973,0.0849201,1.07099,,
1.47893,0.17657,0.753084,,
2.3767,0.0937072,1.02823,,
18.4908,0.121663,0.914842,,
3.05446,0.0904313,1.04368,,
1.0952,0.0502343,1.299,,
1.00668,0.103863,0.983541,,
1.47685,0.0947101,1.0236,,
3.14253,0.12772,0.893741,,
1.58893,0.144032,0.84154,,
0.605941,0.0350843,1.45489,,
4.32979,0.140905,0.851074,,
3.65823,0.00602799,2.21983,,
2.29783,0.0955417,1.01981,,
1.67867,0.145789,0.836274,,
6.89821,0.15451,0.811042,,
2.2265,0.0380305,1.41987,,
6.28432,0.145179,0.838097,,
0.487531,0.124398,0.905188,,
1.91451,0.149334,0.825842,,
2.16178,0.117163,0.931211,,
7.85977,0.167667,0.775552,,
2.8647,0.0625943,1.20347,,
8.13664,0.150813,0.821561,,
2.28192,0.0651071,1.18637,,
1.9412,0.186904,0.728382,,
0.448617,0.0150976,1.82109,,
0.438778,0.112543,0.948682,,
4.04787,0.0932764,1.03023,,
1.3202,0.125779,0.90039,,
1.70876,0.0631465,1.19965,,
27.8034,0.196331,0.70701,,
1.86371,0.192361,0.715882,,
30.7446,0.135472,0.86815,,
0.292739,0.0238101,1.62324,,
5.76843,0.0625621,1.20369,,
3.97576,0.138597,0.858245,,
9.60669,0.131318,0.881677,,
2.22444,0.142773,0.845354,,
0.265601,0.004,2.39794,,
0.589952,0.126538,0.897779,,
7.59467,0.161726,0.791221,,
0.967706,0.0564244,1.24853,,
0.94457,0.126279,0.898667,,
4.21852,0.177558,0.750661,,
3.28212,0.183616,0.736089,,
5.87909,0.17007,0.769372,,
0.508541,0.0768855,1.11416,,
4.97729,0.108388,0.965018,,
1.19573,0.121712,0.914667,,
0.253086,0.0256259,1.59132,,
0.289328,0.0224926,1.64796,,
0.970404,0.0546511,1.2624,,
11.8414,0.125976,0.899711,,
0.825343,0.166309,0.779084,,
3.55869,0.185423,0.731837,,
10.1681,0.122004,0.913625,,
1.74701,0.0665842,1.17663,,
3.684,0.166114,0.779594,,
7.12762,0.143378,0.843517,,
3.78421,0.103647,0.984442,,
0.575454,0.118478,0.926363,,
2.4922,0.0300809,1.52171,,
0.324476,0.1182,0.927383,,
5.49337,0.0870075,1.06044,,
2.28681,0.138681,0.857984,,
1.41737,0.170369,0.768609,,
2.99259,0.155383,0.808596,,
3.33008,0.0503204,1.29826,,
0.531778,0.0672366,1.17239,,
3.57836,0.0668457,1.17493,,
5.19649,0.0892468,1.04941,,
0.724362,0.0812629,1.09011,,
0.674567,0.0731908,1.13554,,
1.15032,0.221947,0.65375,,
1.35534,0.135125,0.869264,,
0.864961,0.138858,0.857429,,
1.23138,0.155632,0.807901,,
0.591464,0.0882537,1.05427,,
1.73563,0.108368,0.965101,,
2.60159,0.119517,0.922572,,
0.86672,0.127926,0.893043,,
14.3708,0.0992975,1.00306,,
0.612497,0.14957,0.825157,,
1.37912,0.100623,0.997301,,
3.78752,0.0514369,1.28873,,
0.519905,0.0953662,1.02061,,
0.279472,0.0573427,1.24152,,
0.36944,0.0556032,1.2549,,
0.536325,0.123425,0.908596,,
0.911044,0.0690578,1.16079,,
0.351854,0.117279,0.930779,,
1.01825,0.0454157,1.34279,,
1.54911,0.141711,0.848596,,
1.14992,0.0729833,1.13678,,
0.28182,0.0702857,1.15313,,
0.524924,0.089426,1.04854,,
2.46385,0.0801703,1.09599,,
0.851752,0.144178,0.8411,,
0.203018,0.004,2.39794,,
3.30752,0.0996151,1.00167,,
1.27751,0.0589302,1.22966,,
2.58841,0.176167,0.754075,,
0.200718,0.0717884,1.14395,,
3.19734,0.137847,0.860602,,
1.98326,0.157346,0.803146,,
3.09582,0.10008,0.999653,,
5.72237,0.105183,0.978054,,
10.5001,0.227981,0.642102,,
1.27212,0.0824243,1.08394,,
0.196847,0.0823133,1.08453,,
5.00261,0.148786,0.827438,,
1.75966,0.122056,0.91344,,
1.01055,0.207448,0.68309,,
1.98577,0.0609316,1.21516,,
6.99903,0.16742,0.776193,,
2.90116,0.124799,0.903789,,
5.73302,0.175475,0.755785,,
0.315062,0.0527777,1.27755,,
6.69936,0.106774,0.971536,,
2.21346,0.138417,0.858811,,
3.75625,0.128327,0.891682,,
1.23935,0.061975,1.20778,,
1.24356,0.136665,0.864343,,
4.1968,0.198852,0.70147,,
2.36588,0.0789024,1.10291,,
2.71342,0.100683,0.997045,,
1.21277,0.2253,0.64724,,
0.741231,0.159859,0.796263,,
4.42878,0.204202,0.68994,,
1.21058,0.17225,0.76384,,
3.38598,0.141504,0.84923,,
3.49768,0.0151851,1.81858,,
1.75336,0.0888581,1.0513,,
3.86452,0.0497478,1.30323,,
18.0237,0.163091,0.78757,,
12.8956,0.160106,0.795593,,
3.19835,0.153248,0.814604,,
1.28026,0.0284668,1.54566,,
1.03401,0.111487,0.952777,,
4.73693,0.159725,0.796628,,
3.33464,0.126375,0.898338,,
2.6426,0.140968,0.850879,,
0.674746,0.004,2.39794,,
0.88312,0.00647725,2.18861,,
1.68269,0.12331,0.909002,,
2.12538,0.132296,0.878454,,
10.9699,0.0881065,1.05499,,
1.06322,0.0808383,1.09238,,
0.180544,0.0626756,1.2029,,
36.2784,0.167033,0.777197,,
3.24105,0.144368,0.840529,,
0.369257,0.0780306,1.10773,,
8.60999,0.148339,0.828746,,
2.96376,0.20677,0.684513,,
3.49277,0.136728,0.864142,,
2.16005,0.0573062,1.2418,,
0.353542,0.0693247,1.15911,,
0.53144,0.172487,0.763243,,
1.57599,0.0935783,1.02882,,
0.889106,0.156809,0.804628,,
1.8716,0.0675204,1.17057,,
5.10534,0.165633,0.780853,,
2.41341,0.147961,0.829853,,
4.43892,0.122531,0.911753,,
1.11685,0.185948,0.730608,,
2.70705,0.0865521,1.06272,,
0.544949,0.0869948,1.06051,,
1.00144,0.172342,0.763609,,
6.933,0.149593,0.82509,,
3.10593,0.226271,0.645371,,
5.20681,0.147598,0.830919,,
0.534649,0.0991164,1.00385,,
3.11506,0.192742,0.715024,,
2.67667,0.136544,0.864727,,
3.12555,0.0969128,1.01362,,
0.993732,0.0858518,1.06625,,
2.10709,0.122309,0.91254,,
1.29845,0.0450279,1.34652,,
1.58798,0.182033,0.73985,,
2.1913,0.0945739,1.02423,,
2.81829,0.136619,0.864489,,
2.59577,0.0985786,1.00622,,
0.56625,0.0419768,1.37699,,
4.83118,0.208671,0.680537,,
1.9139,0.0470294,1.32763,,
0.291908,0.0577414,1.23851,,
4.86498,0.191432,0.717985,,
6.4213,0.0661954,1.17917,,
10.084,0.147568,0.831006,,
9.91016,0.233487,0.631738,,
12.6189,0.189694,0.721946,,
0.215451,0.0281543,1.55045,,
8.47609,0.165364,0.78156,,
0.624067,0.0780756,1.10748,,
2.85273,0.142117,0.847354,,
2.21866,0.119075,0.92418,,
1.69906,0.0974836,1.01107,,
1.74362,0.0399403,1.39859,,
1.06873,0.0468838,1.32898,,
1.54163,0.144169,0.841128,,
0.193359,0.102695,0.98845,,
0.937214,0.0770714,1.11311,,
5.16739,0.15993,0.796071,,
2.14566,0.155582,0.80804,,
0.781755,0.139394,0.855757,,
11.6925,0.139696,0.854816,,
0.564259,0.0952502,1.02113,,
1.03971,0.0820579,1.08588,,
0.544972,0.116933,0.932061,,
0.785329,0.0401439,1.39638,,
1.21142,0.0560013,1.2518,,
3.39093,0.121681,0.914776,,
1.01596,0.0729195,1.13716,,
2.8799,0.162298,0.789686,,
5.07395,0.13644,0.865059,,
0.509365,0.128478,0.891173,,
4.50829,0.0902621,1.04449,,
3.79605,0.0600298,1.22163,,
22.5635,0.171728,0.76516,,
1.18008,0.0909538,1.04118,,
0.555231,0.0774525,1.11096,,
6.00743,0.121568,0.91518,,
2.29318,0.0927336,1.03276,,
0.925997,0.0951159,1.02175,,
0.821082,0.0700519,1.15458,,
0.75713,0.112931,0.947185,,
1.28134,0.036384,1.43909,,
1.61949,0.162286,0.789718,,
3.23174,0.100584,0.99747,,
1.65912,0.127512,0.89445,,
2.32144,0.184392,0.734258,,
1.27366,0.122382,0.912282,,
0.769002,0.0708963,1.14938,,
0.575859,0.0999622,1.00016,,
1.06467,0.0308456,1.51081,,
1.11371,0.0557038,1.25412,,
5.93149,0.165869,0.780235,,
0.851598,0.0925233,1.03375,,
0.396733,0.0873809,1.05858,,
3.28097,0.0387735,1.41146,,
1.032,0.0977945,1.00969,,
7.63597,0.0844952,1.07317,,
1.54602,0.211915,0.673839,,
4.91583,0.22104,0.655529,,
0.954979,0.08344,1.07863,,
2.40732,0.0747938,1.12613,,
10.3824,0.148527,0.828193,,
1.87779,0.064832,1.18821,,
5.50826,0.125197,0.902405,,
7.55146,0.128262,0.891901,,
0.877814,0.0322035,1.4921,,
1.65044,0.13645,0.865026,,
5.15329,0.142461,0.846304,,
1.13512,0.131387,0.881448,,
0.405651,0.12704,0.896061,,
7.4611,0.10516,0.97815,,
6.04583,0.126024,0.899545,,
0.920297,0.117522,0.929879,,
0.890478,0.0882842,1.05412,,
0.832232,0.154325,0.811564,,
12.2818,0.141532,0.849147,,
1.58956,0.119473,0.92273,,
0.669241,0.132193,0.878793,,
5.05536,0.143416,0.843402,,
1.1579,0.104129,0.982428,,
0.649922,0.115906,0.935895,,
0.895701,0.0859317,1.06585,,
2.76021,0.112347,0.949438,,
2.64557,0.0907811,1.042,,
7.19464,0.0958147,1.01857,,
0.364717,0.211926,0.673815,,
1.05125,0.0542505,1.2656,,
0.449913,0.037991,1.42032,,
0.924862,0.148243,0.829026,,
2.0236,0.114174,0.942431,,
4.99161,0.145697,0.836549,,
2.21948,0.0807686,1.09276,,
1.44382,0.0803431,1.09505,,
1.91462,0.15479,0.810256,,
6.44836,0.0381046,1.41902,,
0.116881,0.0907236,1.04228,,
1.86601,0.135895,0.866797,,
0.519205,0.115902,0.935909,,
1.27824,0.124374,0.905269,,
1.54412,0.134772,0.870401,,
5.08477,0.148846,0.827262,,
0.720545,0.144646,0.839694,,
2.85001,0.177546,0.75069,,
1.9809,0.11568,0.936742,,
1.01632,0.0977187,1.01002,,
1.05504,0.0570652,1.24363,,
1.05842,0.0447382,1.34932,,
0.2805,0.178031,0.749505,,
1.2475,0.0630945,1.20001,,
0.779096,0.136719,0.864171,,
1.31566,0.103375,0.985586,,
0.436543,0.144226,0.840955,,
1.88148,0.161679,0.791346,,
2.10061,0.164827,0.782972,,
0.253222,0.004,2.39794,,
0.406449,0.0849052,1.07107,,
8.24937,0.21342,0.670764,,
0.128364,0.0920145,1.03614,,
1.19799,0.0495407,1.30504,,
1.73868,0.131298,0.881742,,
0.710896,0.107369,0.96912,,
9.04432,0.0828215,1.08186,,
1.00651,0.179629,0.745623,,
2.71102,0.153963,0.812584,,
1.34483,0.115689,0.936707,,
1.3102,0.0560104,1.25173,,
2.10725,0.181742,0.740545,,
0.544108,0.0959223,1.01808,,
4.54769,0.153501,0.81389,,
3.30239,0.15491,0.809921,,
3.91688,0.151843,0.818606,,
0.358085,0.0753856,1.12271,,
0.983236,0.0571739,1.2428,,
8.42087,0.139973,0.853955,,
2.62807,0.100827,0.996421,,
0.903244,0.051823,1.28548,,
2.83829,0.121717,0.91465,,
0.215951,0.0320434,1.49426,,
2.52321,0.195711,0.708386,,
4.393,0.0700899,1.15434,,
1.70109,0.0895886,1.04775,,
2.34676,0.149964,0.824013,,
3.39517,0.145664,0.836648,,
1.10745,0.117908,0.928457,,
0.332682,0.104158,0.982307,,
9.75726,0.192047,0.716594,,
14.7049,0.124388,0.905221,,
2.22504,0.134435,0.871489,,
2.1188,0.135897,0.86679,,
3.57036,0.105643,0.976161,,
1.26865,0.0617594,1.2093,,
0.529087,0.0494594,1.30575,,
0.917865,0.0351438,1.45415,,
1.44091,0.13479,0.870341,,
4.566,0.257414,0.589368,,
5.86428,0.126683,0.897283,,
0.567526,0.103803,0.98379,,
4.23298,0.133097,0.875831,,
5.73186,0.112236,0.949869,,
11.7874,0.0807698,1.09275,,
4.30009,0.0533257,1.27306,,
0.923843,0.121413,0.915735,,
1.63081,0.0674935,1.17074,,
22.8282,0.123113,0.909696,,
2.76753,0.18673,0.728786,,
13.4434,0.157486,0.802758,,
0.186714,0.044446,1.35217,,
1.07489,0.0816793,1.08789,,
3.41801,0.195115,0.709708,,
2.17331,0.0902722,1.04445,,
4.34025,0.142603,0.845873,,
2.30119,0.0877897,1.05656,,
0.52966,0.0821534,1.08537,,
1.76879,0.125874,0.900066,,
8.7621,0.160371,0.794875,,
1.25689,0.0509855,1.29255,,
0.116846,0.004,2.39794,,
0.665497,0.059122,1.22825,,
3.29712,0.0708278,1.1498,,
0.76615,0.145024,0.838559,,
4.62851,0.175444,0.755861,,
9.93233,0.145812,0.836205,,
2.30079,0.00748459,2.12583,,
6.28936,0.146405,0.834444,,
1.46493,0.166163,0.779465,,
1.90648,0.0761148,1.11853,,
5.1072,0.110169,0.957942,,
0.121047,0.0850368,1.07039,,
3.46616,0.114171,0.942445,,
2.58012,0.0953987,1.02046,,
2.36011,0.177018,0.751981,,
2.3453,0.139446,0.855595,,
4.3768,0.0866815,1.06207,,
0.468171,0.0970687,1.01292,,
0.885156,0.16159,0.791587,,
7.97661,0.147946,0.829897,,
5.2261,0.163131,0.787462,,
0.494622,0.0744712,1.12801,,
1.32985,0.106517,0.972582,,
10.482,0.187541,0.726904,,
1.59855,0.116989,0.931854,,
5.53913,0.20729,0.683421,,
1.25893,0.104211,0.982087,,
1.39869,0.0423993,1.37264,,
4.41235,0.164613,0.783537,,
2.80775,0.0837768,1.07688,,
0.877311,0.139687,0.854844,,
4.10129,0.125374,0.901792,,
3.82079,0.0824253,1.08394,,
1.82379,0.1403,0.852944,,
8.08562,0.157401,0.802991,,
0.909029,0.201693,0.69531,,
1.21129,0.0684547,1.1646,,
3.3494,0.117537,0.929825,,
3.2944,0.0810942,1.09101,,
1.08107,0.124706,0.904114,,
1.19629,0.0884416,1.05334,,
1.8899,0.0334437,1.47569,,
1.42414,0.122708,0.911125,,
1.13954,0.120248,0.919922,,
5.88852,0.120631,0.918539,,
26.5214,0.100558,0.997585,,
1.40851,0.137666,0.861173,,
0.901276,0.111229,0.953783,,
1.81738,0.165434,0.781374,,
1.17784,0.132761,0.87693,,
6.33373,0.112598,0.948468,,
0.631783,0.140623,0.851945,,
1.23726,0.0856765,1.06714,,
2.71567,0.137771,0.860844,,
1.40197,0.0641583,1.19275,,
5.41027,0.0750294,1.12477,,
3.15655,0.181988,0.739957,,
4.06313,0.1999,0.699187,,
4.80508,0.121304,0.916123,,
2.44648,0.230158,0.637973,,
4.61751,0.222731,0.652219,,
1.65935,0.0677275,1.16924,,
21.6954,0.155283,0.808876,,
1.57942,0.0933176,1.03004,,
0.332893,0.0803765,1.09487,,
2.02185,0.163999,0.785159,,
2.2495,0.144606,0.839814,,
0.870104,0.0320678,1.49393,,
6.61085,0.115635,0.93691,,
0.306148,0.118428,0.926547,,
2.11956,0.11015,0.958016,,
4.11861,0.0616577,1.21001,,
0.0714909,0.0422852,1.37381,,
0.938976,0.177672,0.750381,,
5.673,0.19591,0.707943,,
1.57794,0.142277,0.846865,,
0.202778,0.0177931,1.74975,,
2.94585,0.193777,0.712698,,
4.89778,0.20947,0.678878,,
13.5713,0.259056,0.586606,,
1.49891,0.0975042,1.01098,,
4.71109,0.0984892,1.00661,,
3.8656,0.0911512,1.04024,,
2.82415,0.125564,0.901135,,
1.62273,0.0281821,1.55003,,
2.94173,0.16085,0.793578,,
14.9189,0.172196,0.763978,,
2.55171,0.127874,0.893218,,
2.71241,0.163378,0.786807,,
0.462855,0.113667,0.944366,,
6.56136,0.0584756,1.23303,,
2.8335,0.10733,0.969278,,
0.305483,0.0227926,1.64221,,
0.401193,0.0956517,1.01931,,
0.268988,0.0618322,1.20879,,
0.357714,0.0783642,1.10588,,
3.78463,0.141488,0.84928,,
6.28095,0.126359,0.898395,,
2.00646,0.108895,0.962991,,
2.41125,0.16827,0.773994,,
2.09191,0.12814,0.892315,,
4.10518,0.154303,0.811626,,
0.227779,0.0336312,1.47326,,
8.11756,0.200359,0.69819,,
0.352571,0.0356842,1.44752,,
1.40911,0.0898123,1.04666,,
1.93921,0.145471,0.837222,,
3.88243,0.108035,0.966435,,
5.33089,0.145807,0.836221,,
5.20306,0.213713,0.670169,,
3.98349,0.12026,0.91988,,
7.52845,0.221596,0.654439,,
1.73991,0.0532635,1.27357,,
1.23972,0.158455,0.800094,,
3.86588,0.118585,0.92597,,
0.525893,0.138107,0.859785,,
0.349239,0.0836084,1.07775,,
8.8763,0.146919,0.832921,,
8.43785,0.183767,0.735732,,
2.33109,0.147577,0.830982,,
2.41445,0.190594,0.71989,,
3.97482,0.127678,0.893884,,
1.93876,0.194966,0.71004,,
1.24103,0.10654,0.972488,,
0.372901,0.08935,1.04891,,
0.766528,0.173828,0.759879,,
3.01096,0.156218,0.806268,,
36.8465,0.186258,0.729886,,
11.3619,0.121954,0.913803,,
0.389692,0.120979,0.917289,,
5.68687,0.17285,0.76233,,
10.349,0.111754,0.951738,,
12.4534,0.168679,0.772938,,
3.1396,0.116994,0.931835,,
1.69244,0.0359036,1.44486,,
2.77231,0.21806,0.661424,,
1.22463,0.133287,0.875211,,
0.494875,0.0626259,1.20325,,
0.539004,0.137776,0.860825,,
4.26526,0.126491,0.897939,,
2.00422,0.0671785,1.17277,,
3.26914,0.203652,0.691111,,
4.94411,0.129128,0.888981,,
1.97764,0.0489103,1.3106,,
1.33407,0.0707384,1.15034,,
0.700667,0.133536,0.874403,,
1.39856,0.107134,0.970073,,
0.572865,0.10662,0.972161,,
5.88388,0.115503,0.937408,,
1.58439,0.108256,0.965548,,
0.722369,0.0857859,1.06658,,
0.927252,0.101023,0.995578,,
0.969335,0.095805,1.01861,,
4.46001,0.170949,0.767132,,
5.88371,0.110259,0.957585,,
0.819654,0.078402,1.10567,,
0.87219,0.0784619,1.10534,,
0.36809,0.11397,0.943208,,
1.1597,0.0759475,1.11949,,
3.04138,0.10204,0.991228,,
5.84958,0.238801,0.621964,,
4.55262,0.205736,0.686691,,
7.33209,0.13669,0.864264,,
1.72352,0.206462,0.68516,,
1.14919,0.130481,0.884451,,
4.02274,0.173805,0.759938,,
2.69329,0.119253,0.923532,,
0.317937,0.0736293,1.13295,,
0.0830301,0.0253913,1.59531,,
0.107735,0.004,2.39794,,
1.4502,0.0900605,1.04547,,
2.66506,0.137593,0.861403,,
1.84061,0.148813,0.827359,,
0.838052,0.140386,0.852677,,
0.645673,0.160378,0.794855,,
3.13712,0.204456,0.689399,,
0.66608,0.142698,0.845584,,
2.98769,0.180195,0.744257,,
1.01734,0.0176278,1.7538,,
6.78438,0.111702,0.951939,,
1.29606,0.181231,0.741768,,
5.80716,0.173015,0.761916,,
0.628925,0.126501,0.897906,,
1.15615,0.107852,0.967174,,
0.785455,0.089009,1.05057,,
1.27083,0.100575,0.997509,,
1.44424,0.163266,0.787104,,
0.181802,0.0421864,1.37483,,
0.718432,0.0963311,1.01623,,
0.548835,0.175417,0.755928,,
6.42318,0.102882,0.98766,,
0.534234,0.098506,1.00654,,
5.28758,0.12115,0.916675,,
0.106937,0.004,2.39794,,
0.232008,0.0373238,1.42801,,
5.56834,0.173155,0.761565,,
0.729718,0.183927,0.735356,,
2.61952,0.156511,0.805455,,
0.338733,0.142215,0.847055,,
1.45691,0.127746,0.893654,,
1.97521,0.104405,0.981278,,
0.780054,0.0944369,1.02486,,
1.23755,0.0221107,1.6554,,
2.47662,0.0868198,1.06138,,
1.14882,0.162266,0.789773,,
1.45927,0.122272,0.912674,,
2.08497,0.177807,0.750051,,
4.09003,0.0532018,1.27407,,
1.84718,0.00961328,2.01713,,
0.409419,0.0821159,1.08557,,
0.908144,0.0543368,1.26491,,
0.508317,0.0842808,1.07427,,
1.72686,0.107716,0.967721,,
5.62336,0.0884798,1.05316,,
1.01379,0.108102,0.966164,,
3.34252,0.0850283,1.07044,,
1.7782,0.181143,0.741979,,
3.79275,0.080963,1.09171,,
11.0893,0.154422,0.81129,,
4.22352,0.11372,0.944162,,
8.42933,0.167551,0.775852,,
2.33431,0.136991,0.863309,,
2.90688,0.203904,0.690574,,
1.33053,0.113451,0.945192,,
1.17587,0.113392,0.945418,,
0.686094,0.115711,0.936624,,
2.27223,0.004,2.39794,,
1.70603,0.10593,0.974982,,
0.761869,0.175882,0.754778,,
4.20057,0.18215,0.73957,,
3.35118,0.0929521,1.03174,,
5.66071,0.172764,0.762546,,
11.3476,0.170344,0.768673,,
1.48059,0.0969073,1.01364,,
8.32513,0.178727,0.747809,,
1.01021,0.123213,0.909345,,
6.90488,0.091717,1.03755,,
1.11927,0.103694,0.984247,,
0.533806,0.045845,1.33871,,
1.58056,0.144895,0.838947,,
9.9886,0.218658,0.660234,,
0.895014,0.0959894,1.01778,,
17.7453,0.214212,0.669156,,
3.56752,0.0946801,1.02374,,
4.40264,0.0993723,1.00273,,
3.05985,0.153229,0.814658,,
1.16396,0.154578,0.810853,,
5.23306,0.129347,0.888242,,
0.614965,0.0818768,1.08684,,
25.4673,0.108901,0.962969,,
5.39806,0.1921,0.716472,,
0.365366,0.126648,0.897403,,
0.578124,0.0847053,1.07209,,
0.637788,0.112714,0.948024,,
8.21186,0.136422,0.865116,,
0.350839,0.0544289,1.26417,,
3.44006,0.107787,0.967433,,
7.85939,0.133992,0.872921,,
1.09919,0.159889,0.796181,,
0.611387,0.072553,1.13934,,
2.16715,0.105736,0.975776,,
1.60678,0.0449676,1.3471,,
2.58152,0.157251,0.803406,,
0.422909,0.0628773,1.20151,,
1.91224,0.131004,0.882716,,
0.435937,0.105686,0.975982,,
0.746069,0.140481,0.852384,,
2.07019,0.0663118,1.17841,,
10.7643,0.160173,0.79541,,
3.32263,0.0688859,1.16187,,
3.81629,0.162507,0.789127,,
0.470514,0.113278,0.945853,,
7.65447,0.141,0.850782,,
1.16794,0.116777,0.932642,,
0.707022,0.080034,1.09673,,
1.02106,0.12252,0.911792,,
2.01439,0.0209472,1.67887,,
7.03023,0.175288,0.756248,,
0.702997,0.124439,0.905043,,
1.3702,0.0714412,1.14605,,
2.18272,0.104749,0.97985,,
0.533867,0.0499232,1.3017,,
0.584832,0.0657521,1.18209,,
0.643101,0.0576203,1.23942,,
1.56586,0.107744,0.967605,,
0.211358,0.137064,0.863076,,
0.622195,0.120258,0.919886,,
0.0665491,0.004,2.39794,,
4.52982,0.180542,0.743422,,
0.388555,0.119207,0.923699,,
3.6256,0.004,2.39794,,
6.56194,0.192222,0.716196,,
1.73859,0.111999,0.950787,,
1.90009,0.0837477,1.07703,,
0.31426,0.0448552,1.34819,,
32.6893,0.149705,0.824764,,
1.04567,0.085439,1.06834,,
1.59699,0.130379,0.884794,,
1.23974,0.169149,0.771731,,
5.68603,0.121075,0.916945,,
1.25881,0.13966,0.854928,,
0.947702,0.0177938,1.74973,,
2.30089,0.124684,0.904189,,
2.12783,0.114376,0.941665,,
1.64859,0.167071,0.777098,,
3.82009,0.137452,0.86185,,
0.636674,0.0570027,1.2441,,
1.12606,0.15849,0.799999,,
2.22974,0.0897422,1.047,,
0.296826,0.026091,1.58351,,
1.93778,0.135639,0.867616,,
2.35201,0.0886199,1.05247,,
2.48376,0.0826435,1.08279,,
2.02802,0.206981,0.68407,,
0.269087,0.103497,0.985073,,
1.26497,0.00454479,2.34249,,
0.886739,0.0780511,1.10762,,
2.00079,0.100912,0.996058,,
0.120723,0.026233,1.58115,,
2.29463,0.113051,0.946727,,
15.2624,0.145828,0.836159,,
0.606391,0.127551,0.894315,,
1.49103,0.111465,0.952862,,
1.42066,0.133367,0.87495,,
2.02896,0.151746,0.818883,,
2.01354,0.17184,0.764875,,
2.25088,0.0566344,1.24692,,
2.80509,0.143534,0.843045,,
2.67571,0.158041,0.801231,,
9.11421,0.156677,0.804994,,
8.24938,0.178278,0.748903,,
10.775,0.145974,0.835726,,
2.53198,0.153042,0.815189,,
2.70858,0.139112,0.856634,,
1.02069,0.15752,0.802664,,
3.75581,0.0726771,1.1386,,
1.79734,0.106472,0.972764,,
0.643628,0.110256,0.957599,,
7.82249,0.148078,0.829508,,
2.73207,0.143163,0.844169,,
0.955303,0.104375,0.981402,,
0.109179,0.0605513,1.21788,,
0.931608,0.0996318,1.0016,,
0.814586,0.134018,0.872837,,
7.8551,0.13137,0.881503,,
0.943885,0.105898,0.97511,,
4.6711,0.161235,0.79254,,
7.01095,0.205733,0.686696,,
4.03223,0.189167,0.723154,,
0.403276,0.124889,0.903474,,
2.48668,0.0762311,1.11787,,
1.26677,0.0847771,1.07172,,
8.33865,0.104976,0.97891,,
4.26246,0.190769,0.719493,,
4.28633,0.121633,0.914949,,
1.05187,0.115189,0.938588,,
1.38654,0.134003,0.872885,,
1.13548,0.136957,0.863417,,
3.77841,0.102561,0.989017,,
3.96445,0.213928,0.669733,,
0.893232,0.0293763,1.532,,
3.56123,0.118922,0.924737,,
6.76843,0.126996,0.896209,,
1.33746,0.191704,0.717369,,
0.323895,0.0397029,1.40118,,
0.474322,0.0712431,1.14726,,
5.26037,0.130514,0.884343,,
8.60577,0.243129,0.614163,,
5.79845,0.0543853,1.26452,,
0.782068,0.101971,0.991522,,
0.829593,0.160193,0.795357,,
3.47938,0.132919,0.876412,,
4.29196,0.153615,0.813566,,
4.48029,0.073581,1.13323,,
3.70933,0.130825,0.883309,,
3.37308,0.138577,0.858308,,
2.51049,0.193013,0.714414,,
3.51752,0.134083,0.872626,,
3.30799,0.171005,0.766992,,
3.95963,0.118849,0.925006,,
0.739605,0.117948,0.92831,,
1.1807,0.0947627,1.02336,,
2.55215,0.120881,0.917643,,
3.51869,0.126286,0.898645,,
1.92577,0.119654,0.922072,,
0.991344,0.156199,0.806321,,
3.84882,0.137729,0.860975,,
2.99553,0.123638,0.907849,,
2.67452,0.121278,0.916219,,
8.06721,0.183501,0.73636,,
1.54181,0.0945803,1.0242,,
1.82041,0.122729,0.911054,,
1.66923,0.0746191,1.12715,,
1.90436,0.0516143,1.28723,,
1.06752,0.0494978,1.30541,,
3.95957,0.0973783,1.01154,,
