Bin01,Bin02,Bin03,Bin04,Bin05,Bin06,Bin07,Bin08,Bin09,Bin10,Bin11,Bin12,Bin13,Bin14,Bin15,Bin16,Bin17,Bin18
16.6241,7.6712,8.13803,6.92386,5.17668,3.47805,7.57719,6.23543,3.01836,6.02328,3.95654,4.75644,2.68589,2.49261,1.99667,3.3808,4.54139,0.434229
6.66847,8.68614,8.72001,4.34616,5.68129,5.24767,4.31932,6.44567,3.29653,4.47681,3.33238,6.48541,3.70717,2.18744,3.0382,3.70677,2.84029,1.99234
12.0627,6.82647,9.62068,9.27716,6.83472,6.95102,5.29112,5.02223,3.14324,1.83021,4.20151,7.69852,1.7453,2.63597,1.77244,4.12279,2.02316,1.95094
7.13824,8.24618,6.69945,5.04381,7.39517,5.25212,4.53471,7.40828,4.66942,6.7805,1.65135,2.25633,2.59302,3.01937,1.99625,2.97761,1.56831,0.929987
11.2855,5.10137,8.82133,10.2432,3.57551,5.30722,4.6526,6.17003,6.79111,5.84275,4.54795,2.45051,3.37637,3.189,0.971506,0.959284,2.18717,2.31992
12.5257,8.3151,5.13662,9.16438,5.57162,3.04325,4.71938,3.12116,5.06629,2.4166,4.59806,2.94319,2.7363,3.46285,3.63835,1.24339,1.75951,1.60387
11.8755,9.02664,5.67442,4.68299,14.0473,4.05833,5.44964,7.82721,4.08764,7.90359,1.65649,6.56273,2.26991,3.93416,3.74408,2.41431,3.63324,2.12116
9.41723,8.91453,5.40955,8.69666,4.30919,13.1156,4.78017,3.58501,4.74972,1.9289,3.33924,5.31432,2.3211,2.35658,2.40381,4.26507,2.47917,1.58947
14.7738,14.6527,4.32321,10.6338,4.64463,8.2137,7.72158,6.80147,2.75629,2.72804,4.80775,3.90973,3.71114,6.44117,2.58237,2.27284,1.05467,1.91071
5.49147,10.8508,11.8325,4.75518,7.63494,3.48313,6.62472,3.21169,4.47767,5.27784,3.82329,2.99702,3.31566,3.20449,3.15515,2.64365,1.86263,3.50179
6.12185,22.7867,8.34883,12.401,3.36724,6.23592,7.00549,3.85141,13.541,6.44507,6.73841,3.91448,2.67009,3.50226,2.02034,2.26883,2.36508,1.72077
11.4892,3.03712,5.19695,6.52602,10.8845,6.0573,3.62757,4.00429,4.54062,2.38296,3.12682,5.57568,7.37017,1.46864,0.993037,5.43363,1.26286,1.67645
8.6344,4.11094,5.53404,6.24677,7.19132,5.93475,8.52362,5.3711,3.97678,3.90045,3.03889,5.14439,4.47037,5.10721,3.17316,0.992222,2.90993,1.51226
13.0448,13.9554,7.04499,8.17135,2.79217,7.62367,9.19804,8.26182,5.25923,2.76893,2.90916,1.68849,4.28956,2.62331,6.53462,3.4568,3.25542,2.32902
9.79876,13.6516,16.0701,9.85779,3.80163,3.90164,11.5925,4.84494,1.54833,4.92418,2.87946,2.08348,3.71921,0.999901,2.33585,2.97781,2.81257,3.49725
8.47093,7.89536,7.97751,6.56828,3.81253,12.0698,5.71416,11.2511,7.1119,3.7037,5.49741,2.64683,2.89788,0.53209,2.57565,1.34159,3.13525,2.22676
6.18481,9.37931,10.8902,5.52169,6.95225,4.79783,7.66354,3.8217,5.62941,3.05351,3.41755,5.60689,5.68275,1.6451,2.34855,2.03421,1.99992,1.93587
12.2523,9.68383,5.99746,3.41108,12.4692,4.3053,8.93711,4.51437,3.57545,6.03009,2.42694,3.44488,1.69908,2.40768,1.29169,3.12757,1.71481,1.42671
4.70233,13.0022,11.7356,14.115,11.1505,7.94288,6.02009,3.06278,3.90211,3.8969,5.3411,4.64575,2.10232,3.18567,4.75974,2.55439,2.14853,1.79562
6.33138,5.83022,20.4774,8.16708,4.55615,12.0657,5.38593,5.14487,4.54639,4.32228,2.86949,1.71633,3.17533,4.64527,2.50794,1.679,2.0427,2.42431
5.77481,5.42906,15.493,6.79154,3.97354,3.1663,1.9195,3.76142,8.25472,4.45071,3.09173,3.5378,3.35156,1.18071,1.90668,2.51351,0.8885,1.41004
2.87985,6.60414,4.62077,4.10089,4.56097,8.47531,5.06521,6.07541,4.01624,7.17655,2.54383,1.84996,2.39247,4.6147,1.91723,1.16732,1.16878,1.97207
6.78168,9.91328,6.07666,7.64922,5.63673,3.36524,4.62769,5.99592,2.82633,8.12174,2.16144,4.64627,4.3912,5.17543,1.3215,1.34721,2.77188,0.826073
12.1378,3.17175,7.76144,13.5045,3.81054,11.578,6.99342,14.9009,3.22343,1.9795,2.49226,4.72605,4.19704,1.50011,2.02815,1.29761,1.69304,2.22859
11.5617,7.40573,13.3592,10.6053,4.80181,8.19172,5.86013,3.14431,2.83205,2.59045,3.57783,3.2071,1.705,3.22845,3.15872,2.48548,2.62089,1.5755
24.6323,8.18121,15.5911,9.5841,10.5784,5.40152,3.73087,5.40042,5.34451,3.06042,3.20022,2.33765,1.37711,3.70143,1.34804,2.52371,4.54708,2.75043
4.8964,7.93273,10.3958,10.397,6.96276,5.31067,3.54225,4.10528,5.84039,4.0924,2.10797,3.91651,3.84724,6.01665,1.12109,0.90312,3.0206,1.41596
31.7679,12.8848,7.02707,6.12443,5.71955,4.83294,4.00866,3.55988,6.13624,3.44248,1.65277,2.50858,1.83032,3.57409,1.25928,3.60121,3.58898,2.3444
5.53372,4.74793,5.26757,8.27097,2.98876,4.5482,6.89659,5.82924,6.46553,2.57325,3.15941,2.6928,2.07077,4.5956,1.83972,2.43967,3.3586,0.896958
12.4993,14.2635,9.51063,7.82273,9.50255,6.32116,5.36951,6.89694,1.08387,5.40314,3.53549,3.55871,3.62369,4.7745,2.8049,3.16279,2.99102,2.5586
4.72949,12.7372,4.95909,8.25685,7.92436,6.32999,3.19381,5.75429,7.16454,2.80009,1.74837,3.30058,5.10505,3.3126,2.88884,0.77942,2.14318,1.26209
10.8858,6.55999,11.1253,5.99459,7.49242,5.56699,9.01308,4.83997,5.59101,3.73141,8.20498,3.213,3.73016,2.49878,1.48335,2.30228,1.38127,1.65224
8.91028,5.20994,7.65427,12.4131,10.5718,6.86845,4.14375,6.62058,2.44065,4.66869,1.96994,3.22055,0.931302,3.57036,2.39935,4.25033,2.20484,1.41717
8.02864,5.00184,6.21096,7.58604,5.37903,4.07344,4.50459,2.26012,7.46485,5.38919,4.14899,3.96019,2.87338,4.70919,1.92652,4.55217,2.50165,0.945793
10.4636,10.4501,10.0041,9.92609,6.02484,4.7392,3.81577,6.27176,4.00646,1.66655,3.46073,2.36232,3.25658,3.3905,1.2014,2.87141,1.80767,4.14408
7.41832,7.94355,9.1156,7.82673,5.69102,7.41564,6.82403,5.62513,4.42295,6.87696,5.51597,4.29497,3.5818,1.90244,4.66181,0.338649,2.99479,2.00307
7.53055,6.95147,13.5471,4.60719,8.79959,4.16926,5.83632,11.9603,3.08491,4.20144,3.94668,5.56297,5.66834,1.7123,1.68492,2.42026,4.0665,2.70038
6.23898,8.03409,15.1523,9.19105,3.96235,8.08762,8.07794,9.22085,4.14629,3.57574,3.62035,2.86234,7.23342,0.928523,2.77046,2.09455,1.01155,2.47024
6.99639,7.25165,7.39549,4.23205,11.6431,7.17055,4.09749,4.57699,6.68066,4.01624,2.21471,5.77414,2.0736,3.09068,2.61624,2.30284,1.78541,0.894939
7.91377,9.46781,10.4129,3.74377,5.66967,11.0813,4.21662,5.96745,4.34418,1.6331,4.47174,2.91369,5.58543,1.30768,3.87844,2.26032,1.94698,1.3996
8.01261,7.88889,5.97062,6.88772,2.70413,8.83029,3.05039,9.27546,4.45442,2.72644,1.79572,2.31017,3.84369,3.85011,3.04144,3.93482,2.20947,3.21754
5.58861,15.5029,5.73102,6.23418,7.25498,5.65075,4.80842,1.66469,4.65901,1.86616,5.58676,4.41523,2.61177,3.57312,2.66524,2.27102,1.16697,1.75662
6.25879,12.5678,14.199,6.25136,3.81281,5.48626,6.50074,5.88295,2.76537,1.90691,8.9543,4.78117,3.05943,3.76715,4.1222,0.961159,2.72848,2.84288
11.1769,10.2749,8.67599,9.44568,2.48092,2.52247,11.1583,3.49068,4.65316,2.68343,2.46203,2.68174,2.52021,3.33301,3.08795,2.92121,2.86792,1.14893
4.90406,12.1206,5.50498,7.68487,5.22429,6.28861,5.45818,4.64903,7.5922,2.12899,3.07535,1.79064,7.62428,2.86077,1.44836,2.1793,2.64505,1.81613
9.40378,8.55751,9.05527,7.707,6.51426,5.41696,4.62575,6.23778,4.52211,2.38015,2.07151,3.55605,1.46049,6.64768,2.6613,1.5586,1.58655,2.12812
10.9918,6.71638,3.42727,7.33563,3.33054,12.855,7.00151,4.33124,3.16201,5.89352,4.83994,1.3247,3.08954,3.30392,2.41485,3.16701,1.96743,3.56032
13.1899,6.99688,7.67882,5.24801,8.46354,6.25273,6.00936,5.25049,7.10579,5.46793,4.36738,2.8666,4.47263,3.12249,2.44443,2.26583,1.30777,1.91305
18.0594,7.57811,6.24563,3.59239,6.53697,8.65672,3.93751,4.32026,3.51955,5.18579,4.59479,3.33035,3.48645,6.16359,1.78545,1.76699,1.33817,2.13233
5.38344,8.38781,11.6004,6.94024,7.3151,7.41875,4.60161,2.56218,10.8972,6.83727,3.46228,3.33864,2.04259,1.76848,1.01292,3.56884,0.963146,3.14704
10.5474,9.86011,6.70426,9.22735,5.53381,6.61898,6.19139,5.18181,4.84677,2.74748,6.98552,4.16949,4.31671,4.83998,2.63244,2.13541,1.72596,0.473191
4.64037,6.39846,5.33891,6.66015,6.74116,4.6266,2.38641,6.63686,9.40774,2.92015,2.88227,3.61146,3.50598,2.96912,3.06187,2.34862,2.3795,1.16157
10.3083,7.49763,4.61857,6.11828,10.947,7.64873,3.69866,7.38022,5.38761,4.61845,5.53818,5.41968,3.84042,2.29669,1.68726,2.50115,4.25177,1.92269
20.4025,3.57291,10.5705,17.5656,5.93099,4.67192,3.28074,4.2052,4.77134,3.79532,4.62966,3.19375,1.34347,1.56854,1.2836,1.10137,2.22746,1.58401
13.0307,13.0424,16.798,6.83507,11.2643,10.9248,4.26046,4.79921,2.51714,6.50319,1.63461,3.35696,3.01152,2.44716,1.89968,2.42618,1.7558,1.19999
7.3909,3.20624,15.0479,4.89728,5.73903,5.79583,6.45828,4.99304,9.5694,5.73681,2.63004,2.44937,1.43701,3.06792,4.06328,1.17394,1.57155,2.60038
14.4902,7.10477,4.6392,4.89038,4.14195,5.31368,6.59507,7.68714,3.57557,2.81546,4.32455,5.94396,3.08431,2.83284,1.53669,2.28545,1.47447,3.03981
6.49194,2.89703,9.21762,5.70378,4.14847,12.6861,2.25575,6.8969,2.75669,2.29287,2.6883,4.41383,1.02314,3.56658,1.58678,4.09025,0.800885,1.9363
14.3113,7.73774,4.37675,5.51749,9.4156,7.11284,7.20136,10.9727,2.85945,1.74205,3.48664,2.60214,1.76282,3.06156,2.03594,2.0837,1.76769,1.0879
11.1819,8.96619,6.00189,3.74356,6.43467,9.27676,5.43281,2.77031,6.33825,2.58492,3.65357,2.54634,4.60634,2.45159,0.727781,2.33189,3.5846,2.1927
17.5881,15.1576,8.04444,3.9795,7.68118,7.17407,5.23053,4.58062,5.18628,3.86258,2.82443,2.18705,2.55622,2.06331,2.50589,2.98238,3.55995,2.49008
8.64136,14.2181,8.66687,9.74697,6.70251,16.5323,5.75163,8.72558,5.53028,3.01719,3.04623,4.24981,1.95796,2.26112,3.49736,1.99359,2.05139,2.0793
19.0577,7.77474,10.8062,10.6165,15.5426,12.0309,3.58052,8.96328,6.21541,5.50666,3.24479,3.24479,2.45192,3.99101,3.98593,2.92044,2.87874,2.40171
4.76923,7.50148,4.66815,15.6077,5.24673,10.0415,6.89789,1.56665,2.10369,5.36957,4.95286,4.38832,2.64721,1.31835,3.13971,1.5692,1.84861,4.46676
7.36611,8.67948,10.3088,10.7802,7.85469,7.16991,6.41537,2.07701,6.60602,7.07007,4.72974,5.30243,4.30166,2.36963,2.76945,2.14224,1.92422,1.33265
7.61297,7.3762,8.40805,7.67458,4.38339,11.9668,8.84286,3.92154,8.91779,5.08168,1.86214,2.53418,1.66144,0.160115,5.28768,2.14836,1.74251,4.76887
11.6659,8.26789,3.83391,11.5593,4.25477,7.26554,4.56965,6.19644,3.35529,3.86009,2.10747,2.73246,3.20456,5.54591,3.5361,2.01817,2.79968,2.51554
9.17117,7.47727,5.89108,7.0957,5.60801,8.43576,7.21347,9.19941,5.5515,2.21954,4.8658,5.25566,2.69945,2.20342,1.78724,1.69034,0.844661,4.76109
8.10246,9.79209,7.21449,14.6369,7.4851,6.16642,6.07417,4.68933,4.40302,5.16505,3.69142,2.71768,3.02347,2.32945,1.52597,2.29079,3.79116,1.34735
10.7855,11.0468,8.23067,8.06727,8.32991,4.52137,6.29753,6.47226,5.73243,1.42416,1.89158,2.38121,4.90549,2.96284,2.04465,1.97567,2.6581,6.63031
14.5005,14.8798,6.99682,4.97243,4.60603,5.00634,3.76969,10.8503,3.33431,3.85688,1.92303,1.7191,1.50091,2.53797,2.0125,1.98045,2.08058,2.99646
6.80991,6.0072,11.6653,5.21343,7.75841,8.36753,10.2022,4.02808,4.48777,5.29941,6.88549,2.32564,1.66634,3.94476,2.91934,2.31205,0.562442,2.30267
20.9218,13.7596,12.9953,10.0793,13.8954,2.95612,6.37541,5.58024,2.96388,3.60648,2.84371,2.23863,2.1307,3.81715,1.84781,5.35485,1.66651,1.30206
16.4031,11.4788,5.87513,2.19893,5.53689,5.90664,6.39663,2.90499,3.09523,3.65093,4.314,3.22862,3.02971,2.14456,3.94549,1.13476,1.33376,0.895417
6.77986,8.68304,7.87948,8.57799,6.95949,5.84969,5.69835,6.78313,1.99827,6.30145,6.11714,5.46883,7.8544,4.36899,3.32526,1.01327,2.48907,3.38291
14.9015,5.75406,10.0066,4.4897,8.80214,12.6633,6.45353,4.91981,8.42221,3.50497,4.12339,4.07787,2.22004,2.49268,2.59489,3.35108,1.41219,1.25269
7.40971,14.4815,6.58974,11.7529,5.48705,5.52895,9.23043,3.95034,3.40812,4.49633,3.57349,2.06102,2.09153,3.09469,4.85238,3.42573,0.84045,1.25164
6.83458,7.98778,3.38456,7.52564,8.23314,3.58235,7.64675,8.80482,4.74653,5.65057,5.74554,4.12383,4.24022,1.92511,2.18644,2.63005,4.42549,3.99233
13.3026,5.28065,14.9917,4.41943,7.45541,11.6525,2.77749,3.15575,2.66125,3.49487,3.10401,2.6649,1.10304,4.12747,2.00139,3.4084,1.88249,2.15624
8.33661,4.43706,3.44316,7.46237,6.44667,7.8271,5.89003,5.11971,1.51399,5.50131,1.21623,3.34568,2.80551,1.66944,2.87529,1.3059,1.83865,1.30688
5.67518,9.76132,8.44286,7.24133,13.4961,3.92934,5.09299,5.2941,5.61317,5.06786,2.23359,4.6739,1.72549,3.10096,1.98892,2.46745,3.02442,0.629927
5.98139,10.4285,6.86453,6.66175,5.94645,9.25154,6.03806,3.33514,3.13107,4.19583,2.86455,4.8519,4.18693,1.92928,2.85192,0.938812,1.28608,1.33301
9.78632,11.6013,6.43395,13.3089,3.24874,7.58103,14.4862,10.009,6.32092,3.50911,1.9703,3.60715,3.2583,1.13891,2.13612,6.60371,2.11085,1.22395
17.3596,8.23649,8.97475,6.07,3.47055,3.35198,3.61921,5.32447,3.17969,3.09889,4.9893,3.93591,6.55281,3.27154,2.24923,1.97305,1.91903,1.11692
12.1577,6.7708,10.9735,6.74779,2.51296,6.7106,7.12009,6.94434,5.02346,4.14639,4.76746,3.52576,3.02688,2.92167,3.47507,3.84656,1.05573,0.301143
6.68411,13.1269,5.71239,21.7075,5.27583,4.32931,3.22161,5.29768,2.88413,3.22934,2.9649,3.49018,2.93893,2.42852,2.69275,1.66121,1.59335,1.3413
7.51352,7.69375,8.62756,9.32249,8.04208,4.42966,4.78533,8.63134,2.9055,7.8379,3.51359,6.07139,2.51828,5.14191,4.19321,2.19014,1.39518,3.0237
10.8131,15.5143,6.52744,5.01936,9.01346,4.67903,8.17746,8.71332,3.19926,5.01405,8.48796,4.46068,1.24094,1.81203,1.93845,2.08538,2.8575,1.9546
8.41956,27.7378,26.0162,8.24436,4.86475,9.1336,8.63117,2.53669,6.87235,1.56248,3.94001,3.16188,3.71723,2.44841,2.65024,5.67429,3.31437,1.22344
10.4384,7.04836,3.42828,9.45945,5.14952,4.09429,6.69253,6.09437,4.67117,3.88076,4.12761,5.03214,1.70197,7.27592,1.26119,2.57452,1.51141,3.11832
13.8404,7.09629,12.5092,7.94507,2.38358,8.0808,4.13209,4.75303,4.82262,7.37415,3.0322,3.38421,4.30087,1.64221,2.81897,2.20003,2.80449,0.992364
7.34398,3.52902,9.00955,9.40572,11.405,7.26855,3.70987,11.0762,7.30826,5.57454,4.61789,3.24102,5.89845,1.88011,2.91209,1.92053,1.17448,1.89043
10.4205,7.6292,9.94355,7.75715,7.59243,4.20583,3.58463,2.98407,2.32135,3.68216,2.28075,1.32927,1.11352,3.1564,3.86605,1.68556,2.05374,1.18793
4.87676,15.9872,7.17028,19.2553,10.6799,9.41265,6.57325,3.03487,3.54505,1.94148,2.62773,1.49939,6.04529,2.04859,2.6365,2.27421,1.49742,3.95147
9.64788,19.1775,5.91436,5.8596,5.4761,4.53106,9.45769,7.68289,1.35383,3.66259,3.8563,3.46815,5.10897,3.15374,1.88291,5.19974,1.38857,2.3708
4.0778,2.90466,10.3413,6.41427,3.93392,4.38361,3.1764,7.62189,4.16259,3.23374,2.65228,4.13121,2.80953,3.80028,1.40339,2.03703,6.0614,2.06812
5.98661,7.78781,9.54573,10.1758,7.34188,2.94877,5.32541,5.71004,4.59431,4.26519,9.16315,4.69117,2.04631,0.80467,3.27901,1.32015,1.68884,1.93235
8.24153,10.6633,4.07053,14.7189,5.93483,3.48816,3.5745,3.57351,4.73916,3.56055,4.82462,2.91367,1.41586,3.19738,4.23822,1.63285,0.368775,2.24975
5.80674,6.01499,7.20303,10.202,4.96154,5.48442,5.31758,5.3901,4.25478,2.11334,5.97612,3.1804,3.72954,3.38429,1.87414,1.27919,1.79108,1.13724
8.80924,13.5718,14.841,10.3547,3.42499,5.18942,0.920946,5.20282,3.61408,3.16732,2.86365,1.85145,4.01714,6.48563,2.12182,2.24982,2.55092,1.37858
10.0114,11.4674,12.5028,9.99404,11.5423,6.64106,10.26,6.96244,2.31522,2.68217,4.17444,3.00861,1.62003,1.40644,2.14285,1.61081,1.94375,0.730778
20.8326,9.5854,5.11076,4.37362,5.15335,4.88289,7.719,3.02186,5.84296,2.59751,4.54285,5.54658,4.18278,2.03977,1.23865,0.863757,3.02387,2.17192
6.672,7.57723,14.4605,6.85861,3.66818,12.9076,4.93331,3.70396,3.72935,3.88822,6.23265,5.86178,1.1377,0.465592,2.88742,3.40357,1.00713,1.2978
13.045,1.54744,6.97781,6.01753,6.72881,3.81355,1.04469,9.6157,2.19129,4.54287,1.97484,6.29594,3.79878,8.60795,2.59125,2.46619,2.84964,2.2455
9.31143,6.29965,6.46715,8.03308,5.59264,5.65218,3.16336,3.51431,4.69891,2.04058,3.20246,4.03809,1.2847,2.47494,3.16754,2.30202,3.60477,1.90775
7.97018,11.186,8.62339,10.7811,8.91769,10.2252,3.06747,3.78877,7.48569,4.43138,3.40478,3.21836,3.95374,1.83654,6.63567,3.04746,1.57781,0.4656
8.23193,10.1845,16.4918,6.20749,4.37981,5.54054,4.02888,1.90619,5.85461,3.89695,3.35996,1.42826,3.59352,3.35193,5.56245,1.98572,3.13038,2.03924
16.3951,8.49287,11.8366,8.14941,2.77429,6.55786,6.12949,5.75793,3.13575,2.26902,2.01177,2.74,3.03727,3.69021,1.87834,0.0726527,3.45832,0.874966
5.40059,7.8589,6.34232,6.11816,9.66216,5.41957,4.72418,4.0876,2.06642,5.74635,3.46255,2.62065,3.17174,1.05195,2.97285,4.01996,2.41297,1.91484
3.87512,10.1987,10.2094,4.48255,11.5885,3.008,6.5244,5.24813,4.30399,4.9741,5.91727,2.21274,5.25328,2.39147,3.23954,2.23953,3.13676,1.80206
11.1391,4.49922,5.55314,8.46293,3.10303,3.02458,3.33352,6.16997,4.8755,6.32462,1.31726,3.95373,4.18632,0.537372,2.13606,4.8089,1.1317,2.0215
10.5526,6.4772,4.91086,12.404,4.13704,2.36153,6.7088,7.55849,3.0695,2.88977,1.5774,5.40065,5.7204,3.63078,4.85318,1.63362,1.98162,2.04182
7.35325,6.91931,11.9351,8.53656,6.81743,9.41912,2.44236,3.78439,2.63337,5.7906,3.28088,3.41183,2.63078,3.76664,2.11538,2.02827,1.50833,1.94871
7.72197,4.58973,5.81548,7.25317,7.46415,6.31949,5.73528,4.32398,8.86503,6.8601,1.1604,7.30316,3.49358,3.16456,4.93877,1.53733,1.70099,1.28892
7.10127,6.12759,5.63124,5.75955,6.21503,6.84866,5.05669,4.07721,4.47921,4.32023,6.70308,3.65743,6.70045,2.96718,1.69987,1.9817,2.01196,1.55901
7.70366,6.02051,6.74541,10.1348,8.63153,6.58946,12.8377,4.77449,1.88484,5.69176,3.48302,3.14168,2.14423,2.66286,1.42447,4.18297,2.14522,2.10097
8.95973,6.97424,6.28459,4.28981,3.66255,4.17204,4.6035,1.95075,4.28875,3.52785,1.71476,8.34103,3.55289,3.66126,2.08822,4.14499,2.10236,2.05936
8.81278,10.4042,7.47193,6.32854,7.85597,3.14891,6.8615,3.06256,6.29619,2.35735,4.08311,6.6712,2.84697,4.09643,2.20947,2.77043,1.89317,2.36186
9.18837,9.65875,4.4508,6.4966,4.39593,14.4579,5.53214,3.57278,3.84213,5.10969,1.55529,3.58946,6.25711,2.936,2.55096,1.81785,2.9726,1.88825
6.64671,12.7217,4.22694,6.71765,6.74261,7.23243,3.45825,4.90367,6.13738,4.32736,4.03318,2.90891,1.73716,2.03266,2.54544,3.08481,1.61544,2.67804
11.2963,4.93891,4.49586,5.14775,11.4673,4.40776,2.64561,4.80032,3.36125,3.32102,4.07256,2.37939,4.09084,5.73848,2.59954,1.18395,0.847313,2.35106
4.89552,6.31133,11.1894,9.12824,9.30655,14.1315,5.26874,7.33995,4.83695,5.03602,3.3216,2.43637,1.82518,1.94673,1.56742,5.35803,2.94544,2.56787
8.65142,7.61366,16.5805,8.09156,10.1091,9.60739,5.54937,2.60685,1.46268,3.11842,3.17602,2.38287,2.90128,3.16391,2.58106,1.74799,1.71574,2.0105
13.7195,10.8265,7.18203,6.66159,9.91581,4.88123,7.29319,2.19547,6.95162,7.98332,9.31764,4.82983,3.83437,2.57594,1.74442,5.00259,1.52505,0.814813
15.3472,14.0875,8.19042,5.95148,7.73124,2.2074,5.12488,13.104,2.73831,2.30716,2.0895,3.7512,2.06048,3.74478,2.93431,1.74578,2.07989,0.373109
8.35312,2.54905,9.21393,6.53903,8.81752,6.99358,5.80345,12.2102,2.29827,7.74249,5.16983,2.41457,0.982908,5.86372,1.81518,2.19623,3.1967,2.30216
13.5151,9.90884,8.30201,4.76429,9.64075,7.92763,10.4795,4.0054,3.61189,1.26121,4.82671,6.18149,4.33745,1.53518,2.07219,1.73364,0.82452,1.04457
6.44636,6.04533,7.75191,10.0416,5.26928,6.13794,10.9803,7.37256,2.81288,2.19641,2.55804,1.94564,2.96336,2.0709,4.40036,2.60307,2.42563,1.50601
7.01658,12.2351,7.55855,3.4585,9.78085,5.04857,6.82368,3.32979,3.78754,3.90261,2.65605,2.4231,3.52088,2.8591,2.28179,3.79905,1.642,1.46137
12.2512,3.92646,4.87462,5.65121,6.72029,6.6644,5.59466,5.18998,2.97776,2.10287,2.57294,2.08907,3.87731,5.41413,3.42083,2.63571,1.16511,5.48737
10.2793,5.42754,11.5865,12.9717,14.8556,10.8143,3.12738,5.10464,2.04162,0.705448,3.17192,3.57517,3.49545,1.19912,5.41185,2.06057,2.58513,1.54228
11.6384,10.0817,5.10172,7.05992,4.69633,10.8095,5.2093,3.77751,6.99417,6.15592,5.29006,3.05197,1.89808,2.32146,3.73552,2.5483,1.19998,3.53299
11.1127,26.0262,8.75895,9.89957,7.62013,2.94853,3.56815,6.35147,4.46819,1.20088,4.67101,3.25689,2.61084,2.81544,1.30787,1.50118,2.78525,2.27449
15.1903,8.86723,7.02786,6.0089,9.29863,5.52458,5.59447,5.15501,2.71345,3.30647,3.81415,5.35938,0.318174,5.21131,3.33097,2.76964,2.55025,3.36621
5.08036,11.4422,14.6104,10.6471,9.00347,15.0936,2.96409,4.38345,4.37312,3.94025,8.59999,2.36669,1.52869,2.8308,0.785169,2.01047,2.09899,1.90247
7.26111,10.6312,8.36496,3.15936,4.53382,5.53922,3.544,7.47969,5.63009,3.45772,5.71821,4.72308,3.1059,2.59027,3.82798,2.46335,1.25826,2.01929
9.2104,10.3608,7.68219,4.99061,20.9268,4.45566,4.84413,3.57813,5.25266,3.12604,2.63278,2.72842,3.06892,3.7261,0.453766,2.35329,1.61585,2.25031
4.32739,7.8603,15.9506,2.98856,14.6419,3.05115,7.49178,2.12933,1.88986,5.67848,5.09498,1.70973,4.15583,2.17177,1.71289,2.21907,1.57886,1.32488
6.48855,6.47079,8.82622,3.75241,5.52093,3.46625,6.92195,5.79515,4.1671,6.44339,4.40542,3.28944,6.32649,0.752341,2.05653,1.4856,2.23942,2.4214
8.3863,13.3537,15.9679,5.62938,3.07727,5.43318,7.6229,7.54754,4.08792,4.35607,5.53761,1.12515,2.37847,2.54608,4.06748,1.70735,2.81757,1.51702
9.03642,8.24594,7.50562,7.80777,7.18024,2.62028,6.90582,5.61628,2.85851,2.65214,5.43984,3.32432,3.10971,5.72499,2.17901,1.19029,1.79616,2.83237
6.1511,3.51445,14.4782,7.75549,6.30696,5.85339,1.63446,4.96706,7.06054,2.91049,3.32906,7.34655,2.78796,2.28709,2.243,1.58291,2.58533,1.79041
6.57716,9.22641,4.01163,9.95585,6.69894,6.13168,5.24735,2.47605,2.92023,3.30176,0.692993,3.12633,1.65761,2.9099,3.03254,2.55465,2.54729,3.79386
28.0243,5.88152,7.67896,13.3352,8.24936,5.44533,5.71403,4.51575,4.95294,3.19778,3.30127,1.61459,2.30817,2.48005,1.72331,1.97116,2.30315,1.16787
8.5606,19.8028,7.25802,20.2302,8.14571,3.10453,5.89891,7.26849,2.36681,3.03487,2.23194,3.02044,1.2011,1.65387,3.71994,3.3378,2.57805,1.04054
8.80814,11.2899,9.12131,11.8135,3.6108,4.95094,3.92066,9.26631,3.20138,7.26798,6.11086,2.33424,3.76566,3.71236,3.6789,2.3859,2.64805,2.11039
9.81842,10.4089,8.11342,7.35471,6.07357,1.35932,4.18472,7.66934,2.92019,4.68109,3.77779,3.06325,2.33226,1.77199,1.73995,4.44548,3.7942,1.78654
13.0142,4.09601,10.5262,5.60009,7.80294,2.30761,7.31457,3.92076,1.79168,4.06307,2.41187,2.70553,3.6356,2.26754,3.2666,3.47461,0.156358,3.15983
11.8815,7.88466,9.58843,9.02517,5.99023,9.42071,2.76429,5.62669,3.98508,4.6061,3.53767,4.6413,3.74752,2.12552,2.21152,3.00371,1.65097,2.50253
11.1372,9.25243,8.90104,6.51623,8.42096,3.27998,3.98338,9.67356,1.64552,2.34628,5.27558,1.82052,2.72315,3.10578,2.693,3.32121,0.915549,4.44562
9.59029,13.338,18.1859,4.85056,9.89282,7.81811,4.83478,4.42437,5.13353,8.38603,3.88363,3.77884,2.52719,4.03929,4.8186,1.38699,3.80754,2.14059
7.22064,16.2405,9.32141,6.932,9.64455,5.45016,8.12377,6.79693,7.38923,3.12082,4.74493,3.75882,4.65306,2.37657,1.83956,2.53925,1.31924,1.79263
11.3909,4.17135,7.44236,5.91997,8.7416,6.22257,2.98069,5.20013,3.32432,6.29816,4.95733,3.55184,2.89498,1.44985,3.36174,2.04057,2.38801,3.46137
8.85428,13.8051,15.817,6.37401,5.99185,9.17914,4.50777,4.42572,3.33369,3.5836,2.84125,3.58224,4.72795,1.86282,3.61109,4.67274,1.38808,3.36829
9.01919,7.41618,4.3044,9.04312,11.3888,7.22177,4.38736,1.33446,2.67429,3.86785,3.56841,4.09155,6.4671,2.69483,2.29075,1.94563,2.0934,1.61568
12.7131,7.05248,4.50284,8.05713,3.72267,12.976,3.53898,3.88336,4.68872,2.69041,2.96849,6.92759,3.50894,2.49615,2.97482,1.75504,4.50406,1.39242
9.90697,8.78235,9.24152,5.49686,5.08623,3.02792,9.38119,2.5424,6.07698,5.77753,6.56825,3.80206,3.36641,1.54808,3.50409,1.7989,2.08358,1.25358
7.59265,6.28821,9.05738,11.2276,9.09592,5.56732,4.90635,5.74374,3.82452,4.43164,2.17149,3.83663,4.75431,3.64636,4.02123,2.64365,2.54346,2.87513
5.656,6.87615,3.75716,2.38917,4.47464,5.06735,2.82854,3.79668,11.2835,4.31727,4.25991,4.12561,2.68512,3.49208,2.44233,1.47189,4.03168,2.25213
4.24288,8.10247,4.48076,9.0724,7.81148,6.72661,5.01121,5.24994,2.40216,3.77067,1.47234,3.29044,3.60001,4.24337,1.93945,4.21017,2.57774,2.69299
11.2329,2.62783,8.8564,8.25111,3.6524,5.32126,7.75793,3.20866,9.54823,3.45779,2.39844,2.27106,2.85639,2.96634,2.25687,2.93349,3.67613,2.37715
8.25971,10.164,9.11688,3.73874,4.32854,6.84918,6.4563,3.71577,2.34218,10.5218,4.45654,3.43911,3.64793,3.36134,2.46298,2.37494,2.17281,1.875
12.624,8.96293,4.74477,3.92678,7.40946,5.11343,5.36744,4.5853,3.85012,3.07898,2.87179,1.85897,3.86251,1.00578,4.07893,2.22228,2.8617,2.72376
4.82684,2.66129,3.28059,11.0965,11.8761,4.4271,12.1048,2.5814,7.08423,4.07186,4.9614,3.07163,5.55677,1.93432,1.6778,1.35669,1.57093,2.84149
9.31884,6.53485,6.5504,4.68131,6.6545,10.1115,4.02642,3.90084,6.05793,3.15612,6.22301,1.76334,4.24949,4.1024,3.07122,2.3564,2.71805,0.271764
13.5306,7.59662,6.04096,14.1882,8.51294,8.45069,5.04284,1.51393,4.59842,3.80489,7.7093,5.40479,3.26386,3.88882,2.49004,2.31798,1.55876,1.43625
11.1387,4.75017,8.63182,6.34164,5.48285,5.80365,10.7306,5.15105,4.5247,4.8312,5.96854,2.85822,1.37877,1.21394,1.8732,1.03735,1.92152,1.86406
9.65506,6.26035,8.15703,8.18815,5.86605,2.79571,3.88478,2.40697,2.97096,7.74777,4.64652,3.69228,2.42454,3.18875,4.69603,1.50043,4.05939,2.12
10.6911,13.8276,6.24766,5.3372,6.55509,4.9884,2.51689,5.11664,5.35176,4.61235,3.6039,3.31166,1.23036,5.76052,2.7746,1.45881,3.01621,1.78615
11.3242,8.8895,5.21525,7.15913,11.6733,27.8634,3.17165,2.78615,2.52122,1.95631,5.16247,2.742,3.22302,5.73363,0.352777,1.79853,2.09304,2.58431
7.94956,19.2293,5.10438,6.40235,6.96546,6.55912,2.85557,4.69141,4.81075,6.3677,4.83498,4.59189,5.32737,3.67482,6.13078,2.12305,1.90215,0.899054
5.99648,7.46571,8.09089,6.6,5.72792,4.7222,4.01799,5.0109,5.34324,4.26578,3.81452,5.57916,3.49384,2.53171,2.90267,2.4176,2.8695,3.16768
10.0566,7.85809,7.23344,9.24245,4.98331,4.08415,4.87877,3.28979,2.62354,6.12331,6.11465,6.13114,2.78661,3.27786,2.55602,1.54947,3.15714,4.23079
9.3105,16.3132,8.88916,5.77419,4.32801,16.9495,6.54099,2.5391,4.67719,4.79825,2.41012,6.70929,2.52133,3.85659,1.75566,1.775,1.20917,3.12787
7.60111,12.9078,6.20146,9.25798,16.0471,9.83917,5.66734,4.88593,6.14941,3.33308,1.754,4.4569,6.15836,4.68729,2.28843,3.57721,1.96735,2.6814
6.57458,3.58395,13.09,7.59843,6.73367,4.98773,10.4761,4.39464,4.6752,1.11839,5.21506,3.0006,2.7286,1.66431,6.39539,2.86237,2.07831,1.6977
8.94111,31.4312,11.1467,2.33935,6.1139,11.3451,8.39708,6.46615,2.03329,3.52476,1.82608,1.57686,1.48768,1.08637,1.36798,2.58747,0.83494,2.85481
14.833,19.5053,16.9354,7.5921,12.5577,5.37005,8.49213,3.86972,3.12557,5.2015,4.07004,5.03081,2.34397,1.46583,2.15327,1.38459,1.20892,1.65797
25.182,7.49479,8.88957,11.9202,6.32194,8.39261,5.94827,4.56129,3.94161,4.21325,2.99445,5.44318,2.44102,2.404,2.39487,2.89154,2.99684,1.36476
9.07864,10.0841,14.1662,9.94283,5.20348,6.12047,2.17082,3.12972,5.78149,4.35185,4.68493,3.9722,2.3141,1.80838,2.27232,2.00689,1.78897,0.852231
9.10194,12.9236,10.8623,8.8991,8.18148,3.12436,5.30358,3.82286,8.88734,4.38392,5.74706,3.94255,2.53955,3.07219,5.73297,1.9854,2.76061,1.28049
4.89795,6.99093,10.8893,7.60651,2.71909,8.73412,2.46816,6.14348,3.53173,8.51327,6.64555,7.51655,2.15882,2.10881,4.2878,1.72879,2.54784,0.999938
6.0909,5.2894,6.2269,8.18062,4.4772,6.88123,6.05599,3.07524,4.32555,6.84165,2.87851,3.10563,3.51064,3.08983,2.36911,1.22951,2.9389,2.73481
7.91023,12.8502,10.6126,5.42709,8.55699,4.77103,3.99358,2.25637,3.62154,2.86717,3.14678,2.37634,4.39941,2.45607,3.04998,1.95613,2.09869,1.2514
7.29626,6.76226,8.87142,6.91409,7.7421,5.43684,8.90279,2.32314,5.45096,4.2317,4.25545,2.95872,1.65352,1.62286,2.37173,3.47555,1.12235,2.5582
8.30056,10.8008,7.09863,2.15249,5.22161,4.33713,5.64397,7.21639,5.39672,2.79226,2.77907,5.6221,1.79973,2.55727,3.57506,1.23218,4.70428,0.631898
19.588,11.592,11.1793,7.41484,1.71883,6.94231,2.78063,2.48297,6.79568,2.56848,1.98488,3.29557,3.76915,2.49719,3.64027,2.47891,0.987453,2.16555
4.39446,12.9969,5.83103,7.76299,7.23731,17.7705,7.12557,3.03632,5.4266,8.51389,3.94316,2.94111,1.55773,1.83203,1.3359,1.41973,2.05132,1.63532
20.1096,7.90434,12.3393,28.6329,6.38148,3.89222,11.4235,6.53068,5.34146,5.12792,4.92603,3.11115,2.39899,1.61099,1.14091,3.75495,4.35952,1.94684
10.1477,6.7781,7.62026,7.8455,9.99646,6.43513,4.79638,5.54832,4.53943,7.54728,3.71376,2.51371,5.30995,3.34861,2.84247,3.32992,1.8295,2.93661
10.5307,7.53981,3.16325,9.20106,5.31881,7.16012,4.28095,2.90395,6.88934,4.47122,2.46544,2.97525,4.16905,2.67517,7.63853,2.06251,3.32668,4.52005
13.3306,15.2146,9.74756,12.9734,6.51911,8.84705,7.06668,6.31706,5.73207,1.49904,3.88415,3.58904,3.769,3.05946,1.66705,1.1679,4.25597,1.5938
12.8397,8.67608,6.07472,4.81085,15.9989,11.5515,4.87433,3.75817,4.47697,3.72306,4.37551,3.84012,2.39716,2.22663,2.03289,2.54581,1.99319,1.87332
16.3082,10.7904,18.0908,7.82256,5.84985,7.47413,7.31984,4.37081,2.77761,3.66852,2.84748,2.25295,2.584,1.39298,1.18274,2.27114,2.00154,2.94414
7.42993,15.3994,10.675,6.00134,11.4181,4.02171,5.19172,4.6808,4.32198,8.18852,3.06267,7.83572,4.47709,3.03027,1.53816,1.57656,1.50801,2.22659
11.3764,6.76398,9.14245,6.82532,3.345,3.98303,5.65981,5.19503,4.98978,4.19776,6.67397,2.09862,3.3714,3.02539,3.07947,1.74428,3.20702,1.51508
3.99792,15.2118,11.4037,7.45503,4.39093,5.30011,6.98381,5.43014,3.1397,3.91757,8.85527,4.33576,3.1183,2.65451,2.30432,7.20567,1.26834,0.766914
14.4298,7.33154,10.0537,9.12665,4.09323,3.17626,6.51018,4.59916,5.95615,4.29969,3.33041,4.15102,1.90737,2.55786,2.02334,2.89494,2.54887,2.9275
13.2472,7.28302,9.62273,13.2327,4.80452,4.83535,6.33747,5.67534,5.5913,3.93455,2.84515,3.38593,1.09207,3.4314,1.68328,1.35924,0.676611,2.75729
11.7259,4.50494,6.38215,5.21225,8.34796,9.0505,9.04903,2.74,5.45024,3.90916,3.59779,3.46175,1.69356,2.90411,2.07438,1.95468,1.72942,0.931553
11.2731,9.81339,9.66527,8.62765,10.5973,5.48367,7.85368,4.39034,3.65448,3.75938,6.32979,3.19903,6.01626,1.4653,3.42823,2.1144,2.88249,0.640348
7.19088,11.5242,10.3683,7.48707,15.2639,4.73541,10.0354,8.97452,8.11685,6.20673,5.22224,3.9747,2.08013,2.53079,1.33058,2.65396,2.33925,3.11147
9.06674,6.31357,5.69551,7.19405,3.16619,9.60878,3.36185,6.08233,5.29789,4.73288,3.91594,1.93288,3.14708,2.71372,4.46762,3.05776,1.5241,1.86079
12.6607,4.43018,13.3598,5.26663,8.43268,10.057,5.01459,3.11905,3.39013,1.7477,3.00271,1.58854,3.33176,5.62369,0.715275,2.73866,0.729007,2.2764
25.2404,5.51876,10.2992,15.4049,3.72814,6.58489,6.00364,4.55212,5.68967,3.4303,4.45055,3.55813,1.65194,1.97958,2.07696,2.951,1.33304,1.09484
5.2648,11.3808,11.6499,7.89529,2.98426,8.14262,4.68525,5.02276,12.8913,11.0796,4.57141,3.54868,3.02668,1.73553,2.64505,3.20804,2.35801,1.62249
9.06367,13.2103,9.01648,11.326,4.33208,4.02829,6.28772,3.79322,3.22206,5.56597,2.02172,1.32612,2.83892,2.69745,2.41573,5.59362,1.33025,2.19574
14.9041,11.3158,12.3085,4.90071,3.91266,5.96114,3.99075,3.89232,7.88161,3.29994,4.83347,2.15346,3.29212,5.30924,2.82117,2.39842,2.15399,3.06919
7.69672,5.78667,7.56546,8.78645,5.13155,5.53747,3.71004,3.6287,1.98319,7.01231,6.29211,3.37547,5.28735,5.8066,3.62652,2.03925,1.46619,1.48113
11.536,16.292,9.27043,12.8154,4.08073,5.42192,4.78871,3.37593,4.04619,4.96776,3.13264,2.73777,2.10121,3.08587,3.38191,1.98502,2.74475,2.05033
10.7596,5.27787,8.42197,3.59122,7.37859,6.57175,2.32438,3.02124,2.63502,4.23114,2.97115,2.60042,3.43094,1.99478,0.952621,2.56982,2.24522,2.72749
7.40348,7.90531,4.78307,7.27648,6.40349,5.22726,6.371,3.60856,7.03745,4.6983,2.36821,4.25251,4.61941,2.96875,1.93508,5.97514,1.23519,1.0761
13.7142,7.74634,8.08315,6.14507,4.03231,5.26435,2.27199,2.765,1.9462,2.72449,3.66921,8.94366,2.56831,3.93648,1.88408,2.63477,1.94123,2.81439
10.3292,2.6197,5.19623,10.9109,2.64343,4.44343,4.29936,5.53358,4.74616,3.88807,4.19633,5.6289,2.48649,2.00078,1.23219,1.58825,1.17739,1.89091
10.3705,10.2511,4.17281,3.75224,9.73283,5.48058,3.9055,3.42228,7.4713,4.82606,4.32206,3.21784,2.7282,0.901468,2.02518,1.99657,2.08292,3.07158
12.2359,20.1795,13.6561,11.9376,2.92661,17.1756,5.08209,4.91178,3.75355,8.93288,5.51865,5.17564,4.15819,2.22335,4.6139,2.49032,2.3576,2.50206
11.5032,8.68314,9.39534,14.5007,4.1012,6.26875,3.59058,2.76409,3.02533,3.57485,3.64121,2.07285,4.66664,2.62343,2.23132,3.68198,2.6827,2.30727
4.82316,13.7065,3.0148,3.25704,5.31156,7.66985,8.32626,5.18058,6.55964,3.23587,3.87167,2.96867,3.67724,2.79381,2.55133,2.5505,2.0077,2.20091
10.0077,8.80885,13.8083,9.35677,14.9847,5.27972,2.93093,4.87491,3.83514,7.87509,6.0365,2.97353,4.3464,3.03845,4.52224,1.947,1.26007,1.31902
15.1618,10.0847,9.4943,5.78637,8.18649,5.69742,4.46903,5.38684,10.2179,6.16311,2.81279,5.77663,2.29615,1.3553,1.83257,2.125,1.7136,2.25009
7.9318,14.8655,5.95973,5.12621,4.67118,3.32547,3.44615,3.68394,5.09455,5.06185,2.4421,3.68029,5.45868,3.28749,5.57907,2.27602,1.89611,2.43258
6.18099,11.888,2.82056,3.24887,4.46286,2.49209,4.58293,3.44207,2.68077,3.73746,2.37622,1.78109,8.22419,3.64552,6.01119,3.30617,2.18578,2.507
20.9298,8.91159,7.87101,7.72759,5.29747,8.10453,4.60105,3.67463,2.79821,2.91599,3.73,3.29384,2.767,2.94544,2.10816,1.92843,2.37197,2.02072
10.6564,10.1911,7.98071,7.41121,8.3527,4.04431,6.91893,12.6407,4.85935,5.53453,5.01215,4.81018,2.72897,6.5809,3.38572,2.75898,0.710536,1.19086
13.2542,14.7441,13.9765,6.0243,4.3003,3.4167,3.56545,3.04572,7.95735,2.96405,3.20346,4.45868,5.21896,2.2741,0.797425,1.31578,1.18196,3.5538
5.04689,7.30511,11.0908,2.14065,5.38795,4.14801,6.89823,6.84117,3.29033,3.51194,4.87755,2.12096,3.23622,1.74095,2.08294,1.15447,1.88894,1.12749
5.21729,6.6875,12.4967,9.88772,9.58133,6.90099,16.4579,4.0409,8.91138,4.71018,7.02184,6.56382,3.97659,2.86851,1.36613,3.81189,2.17476,1.23707
4.81093,15.5206,5.11622,5.36516,6.40988,4.7765,5.44349,7.82349,4.18626,3.35021,3.15183,8.88405,1.75178,4.79623,5.66112,1.78346,2.08992,2.95614
7.36027,8.11954,8.48913,8.00546,9.39224,14.6665,6.91268,5.52615,8.05111,2.67797,4.04406,3.01492,1.28318,2.09299,2.60805,2.0362,1.46729,1.44769
11.8285,5.23769,12.2592,8.81032,15.3908,4.15148,9.14241,8.26489,3.95716,4.59865,3.44583,1.29738,2.87073,3.00543,3.73854,2.23059,2.57089,2.71892
3.32106,11.657,13.5252,4.71815,8.82926,2.93016,5.52982,4.45351,4.75967,3.86681,3.53342,3.62436,4.69759,5.99592,2.45395,2.33074,3.96358,2.12808
13.2811,6.58422,20.8148,13.6229,9.47163,8.75949,5.7135,3.9608,4.21914,3.31763,5.06256,3.13371,2.20147,4.05534,1.31545,2.12687,1.73675,1.50114
5.98141,9.72484,4.23193,4.69608,6.76491,6.60004,4.73799,8.43111,3.35209,4.76866,3.98378,3.6492,4.66089,2.02653,1.81523,1.25634,2.95074,1.7482
5.94113,8.45873,7.24137,6.1631,8.66927,7.95587,5.01857,4.46662,4.38545,4.35813,5.39663,3.58751,3.45855,5.77186,2.93605,1.5108,3.30556,3.71259
8.55548,6.37028,9.70299,6.84528,9.28755,2.68553,7.857,5.35684,5.49823,3.92041,2.96321,3.21323,3.92907,2.5513,5.18713,3.77959,2.04457,0.65974
6.42632,6.95166,6.10427,9.33893,9.849,7.25923,3.61077,2.68555,5.53802,4.71867,4.64179,5.48052,0.840763,4.18982,2.17669,2.93771,1.00513,0.794719
8.14693,5.9413,9.83787,15.009,9.15119,8.78862,2.90563,4.76966,3.72919,2.64039,3.42723,4.82314,1.87326,1.11568,2.2866,2.97832,0.685766,1.04916
5.59587,10.2523,5.97602,9.15456,4.03215,3.57227,6.76133,7.59317,4.53936,3.08086,3.82246,7.50377,1.59828,3.18955,1.36699,2.24932,2.48568,1.24923
10.2624,5.59864,9.2191,12.0839,9.47705,4.91216,5.13334,8.78623,2.39623,11.1874,3.43502,5.42694,5.02794,2.83686,1.70556,2.71113,2.99762,2.15773
6.85905,13.1258,4.8106,9.5267,6.52339,3.92585,2.73286,7.32782,2.80001,4.79097,3.64983,1.52357,7.9948,5.87779,3.50598,2.9209,2.59445,1.05681
6.11096,21.7436,6.81305,8.72325,3.58585,3.88104,9.44918,3.79082,4.66671,8.61411,2.94781,2.14827,4.34025,3.39886,3.55913,1.92776,2.91766,1.56188
5.84959,6.14344,4.91925,6.99164,4.16809,5.4817,5.63915,2.00679,5.03244,1.68824,2.45303,2.56286,2.96994,5.4587,1.43089,2.10317,0.613702,1.68533
9.9331,8.20318,12.3364,10.0539,7.35621,7.05484,6.22019,6.59073,9.30388,6.22023,3.8514,2.13087,3.01123,3.68432,2.56942,1.92612,2.12636,1.54048
7.7573,7.90104,9.51944,7.1387,4.3761,2.11842,2.54512,2.7698,3.77044,6.16727,4.92915,3.58479,3.93013,4.38505,3.7467,2.16517,1.55674,2.04743
10.4143,8.99287,8.94491,9.16868,6.58838,10.3546,8.73162,4.56048,4.30587,6.20732,2.84212,2.39257,5.08349,1.67729,1.16437,2.16713,2.63146,0.87718
9.63124,10.3539,11.4063,2.55437,4.29974,6.73294,4.70354,6.02355,8.32657,2.60126,3.05494,2.64338,2.73549,2.34277,1.203,1.23072,1.59273,1.1672
3.75509,11.1777,8.17807,8.18881,7.9691,3.74223,4.46346,3.97192,3.07087,3.60414,5.90219,2.78244,3.57249,2.75583,1.79338,5.04354,5.22662,3.70045
18.6821,18.222,3.3035,6.33934,7.05753,8.12603,3.25063,10.0085,5.87027,3.35684,2.50128,2.90688,4.599,4.15785,1.55357,1.02055,3.8656,1.81673
23.9249,4.19337,10.0241,4.28663,7.6847,9.09812,4.82617,2.10466,5.17164,2.03949,4.06011,5.93687,1.65146,3.67483,2.76773,1.70163,2.55733,1.87075
4.37306,4.24791,4.5609,5.6501,3.74374,9.26475,5.53473,2.29832,4.37251,3.68828,3.38731,1.47798,1.78348,4.59444,3.26983,1.96191,2.61422,2.38987
6.2172,3.74807,4.98438,10.5437,5.58807,3.95746,4.36396,5.75244,4.21462,2.60946,4.1922,1.72101,3.51216,2.94084,4.20944,2.00564,3.88819,2.25018
9.04742,4.20133,17.4615,5.95091,12.5425,4.96922,4.45956,3.77057,8.51314,6.04027,2.4885,3.1267,2.91322,2.22702,1.98038,1.8206,4.2021,2.62996
8.5599,12.8933,14.4407,8.47352,5.04632,5.10047,8.63452,4.97347,5.17672,5.50541,1.77574,2.39107,3.05751,3.36559,2.92351,2.62733,2.10037,2.4017
7.86627,8.9153,14.0142,5.00386,7.27452,4.12135,5.58593,4.18106,4.33698,1.54689,4.73672,7.11434,3.0728,2.75052,2.11677,1.34321,3.00172,2.42111
8.18155,12.5692,6.79335,8.84618,5.07444,3.2363,6.71281,6.78399,4.31029,2.5235,1.57659,5.29806,4.48716,3.96884,3.16364,2.93291,2.08161,4.1133
8.72627,7.70162,13.5973,7.09692,5.95955,5.33248,8.48127,3.97413,5.9908,2.33973,6.52998,2.96628,2.32883,3.90177,2.56536,1.45317,2.15072,2.42977
10.4555,11.6684,7.71898,5.54023,8.15444,13.194,5.78861,4.48787,4.48667,2.2339,5.52833,2.77345,2.50846,2.37295,1.00513,2.0444,1.557,1.64273
12.1691,9.59994,7.79322,12.5062,10.046,3.57151,6.30813,5.41865,5.25359,2.15411,4.01666,3.09826,3.49546,1.64045,1.10041,2.96376,2.51491,1.47238
9.39536,9.16996,11.426,8.69457,7.33023,4.45001,8.90982,5.18524,2.99375,4.25259,2.56549,3.12884,1.20521,0.877375,2.12605,2.87815,1.99636,2.06748
8.46272,16.7785,4.74195,8.14234,4.41502,3.02657,4.33036,3.28692,2.70401,1.64419,6.33372,3.69975,2.39191,4.08244,2.8007,2.14351,1.54926,2.21659
11.5094,10.4119,5.79278,5.11877,5.5084,10.5323,9.25278,4.99996,4.73298,4.0389,2.53852,3.1152,1.57852,2.02449,1.0168,1.98098,0.893696,1.2946
8.36957,10.9949,5.17715,7.06974,4.404,2.67406,2.54351,7.57189,1.77082,4.85057,4.63667,3.26997,1.89073,1.86071,2.79211,2.77259,1.31368,1.23569
20.3296,9.01504,1.81578,3.72626,7.5399,5.24575,5.39073,3.16611,4.60036,2.35552,8.33219,4.6488,3.81644,2.31922,3.06405,1.19619,2.2458,1.81207
4.96576,12.9582,6.67944,2.12344,3.22421,3.43686,2.44792,8.07944,4.94623,4.60211,2.95032,3.20952,1.887,2.40408,3.23834,1.84035,2.19139,1.76165
19.5048,5.02899,7.67979,9.92714,2.87914,8.53668,7.21375,2.42046,2.40931,1.39696,4.05861,2.40769,2.86339,4.22713,3.52116,3.62938,2.48227,3.08701
3.7773,5.8592,14.2326,7.48363,3.74999,4.05366,6.50669,3.73357,3.47726,3.73345,3.24088,2.40156,1.92976,4.01082,1.47752,2.76351,1.08634,3.37469
7.67228,9.3069,8.40239,9.05064,5.67415,3.85306,15.5127,9.56931,4.61543,3.02803,5.22525,3.13713,3.6689,3.99182,2.45852,1.22556,1.11544,1.00214
7.71668,7.43922,5.45161,3.83653,8.52927,5.39091,7.95557,3.98179,2.09266,2.09699,5.12966,3.17414,4.63484,2.20888,1.74816,2.16762,1.85004,3.68157
7.96781,12.1298,16.7748,9.45144,4.78503,5.32508,6.83,7.69312,2.43604,4.69332,6.70694,3.56189,2.79518,2.3906,1.92179,4.01818,1.99274,2.17945
4.86952,10.998,3.87784,8.83365,5.05468,6.64633,4.4364,5.19795,2.86826,1.38529,4.19952,3.64922,3.71016,4.25715,1.90341,4.34068,2.23572,1.60789
9.87823,4.95955,12.5313,6.73336,7.57392,4.69072,5.84709,3.53985,7.3621,2.18476,6.3574,3.66942,2.0123,1.16025,3.06242,5.43176,2.2807,1.86046
20.5963,9.22356,3.5023,7.99437,5.2428,7.28861,4.55519,1.66531,7.14549,2.67201,5.94788,1.67912,2.27674,2.18425,1.65607,3.71753,2.58611,2.10152
4.9775,11.4952,7.79104,8.42683,11.0581,4.5159,3.86416,5.72287,4.90692,7.54196,2.89217,2.84535,4.30546,3.03957,3.21077,2.35443,2.1326,2.10514
5.77337,4.83353,4.81458,8.62384,13.9391,7.25066,9.17842,4.90401,3.05965,2.39993,3.45193,2.01296,3.03737,1.59713,2.01742,3.02708,1.63904,3.08408
9.95455,13.5983,11.1237,11.0583,12.2593,5.1734,6.54914,2.75183,3.5749,6.60621,4.97682,5.21718,2.70531,1.97671,2.54192,2.07844,1.39471,3.65632
10.3936,6.56143,9.11098,7.41925,10.481,2.85605,6.55592,2.8278,4.59259,2.595,4.30102,5.16535,1.07207,2.00921,2.46674,1.8328,2.59067,1.2015
8.88927,15.8126,6.49063,6.52845,3.5733,8.56008,3.07356,5.05292,5.97047,2.7417,3.82041,2.49828,1.54362,3.8568,1.71298,4.75582,3.22866,1.41871
9.26552,5.75318,10.6348,9.79782,4.34872,2.92979,5.34818,2.88823,11.5066,3.46662,3.34188,2.57871,4.28478,2.29414,3.80711,5.0787,1.80624,1.26074
7.71952,15.1291,7.78301,4.00019,7.5626,7.46941,5.24493,2.24058,5.01529,2.86922,1.59706,4.53843,1.97471,3.02645,2.25086,2.03635,2.03557,1.65262
11.1249,5.9473,8.2937,11.1319,9.23902,1.71202,3.77119,3.9874,1.99854,1.69678,5.11066,2.36327,2.81597,3.21442,1.65472,4.39593,0.959723,2.44562
19.9656,9.4979,12.4644,4.3619,6.19617,4.18974,3.71696,4.21263,2.89969,2.24654,1.86856,1.91701,5.06222,3.93734,3.37748,2.88022,0.866104,1.89106
10.5235,6.12881,6.31556,7.48703,8.77291,2.46107,2.54708,3.87181,7.70596,3.18619,3.04007,7.97784,3.62356,2.21625,2.66639,2.40144,1.28694,1.12202
5.35501,4.92367,5.58833,4.29474,5.46932,4.50722,11.0956,4.67345,6.4947,5.79056,4.98801,3.09568,3.85577,7.00167,2.35475,1.23274,0.988938,2.94298
10.7155,15.6875,8.01615,9.00607,4.26045,6.35383,2.58636,2.86618,3.09809,3.6698,2.54731,4.62798,3.68965,3.93372,4.9449,2.74902,2.03449,1.1924
10.9867,15.2431,16.7191,11.7953,4.19269,3.10259,5.21193,2.92312,7.53884,2.6015,4.17906,3.02364,1.23098,3.66478,2.96025,3.82331,1.59397,1.77632
19.175,4.99752,12.5919,7.18721,5.61912,5.84849,10.7882,5.5984,5.96666,4.03522,2.38846,6.99688,3.18546,4.13811,2.00054,1.71827,2.53889,2.87208
8.36577,9.15184,13.8997,11.634,4.46386,8.92966,2.83386,4.68081,5.88964,6.27373,1.7707,2.74586,4.7022,2.31784,2.82941,2.54052,1.31677,3.04694
10.2802,8.56599,7.03471,7.25177,3.60103,7.50968,9.75928,2.78821,5.5098,2.90317,1.51594,3.73178,1.6643,1.26646,1.92824,1.66032,4.32934,2.6939
16.0176,8.54289,10.1208,9.64578,4.55363,8.66826,3.83166,7.62844,1.39904,8.26107,5.78756,3.56214,2.18221,3.67637,1.5554,1.6809,0.995336,2.056
4.80836,6.25797,8.73479,8.39069,6.80598,8.07404,2.37733,3.81997,10.749,6.67778,4.37251,2.85126,2.80458,2.87422,2.72467,2.74999,2.07847,1.41744
16.1509,3.62229,11.0135,7.83318,2.83823,7.82575,6.03687,4.18548,9.3288,2.83764,2.08022,3.85768,6.04971,2.03603,4.29441,1.16708,2.08631,1.58411
14.1482,6.56508,7.46965,9.41512,5.8471,6.60315,2.8409,2.83836,3.4062,4.7282,2.9491,2.49634,2.7996,3.94936,2.59236,1.6947,3.54114,3.99849
9.55389,7.35491,7.18597,4.26673,5.87423,4.92229,6.74582,2.73019,5.1719,4.31809,1.49941,3.92945,1.66948,2.17765,3.19441,6.55672,1.9795,1.2028
7.73652,4.52348,3.74938,2.60065,5.95338,8.55415,4.10985,5.99172,7.13846,5.25629,5.31544,3.82486,3.31752,4.16174,2.23223,1.13608,0.906276,1.41607
7.63253,7.31083,15.2951,5.93447,6.42445,1.93962,9.44439,3.71258,2.22881,4.04862,3.41263,1.84351,2.58612,2.24886,5.23756,1.57763,2.11769,1.87271
8.84128,9.11682,7.33171,5.66217,4.45674,4.64474,4.91802,6.47446,3.34295,1.78956,2.05276,0.871071,4.51163,5.74566,1.46295,0.916182,2.56411,0.258591
10.3117,6.26847,7.45381,13.5774,5.5083,10.2539,4.64471,5.45976,1.95821,8.9248,3.62071,3.10454,4.16157,2.39202,2.0322,2.21303,1.43715,1.90584
8.16411,13.6063,2.72569,5.72579,4.11521,5.62957,7.6683,9.53671,6.12226,2.46123,2.81439,3.99029,2.19042,2.74167,4.0797,5.03582,1.62404,1.007
9.8549,13.0107,11.362,5.06188,6.6263,6.19256,4.12258,3.06765,4.68551,3.94758,1.62204,2.84681,2.28967,3.44028,2.77297,1.58938,2.11342,0.68225
11.1052,6.55746,5.06462,19.5128,5.35625,9.78868,2.23921,3.95005,7.74709,3.05801,3.33714,1.93992,1.9817,3.58791,2.59571,2.33863,1.68399,1.59626
9.66916,9.97001,9.09997,4.5684,9.66339,10.8233,8.84728,9.90796,3.85661,4.72286,1.40021,2.51736,3.15928,3.63399,1.57126,5.51476,5.61167,0.637508
14.1184,10.8988,5.58216,12.0802,4.97179,10.0893,8.26602,6.40621,8.72397,3.01558,2.17584,8.15747,3.19939,3.59058,1.21149,1.79788,3.04962,2.71275
9.18845,4.82865,4.24496,8.6647,9.14119,3.69044,4.46729,11.9418,2.11438,3.25886,3.1297,11.4848,3.14498,4.52774,2.55473,3.07813,0.808947,0.824571
10.2742,5.40541,5.64776,12.5404,9.47659,9.27392,7.33185,3.8887,5.62148,4.03036,2.77887,3.55344,5.71996,2.38007,1.82158,1.46369,0.924937,3.01879
3.55041,7.47588,4.49275,5.27782,4.59065,9.15368,6.79786,3.57969,7.86745,7.44426,1.91842,4.11417,1.96404,3.91308,2.34518,1.24522,2.39273,2.17684
12.0102,3.74908,12.2357,7.84702,6.31311,5.85168,5.61563,5.92724,5.10187,3.94794,3.50337,3.84314,4.53786,1.93718,1.95311,1.03401,3.03961,2.35165
7.76131,3.89614,6.06187,8.56631,5.17181,15.9448,8.65423,4.29375,3.27298,6.39695,4.57788,4.19183,5.6375,3.31371,3.09573,1.98509,2.92362,1.16173
8.23875,4.40294,7.66064,8.18625,8.87013,7.54959,6.56473,4.56005,4.26175,5.40885,4.0037,2.57388,1.79071,2.29068,3.49142,1.77999,1.70798,2.22427
16.5364,18.2546,7.43984,13.7737,8.69249,7.37819,16.6777,4.33548,4.69597,2.39273,3.10294,2.84085,4.1689,4.96284,2.52333,2.06033,1.59018,1.30334
10.649,11.2263,8.30997,6.34807,15.5002,8.0649,3.97654,7.21871,8.89854,8.42164,4.91622,3.83873,1.60452,2.9425,1.20803,1.72166,1.37685,2.03826
7.09642,4.85669,18.2281,5.43392,6.86575,5.23271,13.6663,8.69306,7.90331,6.06246,2.0658,3.99067,6.41172,1.37618,4.34981,0.621239,1.01367,1.11987
15.6871,7.23866,8.33945,11.6161,7.13985,13.8769,4.01171,5.19157,6.84706,5.44406,5.04309,5.12031,4.09976,2.09583,2.13222,2.10311,2.04067,3.14327
8.86454,12.3731,4.79122,8.0094,6.08589,3.6603,11.6349,3.67046,6.10055,5.27342,3.878,5.57276,1.59712,6.45488,3.07122,3.11297,2.90475,2.46418
13.5763,6.3216,12.9437,10.5439,4.11782,4.48785,4.95424,1.80582,2.41738,4.7694,6.10819,4.65876,2.76799,2.6836,9.56374,2.27754,2.01573,2.36309
5.26786,10.6712,8.63165,6.17193,6.91388,5.60427,6.39139,2.00443,4.97985,3.54678,2.39991,5.03439,2.9621,5.2171,2.97305,2.86217,1.78152,1.62343
7.58379,6.83109,6.86942,3.7894,5.8278,3.53148,6.2809,4.14421,8.41864,3.69486,6.23016,3.07346,2.21672,3.51033,2.52417,1.48526,2.52134,4.32624
6.2233,24.3396,6.99739,7.54545,8.1153,10.1456,8.30114,4.06645,4.65423,4.4855,3.30556,3.42806,3.31717,2.16758,1.94956,2.35399,3.82333,2.7108
8.44319,9.38457,11.8857,10.011,4.91313,3.70864,3.66043,3.2723,4.54699,2.12941,3.5566,1.80639,4.458,0.761871,9.18999,1.47185,0.505887,1.72356
5.99862,8.09757,6.95823,4.62846,4.37142,7.41588,8.95174,3.77485,5.96764,5.65125,8.47603,2.60878,3.52904,2.64196,2.37898,2.56963,2.911,1.74389
13.675,5.06461,9.82123,7.71984,8.75378,2.36727,4.14368,4.60473,2.12887,3.47864,1.67907,5.32573,2.6937,1.88387,3.3274,1.66826,1.86336,1.27913
18.9679,16.2829,15.4499,9.7548,5.97134,4.94586,7.37892,3.32207,4.88421,2.74138,6.34923,2.8383,3.53179,5.63662,2.24913,2.34645,2.51886,1.05599
6.07656,8.06689,11.4008,3.8124,6.50027,5.57451,3.41415,,4.27013,6.51775,7.27711,2.06539,2.56758,2.87885,2.91038,4.56764,2.6486,2.81161
6.19989,8.15917,5.64026,10.1128,6.01279,7.57355,3.56305,,2.61335,2.02609,3.22862,2.96567,4.54074,3.82888,2.61627,2.02769,2.48242,2.18726
15.8942,13.7622,10.2122,9.07005,3.40921,4.01688,5.47987,,5.69855,2.24413,4.43376,2.94679,3.01318,2.3827,3.36829,3.401,2.20347,1.69081
11.1571,4.29667,7.10961,8.21872,2.79209,5.91805,3.71435,,2.67969,3.99477,2.60125,4.89099,3.20652,3.3605,4.04871,1.05968,1.79082,3.63232
13.8979,16.0075,24.0491,4.18858,4.57169,7.95654,9.50301,,5.92037,2.82474,3.14407,5.63441,2.45753,1.40076,3.41291,1.94983,1.32974,1.59648
14.0399,11.0431,10.7095,6.1156,13.5237,2.979,7.3737,,10.7335,2.28658,2.10641,6.17865,2.99184,5.13948,4.07458,3.85427,1.8826,2.16891
7.61393,12.7601,4.53111,9.61301,3.53486,7.58116,4.88289,,3.90125,4.05563,3.97053,5.53688,1.24137,2.29056,1.49752,1.72714,2.31535,2.68732
21.438,,14.5596,3.63582,10.921,10.0795,5.16067,,4.03482,4.70514,3.51883,3.02083,3.72327,1.763,2.17892,0.871876,1.82108,1.25033
9.55959,,8.97855,7.06303,5.22278,3.35048,4.54871,,6.58068,4.98032,6.12508,2.28911,6.00483,5.95176,1.68953,5.16556,1.51526,3.56544
8.25576,,10.9971,11.9832,4.11263,6.94165,3.08502,,4.13279,3.00226,1.7945,4.5074,3.58731,8.55163,3.48141,0.673181,4.25546,2.53794
19.6675,,5.30699,4.17148,5.62847,6.1089,3.43587,,3.259,4.46928,3.41481,3.83264,3.17868,1.63439,2.82135,5.3445,1.69069,1.44587
10.9411,,16.2782,5.11569,9.05329,5.54955,3.24537,,2.67629,5.01248,1.61383,5.46182,3.37894,3.85001,2.65783,2.88986,1.32748,0.617526
8.44364,,13.1778,4.43941,10.8768,5.1668,6.03221,,5.60619,2.91142,3.11145,7.2637,2.63636,3.40264,1.68564,2.18818,2.18082,1.53062
6.71502,,8.56208,6.41068,9.23049,8.94413,3.9627,,3.19065,4.24625,4.63279,4.55672,2.34896,0.780732,3.44832,1.74846,0.720956,2.22011
11.8991,,10.1704,8.42695,9.91019,7.26175,7.05788,,4.60414,6.42931,1.83261,4.40792,1.90245,3.86565,2.52899,0.414523,1.69955,1.77813
7.60747,,6.41791,3.45199,6.03645,7.31517,2.80739,,2.91827,3.8325,7.14219,1.93342,3.57631,2.02185,4.23182,2.93534,1.44684,2.42879
8.58794,,11.9868,8.41969,4.38584,7.29693,4.10912,,3.14179,4.06826,5.03888,5.00532,2.53469,2.83113,2.04969,4.52591,2.33964,1.67228
8.76915,,7.04852,5.28151,12.7768,6.7718,9.47857,,4.03397,6.85946,2.72786,2.67785,3.23419,6.40431,2.88454,2.84173,1.57726,1.40575
8.71403,,5.72695,10.258,4.42287,4.71407,7.53776,,2.32682,2.05791,3.11678,5.59347,2.37306,4.71358,4.77719,2.50788,1.40146,1.73769
17.462,,5.27459,7.00266,6.88466,12.8768,8.01112,,4.35796,11.7413,2.66999,3.45284,2.88471,2.70693,1.50863,1.35339,1.57214,2.18481
7.55697,,8.15664,8.75567,7.52169,10.0807,3.93962,,4.00715,6.10293,3.11761,1.11912,3.61259,4.59115,1.35563,2.96404,2.42303,3.46348
10.5539,,3.93695,10.0552,4.26317,6.57926,4.16428,,3.41262,2.29769,4.55989,3.30583,2.76101,1.23319,3.07855,2.27837,1.27868,0.95602
5.64688,,15.573,3.87692,9.56477,3.23679,5.62032,,3.51939,2.16371,2.3658,3.43805,2.91266,2.78344,3.49406,1.84475,2.33041,2.12605
17.3652,,11.5618,3.05027,3.37366,2.54943,6.26241,,3.31026,3.85307,4.92866,4.64957,2.51329,6.1457,1.36789,3.99623,,0.745709
7.76646,,8.19878,4.13412,10.2144,6.36318,9.21123,,3.58361,2.03595,4.04947,1.95255,1.8765,1.71261,1.24315,0.808539,,2.34141
3.79233,,9.59827,9.53819,5.36644,5.87716,8.78652,,4.24856,3.04651,1.33568,3.79643,1.96377,5.87767,7.31807,2.69361,,2.24643
18.9773,,3.24978,9.37604,4.12154,7.22778,2.49694,,3.28053,5.79996,3.48006,4.07365,4.78149,2.3824,1.70662,1.80772,,2.62525
6.77204,,5.05512,9.41844,3.48863,3.17419,3.33213,,3.62773,2.07278,2.01802,3.29363,3.10646,2.24738,3.54728,1.57871,,1.27393
7.19385,,7.70464,7.58828,4.99142,1.70759,7.63552,,2.76278,2.84891,2.80508,3.64196,3.71852,3.1493,1.87339,2.17445,,1.45522
18.8858,,11.2034,4.56476,6.98064,5.24387,6.52193,,4.44034,,3.81347,3.84249,3.39119,1.72794,3.707,3.30018,,2.09649
10.7095,,11.1213,5.02044,8.80649,3.27656,4.74166,,9.49902,,3.7777,3.98438,2.93049,3.45223,3.31643,3.17396,,1.46885
6.73737,,8.82146,11.5974,9.26308,9.29289,9.02727,,3.57182,,3.6075,2.63106,2.03008,3.10142,3.01563,3.3611,,1.69002
6.72119,,4.98091,1.92368,5.12991,11.9506,4.27901,,6.56778,,3.07509,5.25344,4.17986,1.48967,2.63249,3.75657,,1.40847
21.2698,,4.52866,4.04522,8.02528,7.98751,3.03976,,6.80392,,2.04342,2.97356,3.53681,7.03344,1.18048,2.97255,,2.32223
12.3436,,15.0465,3.80761,5.5613,8.97208,2.37939,,5.68779,,5.14985,2.46202,1.38607,5.67771,2.40281,5.54906,,1.99811
10.6848,,6.6027,11.147,10.4808,3.43204,2.38959,,2.77296,,2.40661,3.10878,3.03094,2.86499,2.51487,2.95561,,1.63716
7.756,,6.2696,9.35206,5.6154,5.21725,5.00732,,7.57976,,3.22947,4.28572,3.38903,2.78942,3.06228,2.51382,,1.1109
9.59184,,11.3682,5.60999,7.89705,2.08325,6.70814,,2.75043,,4.38899,1.52723,1.85355,4.30112,2.88054,2.03361,,0.532368
6.22701,,5.49307,5.41765,9.2597,8.39232,4.21046,,2.80491,,4.2581,2.58213,2.57285,2.17826,2.35639,3.17738,,1.38242
19.5395,,8.2602,13.1177,7.90576,4.96411,6.19435,,8.14033,,3.67618,2.3843,2.57569,3.84294,2.31374,4.40619,,1.1469
7.22673,,6.27161,10.5519,5.13902,5.66116,4.28333,,5.0091,,2.49909,4.95127,1.15263,3.05624,2.45954,3.52928,,1.70805
15.226,,9.9797,5.01796,5.07146,9.21301,4.41242,,2.67884,,1.43883,2.81523,5.35902,2.89623,2.42515,1.6898,,2.15146
10.2157,,7.2813,3.27698,6.169,4.44526,5.46714,,5.95105,,4.38997,3.44174,3.93644,1.22149,1.74259,0.964712,,1.90684
16.112,,12.6216,5.90448,9.79495,6.66094,7.11974,,2.6162,,6.37381,5.85474,2.14556,2.00558,1.22911,1.64817,,2.65875
5.08904,,2.45998,4.38577,2.69669,6.5799,9.59628,,5.50745,,4.5816,2.85836,2.39428,4.05145,2.79119,2.81456,,1.12293
3.95387,,5.92805,10.6244,8.8452,4.38536,4.27924,,2.86735,,5.18355,3.79425,,2.17816,2.15387,2.74035,,2.24601
11.7994,,3.95522,6.31005,7.24093,10.3634,11.6599,,5.71187,,3.75757,1.69063,,9.50217,4.72722,2.81666,,1.42252
10.821,,3.79431,8.67116,5.04187,3.78528,3.91326,,5.76267,,5.60245,2.54606,,2.74129,1.91546,1.98208,,2.17148
8.96871,,6.59927,8.05815,8.91383,8.71869,2.92295,,2.11445,,4.0459,5.03605,,1.48241,1.31538,3.36357,,2.41306
17.0657,,3.2583,5.50957,2.58798,8.60931,5.61062,,4.53631,,1.97969,4.46295,,2.48334,3.05068,1.26193,,2.45189
7.09386,,5.48743,7.41202,5.35911,10.6691,5.1898,,2.81542,,2.20099,3.61948,,2.9585,1.41688,1.63317,,1.51498
9.70982,,16.533,2.57817,9.24194,7.65933,5.70351,,3.39259,,3.25025,5.19825,,3.56752,3.57534,2.09353,,1.47988
14.9337,,6.38115,6.09584,8.67239,4.63052,2.25297,,11.393,,4.51031,3.08937,,2.24356,2.07265,2.18684,,2.05216
16.8589,,5.65612,5.05499,6.73249,2.89249,11.0748,,3.92799,,2.41788,3.96441,,2.04731,2.33727,4.39268,,2.09005
14.825,,11.5871,6.10084,7.53115,4.61151,9.99019,,3.26629,,3.97539,1.17105,,1.61666,0.742365,4.9614,,1.53596
6.15897,,17.1426,4.71226,5.7523,3.74954,4.37211,,5.25333,,3.58385,2.49132,,4.3976,5.3467,2.98387,,1.00137
11.2712,,8.19059,7.93636,7.85329,8.15728,6.35757,,3.17743,,6.01849,5.8687,,5.08074,2.42859,3.14055,,2.06203
8.8171,,8.47967,3.42313,11.1446,6.84811,6.98328,,6.54324,,1.60528,3.88012,,2.66934,3.1533,2.33335,,1.67352
5.27963,,9.69272,6.74011,7.17805,6.89112,5.03426,,4.42726,,2.66811,5.19986,,3.46772,1.80052,1.31235,,1.80503
5.72161,,3.32773,4.05169,5.71908,4.16793,9.07507,,4.26894,,5.68609,2.91698,,3.40928,1.74428,2.10334,,1.31796
7.43119,,13.4803,8.78602,2.65374,5.11098,3.93183,,1.94603,,4.48976,2.35453,,1.67797,1.33362,1.27867,,0.680988
12.6236,,5.98913,3.50976,8.06726,5.77402,3.9884,,9.05882,,3.70437,2.99653,,2.80723,0.978612,2.71318,,1.55911
8.40379,,4.02385,5.50592,11.3094,5.60186,4.96686,,3.43015,,3.56494,3.43558,,3.16561,2.53584,1.17265,,3.3201
13.1696,,4.7454,12.7753,11.4284,3.92147,5.00711,,6.18054,,3.9263,2.15063,,2.62384,3.59411,3.743,,3.32184
6.70305,,12.4742,2.79177,5.18883,8.29168,4.44558,,2.8447,,5.86292,3.6034,,2.63134,2.64867,2.74286,,1.28397
7.06997,,3.8385,4.80496,7.86521,3.86008,2.98352,,4.25343,,5.09012,2.45854,,1.81969,3.66807,3.00152,,2.09504
13.7747,,4.3354,6.16816,8.78904,5.37095,1.96361,,4.1183,,3.40531,,,3.60862,3.74864,1.01292,,1.58415
8.88503,,3.97313,6.27295,4.1477,6.70676,5.51226,,2.69732,,4.18573,,,5.04976,1.52621,,,3.62745
14.1245,,7.52747,2.2071,3.79683,3.75376,4.70957,,2.98827,,4.04561,,,1.92007,3.38489,,,1.33243
11.1411,,4.67255,5.03644,7.11157,4.35911,4.40202,,5.18866,,3.85291,,,0.870998,3.26884,,,4.19171
14.1253,,10.2276,5.53493,4.20067,4.55438,9.58583,,3.6664,,4.37214,,,3.38824,1.89094,,,2.80411
8.79968,,3.74174,2.3435,7.2277,3.41035,8.95037,,5.09705,,2.82755,,,2.93472,1.37209,,,1.29592
6.23164,,13.9245,10.7289,7.75672,,3.952,,3.69499,,2.72192,,,4.40243,2.57791,,,1.86245
,,9.61958,8.08714,9.42227,,5.29012,,3.06428,,3.11981,,,5.05013,3.38015,,,1.2454
,,10.9114,21.0311,3.77525,,3.237,,4.63497,,2.583,,,1.06056,2.2697,,,1.78402
,,3.91256,10.4003,6.55826,,7.09732,,7.82686,,4.18076,,,1.98441,2.4395,,,1.74541
,,6.73398,6.65258,4.33365,,7.71083,,3.5397,,5.71109,,,1.80488,1.67025,,,1.19002
,,16.4935,8.66774,4.35567,,5.55688,,4.20311,,5.83401,,,2.91107,2.78679,,,2.59161
,,5.08081,6.09088,8.37681,,7.45748,,5.88211,,2.06023,,,2.03257,2.13393,,,2.12823
,,8.26145,10.491,5.60996,,2.80355,,4.37139,,3.83617,,,4.93217,3.05424,,,2.4728
,,9.43363,4.71338,12.776,,5.05255,,7.08524,,2.77032,,,3.64188,3.55809,,,2.77597
,,5.77339,4.31609,7.54368,,,,4.20371,,6.29938,,,2.62489,4.14247,,,0.624236
,,7.99343,9.59682,6.51592,,,,1.64448,,5.62006,,,4.51265,1.78839,,,1.89816
,,8.19301,11.3662,8.09727,,,,1.53449,,5.73104,,,2.94886,7.52371,,,0.85192
,,7.91114,3.20522,6.66612,,,,6.53088,,3.51307,,,6.11457,2.56649,,,3.28041
,,4.12647,5.20657,4.49603,,,,7.41486,,7.65762,,,3.17671,5.83045,,,2.51916
,,4.27598,7.57478,8.29014,,,,2.39152,,4.67752,,,2.34454,1.59253,,,1.93515
,,7.13483,7.87603,5.35115,,,,4.72313,,2.29128,,,1.9738,1.33928,,,0.988841
,,10.8019,6.87397,7.32661,,,,4.89133,,5.27048,,,1.98854,2.67138,,,1.0155
,,5.61852,3.96321,8.06277,,,,3.90929,,3.74417,,,2.96657,1.03821,,,1.31011
,,11.0941,7.01087,5.5828,,,,4.57337,,8.55004,,,1.65811,2.46691,,,1.80359
,,6.40743,11.1021,5.67055,,,,5.82865,,4.56029,,,,3.04999,,,3.14121
,,10.2475,11.54,13.741,,,,6.4633,,3.67977,,,,2.31836,,,1.42793
,,5.55525,9.90766,9.4618,,,,3.40505,,2.15705,,,,0.488318,,,2.1259
,,5.45357,5.31513,4.08915,,,,3.6903,,4.17289,,,,2.25361,,,1.69321
,,4.08051,16.7352,3.29717,,,,3.34864,,7.18761,,,,3.84047,,,1.37352
,,4.26015,9.4774,6.45573,,,,2.00338,,4.85866,,,,4.24986,,,1.68469
,,6.24951,7.51644,7.60866,,,,3.95894,,1.57922,,,,1.27443,,,
,,6.08067,8.70954,7.21171,,,,3.14482,,3.3908,,,,2.44047,,,
,,3.96445,5.02552,11.2116,,,,,,4.0575,,,,1.16399,,,
,,10.2714,7.01524,4.46731,,,,,,1.80818,,,,4.32407,,,
,,8.31939,6.98453,8.03634,,,,,,5.96415,,,,1.62317,,,
,,9.38709,7.01797,4.94455,,,,,,3.77403,,,,2.02375,,,
,,12.637,6.31779,5.83464,,,,,,4.90798,,,,1.46634,,,
,,8.84703,9.07911,3.30699,,,,,,2.53961,,,,3.92662,,,
,,15.9465,9.38827,5.78458,,,,,,4.53727,,,,2.60496,,,
,,8.68155,9.67214,6.99178,,,,,,2.16215,,,,1.73156,,,
,,11.5588,7.03676,9.61385,,,,,,3.55508,,,,3.2171,,,
,,12.2123,8.66351,3.55223,,,,,,6.19694,,,,2.13308,,,
,,6.7127,7.71838,6.85083,,,,,,2.15344,,,,3.60407,,,
,,14.1349,8.43226,7.2921,,,,,,5.12534,,,,2.65895,,,
,,6.24096,7.13861,3.12423,,,,,,3.46344,,,,1.86347,,,
,,7.71771,15.6449,3.54472,,,,,,4.23573,,,,3.2412,,,
,,3.34892,4.88904,9.37215,,,,,,5.99449,,,,2.95515,,,
,,6.0288,2.84065,5.01653,,,,,,2.39872,,,,1.68338,,,
,,15.3877,8.22791,4.28397,,,,,,3.64113,,,,1.96401,,,
,,9.22121,5.46932,5.22957,,,,,,5.2332,,,,2.69542,,,
,,6.52958,5.16458,4.86381,,,,,,,,,,3.07328,,,
,,4.35184,10.1304,7.66727,,,,,,,,,,2.27991,,,
,,4.18805,6.61274,11.3346,,,,,,,,,,1.74827,,,
,,7.09791,5.06799,3.13916,,,,,,,,,,1.59508,,,
,,10.436,9.1206,5.26929,,,,,,,,,,0.851269,,,
,,6.81605,4.59213,6.16369,,,,,,,,,,1.96624,,,
,,6.68743,8.8725,7.21087,,,,,,,,,,5.91723,,,
,,10.1408,,7.04477,,,,,,,,,,2.43021,,,
,,7.65431,,4.36722,,,,,,,,,,1.03841,,,
,,7.43323,,8.15922,,,,,,,,,,,,,
,,4.09319,,,,,,,,,,,,,,,
,,9.48066,,,,,,,,,,,,,,,
,,7.1579,,,,,,,,,,,,,,,
,,8.25333,,,,,,,,,,,,,,,
,,8.46532,,,,,,,,,,,,,,,
,,15.1004,,,,,,,,,,,,,,,
