X1,T1,E1,X2,T2,E2,X3,T3,E3,X4,T4,E4,X5,T5,E5,X6,T6,E6,X7,T7,E7,X8,T8,E8
18.0467,0.460153,19.5579,21.8162,3.85624,45.6815,26.9863,36.6704,69.7828,26.8441,6.82132,75.4349,36.9779,2.15065,105.263,43.815,0.915467,135.846,47.7383,1.41985,155.91,42.4478,60.1677,225.71
18.529,0.200543,18.2322,18.2612,0.112442,44.7908,26.8258,43.5103,67.3517,34.2863,37.9268,92.5116,24.8752,2.06119,96.5744,39.5166,0.262288,124.956,36.0223,25.8143,170.473,41.7884,3.0579,223.722
16.3836,3.25835,16.6602,20.4782,72.2836,35.5544,28.3342,3.0815,54.8598,20.2472,65.2712,94.4689,29.8605,10.5823,116.9,31.0708,22.4655,127.653,43.7199,0.230371,149.957,42.3268,35.4675,196.499
17.388,7.61741,5,24.4452,1.72912,51.2309,21.4553,32.9999,57.1994,37.0786,2.23601,79.3658,44.0597,0.101353,115.94,34.5778,26.4796,131.511,47.1275,0.759323,151.799,46.799,0.545191,192.87
22.1444,0.313588,5,26.8923,1.53941,47.2672,40.9509,0.122892,73.3829,33.7506,0.271579,90.7587,43.2095,0.432109,107.787,42.5493,1.56702,126.24,47.8081,0.718999,163.276,45.9073,5.635,197.042
16.3753,1.74208,19.1639,26.0408,3.00774,43.3452,28.4378,0.292651,61.6353,30.8573,2.53481,83.298,32.7513,14.677,111.832,46.0492,0.165664,143.702,41.9345,2.32479,159.976,38.9919,73.1962,186.361
20.5896,7.27424,12.1304,20.0347,37.0852,35.4554,23.2509,0.143208,69.4987,33.3378,0.377233,89.4034,28.4691,0.181269,110.928,34.6844,37.281,125.718,40.0079,2.80468,159.142,47.6562,3.16911,211.389
23.796,73.9067,25.7657,21.9406,1.14815,50.9126,29.6108,0.973905,64.2703,23.3532,7.45483,80.2533,22.344,57.1518,105.442,43.2009,0.123632,135.298,35.3662,45.5913,173.553,46.1412,70.9156,246.362
17.8519,2.1296,26.6531,24.0989,1.29989,40.4487,32.2371,0.160962,70.9268,31.8948,0.597169,93.6362,36.8635,4.42345,104.667,41.93,0.387702,131.837,46.8482,1.45278,168.948,45.8156,42.8274,226.915
18.5736,1.41624,9.89254,17.462,37.5673,49.2191,34.6494,0.131804,70.3757,32.3468,17.7012,94.8475,40.4145,0.267279,108.032,38.2562,1.20037,138.551,36.6934,52.4841,175.635,46.4847,40.724,239.655
17.7411,8.14632,19.6012,19.29,2.80494,38.1485,25.4214,4.82879,52.4402,33.37,1.42616,83.0692,41.0053,0.440231,108.61,32.7262,0.534591,120,32.0586,10.8592,148.572,41.9043,48.3577,198.575
26.8758,0.380355,15.4435,22.2899,2.35023,37.0116,27.5201,20.6529,58.3018,32.7249,0.269354,92.8204,31.1214,1.60694,99.0818,42.0419,1.65387,139.089,43.5278,27.2199,172.23,44.9863,68.4539,231.17
17.1502,0.34653,6.44118,18.0605,1.59644,36.081,25.5955,1.96592,64.3365,34.6928,10.9378,81.4889,42.7097,0.16714,106.387,42.7656,0.245273,144.028,37.9754,12.516,159.865,43.6869,12.2697,202.509
21.9944,0.136469,12.5326,24.3389,11.4943,51.3935,25.2383,6.70251,58.6112,24.576,6.09939,84.5278,36.952,69.7483,108.164,34.7624,47.1343,120.909,37.8277,0.35987,150.854,47.5182,1.00396,180.621
16.1503,0.318098,16.857,18.1935,42.5777,48.7778,32.6489,0.180907,53.4464,31.358,7.54534,77.844,30.4943,3.95176,103.774,36.5464,1.96168,126.846,35.9984,3.49379,146.573,42.2911,22.4939,192.665
18.8154,14.6439,5.08426,28.2421,2.84487,48.4624,30.6784,39.1086,65.6638,37.5161,0.263983,82.1501,29.771,52.8842,96.66,30.786,8.04612,119.993,36.6523,5.30951,146.521,40.4557,9.01092,181.862
21.4762,35.8007,27.1967,20.1768,23.578,35.0351,25.6441,0.597211,57.4258,35.2948,0.177454,81.4603,39.1129,2.94848,101.148,37.7036,5.38578,141.787,42.2213,8.23211,148.293,45.9065,17.412,247.431
19.7155,1.31208,27.1652,22.0415,42.694,49.9834,20.4927,29.4553,55.4983,35.7342,0.145903,93.031,35.9561,1.14462,100.477,39.2538,4.152,119.537,44.4189,6.64851,175.439,47.8525,57.9288,255.857
16.1954,0.401743,16.4584,25.3946,0.885875,35.104,25.9656,0.365466,52.6692,23.237,58.5028,87.2334,37.0881,2.9077,100.523,30.4126,12.5066,130.206,37.6987,69.5719,161.216,45.2778,2.26362,180.539
17.0106,0.17427,5,20.6607,0.129693,29.3821,24.1505,2.03976,64.2003,26.1863,16.3661,87.3144,26.151,33.8283,110.481,32.9395,64.7926,123.837,42.0524,8.13776,166.646,39.0412,5.71631,181.558
21.1522,6.40281,24.9934,30.3419,0.927691,49.4924,22.5237,7.61632,59.1206,38.4789,0.110806,75.9508,36.5379,1.02412,113.25,36.2049,4.2449,118.106,41.3428,14.9512,169.394,40.9246,14.4875,186.35
16.5737,0.505245,11.4236,23.9634,9.89854,42.0566,29.4597,0.1029,70.9365,26.9448,0.811978,88.7343,27.5174,51.7636,98.3179,40.9051,0.392928,127.658,44.3597,1.9938,151.288,43.3507,3.82246,183.597
19.7769,58.5701,9.82747,20.9082,2.42982,33.9161,27.8817,0.153922,62.8185,29.4027,2.65605,77.4455,36.1057,5.04284,115.84,43.7187,0.188287,127.287,35.6605,6.13718,146.559,47.344,2.95292,196.055
18.5458,25.1818,27.9183,18.0943,0.835922,42.393,22.8937,2.35242,62.8575,27.863,0.303877,80.4361,38.5137,0.385908,103.321,37.2695,9.14456,129.526,37.6424,24.4743,172.346,43.556,29.3071,184.571
17.3917,17.5026,28.6193,32.4466,0.265526,46.9837,25.5983,2.25203,53.3501,34.6647,4.17782,81.6408,35.0973,24.4892,103.274,37.3515,0.328789,117.643,39.1072,1.00372,161.789,43.9378,51.1518,240.103
21.7488,0.976977,11.706,23.2656,0.876172,45.8864,25.648,27.7279,63.0151,28.4303,4.53819,92.8372,29.4201,57.6299,104.58,25.802,44.7049,134.404,47.2532,0.77982,150.415,46.6547,1.70577,181.27
26.8994,4.0361,28.6166,21.1621,0.839638,42.1098,24.5439,2.64341,63.6596,21.1189,4.32838,79.0969,28.2098,1.8865,108.158,36.9471,7.48992,124.292,41.4491,1.18586,157.587,47.2567,10.0595,226.554
23.1907,4.71226,24.7634,33.8815,0.372588,50.3503,33.7011,2.30352,68.3455,28.1406,63.8006,90.4843,37.2146,0.222354,98.7812,31.1307,0.369156,131.059,37.3099,21.9327,170.032,47.8136,1.36459,212.75
16.2028,10.7252,5,23.4368,2.50194,32.9694,30.1005,2.16739,62.9711,23.1121,8.23499,77.8769,32.1907,0.639129,99.7819,43.6242,0.623212,125.896,39.7585,37.8141,147.743,46.0702,75.7172,252.027
18.1187,2.62896,5,29.163,1.84235,51.622,27.4071,4.59209,55.2123,29.1396,0.377563,89.6489,39.4616,0.536514,106.048,33.5077,0.338811,125.113,43.1094,2.4798,149.615,46.8325,23.3145,195.012
20.2991,49.2428,5,18.1487,6.58385,35.058,24.6243,0.438579,58.4834,22.8432,12.2313,91.9026,36.3522,8.05583,115.775,38.2096,5.06892,142.991,38.5177,35.6299,154.108,40.0694,65.7508,182.642
19.2937,22.1583,27.529,26.4863,0.778806,39.1562,24.868,34.3186,69.5602,26.4352,2.2035,83.7254,34.7186,2.94487,103.949,37.1169,28.9727,139.307,37.9164,2.52962,174.779,45.6117,45.818,215.985
16.414,8.2114,5,17.1355,36.5093,39.3927,36.6955,0.473927,68.2553,23.8596,2.95444,82.3244,43.8279,0.102642,99.1774,36.9105,8.27748,117.954,40.7794,1.59314,159.941,37.896,7.33547,178.917
22.7845,2.44082,23.5029,17.9092,4.99377,32.3253,23.7491,6.71584,58.0066,43.5803,0.322685,81.0534,33.4572,3.58528,111.749,32.4474,60.3773,134.054,37.6372,15.5088,153.879,44.5294,58.3393,236.959
18.3864,0.697593,5,31.9797,0.21366,46.8662,21.6262,58.6406,65.4791,38.7608,1.11855,93.1662,35.6754,1.48905,110.805,32.9342,33.4148,137.35,36.8455,21.9531,163.111,43.4698,16.3643,197.07
16.5782,30.2097,5,27.9968,1.04144,46.7783,27.9309,21.5775,70.8182,27.0393,42.1349,74.0517,31.6424,3.21989,97.4549,43.5522,0.340289,128.721,42.9419,3.05361,150.22,42.4157,62.7901,200.538
20.224,0.20526,7.98203,18.252,2.13633,29.8983,20.97,29.7678,54.8353,32.0183,2.61696,82.2055,43.7297,1.49241,115.626,28.4168,67.0185,126.12,39.9842,21.4025,159.396,36.837,39.1043,184.209
22.1089,11.5797,17.6799,23.6683,10.1962,48.6194,28.5358,1.42244,56.3643,39.4383,0.132109,90.963,35.0646,0.831708,96.8008,38.0775,19.0004,136.9,46.0974,4.62538,158.727,33.6631,31.3862,200.227
17.2174,0.213898,5,19.407,0.436904,32.1538,23.474,69.7362,62.0004,30.617,34.3553,85.3456,35.062,10.023,111.588,35.5059,61.9743,136.448,41.6861,26.6631,150.631,38.9916,38.8368,204.777
18.5688,0.329079,14.1891,21.9646,3.33646,32.9526,22.4695,1.98862,52.5079,33.9804,1.03231,79.5024,30.373,0.479128,103.696,34.1612,15.9223,128.569,37.976,49.7446,154.482,43.8833,10.5616,186.603
19.0716,1.89958,5,17.9136,3.24975,44.2107,21.1581,1.87112,67.3571,40.5491,0.161756,85.1158,27.9573,51.2153,97.1977,36.9976,10.5207,136.963,41.3164,1.11619,145.929,46.7838,41.6213,226.993
30.0627,8.10178,23.1054,33.1895,0.486308,43.5436,25.7044,2.16769,71.199,32.1371,0.257552,78.123,30.0879,11.7389,102.036,37.4699,2.41782,135.374,40.5235,0.586439,153.732,42.7265,11.1681,198.386
26.5003,8.02308,29.1644,24.7404,0.273612,36.4116,25.1353,2.36193,54.5446,28.6948,4.22915,83.116,38.8475,0.135463,102.857,39.4008,2.90709,144.144,46.8056,0.260976,148.203,45.1307,69.1278,253.924
17.3609,3.90574,16.5899,20.1819,0.150247,35.867,33.4434,0.282767,72.3953,24.8797,1.06535,84.2175,37.1495,0.29422,99.1498,41.3395,0.38934,124.415,46.6781,0.851722,171.54,43.6449,42.2148,217.574
22.9555,2.54038,5,23.4884,20.2502,51.5077,37.2419,0.286315,62.0851,35.0086,1.30305,91.8264,30.0872,1.09845,97.726,41.6032,0.836314,126.103,45.7189,1.35449,168.807,42.3725,1.06016,177.922
16.068,4.26565,24.3409,24.7289,27.7843,46.9067,18.9184,46.7663,53.0812,26.9255,13.5639,75.0617,34.6879,0.531353,108.886,39.7809,0.229592,125.111,43.5796,17.2766,158.772,47.6242,14.4386,276.235
17.8304,19.8187,5,22.2128,44.0219,42.8612,26.3359,0.323212,64.8714,24.9407,5.08926,75.0265,27.2189,0.934544,116.335,36.9223,0.28303,123.984,40.3607,3.13594,157.623,42.3887,4.02428,195.408
22.7438,2.09573,13.16,19.8168,0.730102,48.7309,29.1001,32.6516,70.2863,27.4666,22.1532,76.1536,41.4837,0.328809,114.339,38.379,1.66562,143.079,43.2963,2.10958,175.621,44.333,3.36506,188
18.8631,0.368775,5.50411,16.5515,10.4948,48.3353,25.2843,0.874653,65.0742,33.5208,0.815896,86.7372,46.2032,0.186558,106.719,34.0284,2.45601,118.439,43.5964,2.50562,164.962,42.8464,60.1656,198.841
24.4446,0.102604,14.4844,19.0032,6.922,42.9423,26.3664,76.9516,73.4994,31.7699,0.370803,80.1897,32.6843,29.4597,99.5472,36.5115,1.845,141.655,40.4109,3.64653,166.911,40.5799,26.6469,219.274
21.2809,1.37754,22.5602,18.5268,25.4918,35.1338,39.8462,0.497134,71.2692,31.5596,1.22583,94.7907,33.6845,0.587372,107.007,34.2168,14.9329,142.668,31.2783,42.0162,151.517,47.2721,20.8458,240.269
18.7097,76.992,26.7215,22.7952,1.60457,42.5599,26.5867,10.4379,69.4656,33.8039,0.457843,80.9452,41.1545,0.959565,108.292,44.6303,0.188628,134.852,32.3112,12.0057,156.866,45.2133,3.76213,197.37
24.5613,0.129776,28.4352,17.7245,2.8658,48.0844,16.7776,72.9214,55.8891,28.2154,1.73748,81.8631,32.1845,74.9694,96.3351,43.4698,1.27996,142.704,47.9234,0.413712,147.275,37.0811,28.6018,178.055
17.2034,18.0366,20.2749,17.8513,0.993761,30.7178,16.9887,12.1663,60.6602,32.3433,0.508893,87.2196,39.9308,7.89675,116.041,42.5452,0.923951,136.683,43.5776,1.45038,164.705,47.2927,77.1844,291.623
22.865,0.135979,22.1788,16.9933,2.46321,29.9772,22.2231,6.91605,72.4101,37.839,0.97772,84.6589,38.6966,1.20564,116.776,34.3561,31.8795,138.189,41.9523,1.16668,168.431,40.7409,74.475,241.607
20.5443,5.96188,5,22.8763,0.204758,33.3345,21.9103,2.61949,60.9721,32.1147,0.302265,81.277,38.4852,1.72433,104.721,46.0659,0.348693,126.194,34.3349,55.8296,164.65,39.9888,1.63781,178.498
24.8675,0.144756,9.66378,30.2363,2.39041,44.888,32.1247,0.765802,52.0198,31.5904,0.283109,75.0498,28.8019,37.6926,108.854,31.1994,2.48685,119.481,34.212,10.9645,154.819,42.4902,12.7591,178.651
20.5293,0.117282,17.2775,24.6437,32.593,44.6394,31.9685,0.115705,70.5885,33.8745,2.32585,82.0419,34.1359,8.93371,108.205,40.1202,0.168531,120.142,41.2696,3.19103,175.684,42.9648,19.0224,176.475
17.365,6.07182,5,29.6593,3.80941,41.3601,19.9517,12.5057,57.0593,30.6356,9.09576,94.2401,35.8774,0.109543,99.1211,41.0374,0.171913,137.065,45.4166,0.345194,154.907,46.0584,1.42786,186.86
16.2506,0.585353,7.5851,23.7529,0.684264,39.4631,24.7574,15.023,64.4304,33.2064,7.48723,89.9924,30.6644,0.265373,98.6701,41.3719,2.03096,135.054,38.5979,7.02817,153.618,45.8099,0.155514,205.722
21.0043,0.300829,6.83932,18.0197,0.895111,48.2573,27.3392,8.01772,69.0593,29.1987,3.69242,92.6456,44.0546,0.143829,105.192,37.1458,2.98501,123.9,43.6727,7.70759,163,46.5711,74.9482,268.171
19.4933,1.69703,5,25.7451,0.461838,50.5486,29.0189,0.353519,66.5763,25.7093,14.4609,77.1238,25.4372,58.7121,95.5981,36.1297,28.505,140.479,39.0179,2.80616,152.899,47.3105,1.54283,192.629
16.7098,3.48295,5,20.6628,45.9162,39.3077,28.09,0.268248,68.5675,34.6841,0.242467,84.8493,45.6412,0.100233,114.764,42.8709,0.223643,131.018,35.8413,42.867,164.038,45.2256,28.7089,203.967
18.7661,0.106617,18.3448,23.2733,0.128059,31.4678,25.3363,0.268277,53.9234,29.4997,58.8169,94.0989,41.5949,0.222803,96.1798,47.4491,0.176293,136.041,46.3974,0.453763,166.764,45.5532,1.19524,190.173
20.7371,29.6618,17.9765,23.0701,0.668494,36.8161,24.1354,0.425045,63.3495,31.2661,0.528507,92.6989,32.5254,0.310359,105.404,29.5437,30.3104,129.751,44.5036,1.03441,175.588,43.8184,9.61043,191.838
20.2839,2.35194,22.9596,22.1414,0.247651,46.9014,25.2853,7.92578,55.2569,38.6808,0.170997,80.3049,35.2246,0.297263,96.7778,39.124,0.334183,130.812,39.4954,18.2177,150.525,42.032,11.6468,211.745
17.345,32.9987,25.5006,25.4561,1.52826,30.3231,23.2555,3.08757,57.9019,26.6678,0.841752,74.0702,43.8163,0.418108,116.887,36.9209,14.0011,125.124,32.7853,61.8515,169.592,41.7413,21.53,199.575
19.4505,3.50144,5,22.6686,56.0454,35.9071,32.9858,1.06813,59.9473,24.6274,0.381991,74.6714,34.5989,32.1936,114.759,39.2036,0.13592,125.26,45.2238,0.637179,165.122,40.5989,28.6494,221.491
18.7912,0.325614,5,26.9063,1.48372,40.8561,24.7485,51.6437,54.904,34.1452,3.36128,93.157,41.717,0.392969,112.699,36.0751,36.3544,139.024,39.5224,48.9626,170.67,45.7306,1.48567,210.074
17.6144,0.268315,5,21.1215,3.47256,48.3497,16.4362,59.5704,57.4478,35.0372,1.03962,80.6754,27.4707,3.21833,96.2161,44.5262,0.324535,137.85,33.8982,17.3374,167.697,46.4951,16.7466,195.668
17.4285,0.540902,5,31.556,1.33161,39.9218,31.2059,0.468403,59.9062,36.2169,0.283356,91.5255,35.627,0.647887,106.231,43.7603,1.76322,126.119,46.6068,1.30461,158.514,46.9333,10.3347,218.599
23.8819,0.429759,11.3598,27.025,0.536451,38.2751,36.9933,30.6126,73.0986,32.0464,5.22048,77.1098,35.6233,2.13226,116.586,40.2885,0.392729,120.856,37.8987,36.2405,146.503,47.872,1.32382,196.471
17.3047,58.5027,5.49914,23.2741,9.4275,34.2949,27.6154,0.140009,63.2406,37.6255,0.146832,81.8841,32.5416,0.472151,102.738,43.2929,0.985331,139.329,45.5566,3.24957,166.731,43.3434,67.4822,186.643
21.1624,1.23054,16.8606,24.525,0.254677,36.9048,22.7205,16.3534,52.2438,40.0392,0.218063,87.8259,29.0393,11.2034,96.283,42.6861,0.407297,121.813,45.0347,0.737168,147.737,43.8648,66.1754,254.27
17.7499,59.1612,5,33.048,0.508724,46.9866,34.0119,0.470456,65.4565,26.6046,31.7941,88.6425,38.1241,1.89019,115.907,31.8435,75.4515,133.282,42.7619,3.93966,165.435,44.4761,15.5205,187.274
16.8406,2.05614,17.9905,29.428,0.118883,30.4908,26.7246,0.653007,68.3986,25.3762,47.2889,77.2485,30.1374,35.3963,114.288,34.0526,16.0484,120.513,46.4532,0.612845,157.516,43.6785,43.742,256.762
16.1611,0.991314,24.1247,31.3941,0.133502,49.1539,26.2231,0.116227,59.3051,35.0484,1.09996,87.233,32.6994,5.58712,113.853,33.8138,18.4587,123.506,42.5294,0.799077,174.689,46.6542,54.6825,273.407
19.4128,6.80048,15.0146,26.3254,0.239943,29.5383,30.3203,0.308934,65.5667,34.2809,2.31859,90.631,31.0881,6.06458,97.7633,33.2779,1.67112,144.081,33.1912,53.9982,154.143,40.7953,42.8728,205.845
20.9258,3.5659,20.1377,25.729,0.102735,33.2882,34.7463,0.359394,63.6174,25.3113,1.56072,82.5285,38.7843,3.69681,108.762,40.503,3.07864,142.179,40.0633,11.4415,169.889,41.3958,7.69368,177.555
22.4437,0.281909,23.5135,22.1571,27.4704,44.6238,27.9724,1.23141,60.807,31.5365,0.720623,90.6354,31.7053,4.45627,102.357,34.5186,13.9585,128.104,37.1855,4.012,153.982,46.0345,1.9834,206.991
17.7183,0.154748,5,20.2184,1.11414,37.2593,25.7488,8.74093,73.5871,23.1505,2.64518,91.4327,37.3644,1.25903,109.09,34.1914,7.58332,120.594,43.0694,1.6416,165.665,44.6763,13.8617,221.205
22.1014,41.284,14.3872,18.2234,9.67857,36.6466,20.3272,0.225619,58.3274,28.3068,0.294672,87.3793,33.6832,0.190718,95.3374,39.7885,6.65169,131.382,44.8249,0.497432,158.959,38.3346,23.4914,181.728
19.2096,53.9182,5,22.5824,3.80103,32.8535,24.949,0.222305,64.4537,33.4129,1.38466,94.9623,31.7639,3.12131,97.9829,41.4587,1.18646,129.873,47.2265,0.893793,169.115,46.1169,29.1578,223.284
16.0807,31.478,5,27.8475,0.105898,48.9936,26.6939,2.09511,60.9711,33.7528,1.05631,88.9503,33.4381,0.551879,103.075,35.0843,55.6797,127.775,47.4831,0.126537,152.658,44.5742,3.6509,211.696
20.1084,13.8313,13.2055,19.7107,26.4146,45.3912,26.7969,0.473642,60.5111,27.3896,57.1637,86.1039,36.63,3.92115,107.664,38.121,15.6768,139.447,39.7553,10.4309,156.231,44.7057,8.66535,205.757
19.1693,0.146219,14.033,18.9867,0.349608,31.0436,19.8917,6.38706,51.6235,34.8771,2.85014,92.0906,32.0206,61.4392,116.008,39.7736,0.801584,143.542,47.8507,0.113268,154.648,41.81,40.7578,219.596
23.8377,0.125421,12.6363,24.6427,42.787,47.4392,21.1822,0.955024,62.026,26.6612,9.58042,85.8718,40.4775,0.248748,107.624,44.2222,0.411465,137.818,40.1235,13.6525,172.458,45.0636,25.2021,201.402
16.3396,12.5211,5,20.7903,6.01826,44.1879,32.1118,0.152434,71.9098,30.3458,0.573807,83.7833,28.8814,0.372175,103.67,39.9567,0.622619,132.865,38.0962,0.559173,175.635,39.3645,2.0901,184.289
17.7716,4.69421,26.7112,18.9928,70.2532,35.807,17.6628,1.5835,54.5405,43.5795,0.464432,80.6236,40.3208,0.147979,110.443,37.8554,21.6225,124.139,46.7036,0.866958,166.196,46.2756,3.11929,211.934
18.6946,10.6416,5,29.894,0.49085,32.8212,20.4649,17.9724,60.9074,30.2252,2.43238,94.0993,36.6463,8.49392,108.531,35.9072,19.4058,135.409,45.4172,0.498328,163.237,42.0431,1.45996,189.839
17.1792,0.436372,15.7274,16.7331,4.35323,29.2446,26.1903,0.360089,55.7859,33.8639,2.32808,90.4702,39.3891,0.193282,95.0517,38.4635,0.855361,124.018,42.9274,8.73146,155.67,45.0606,39.7378,218.138
25.4156,0.389893,7.46791,21.0383,48.4387,48.4217,28.2264,0.437541,55.8002,25.2291,17.7886,88.0342,35.2292,0.173222,115.917,36.7212,64.4776,143.873,34.3649,51.4263,150.404,46.257,14.4213,198.02
17.4645,0.744713,7.97886,16.3298,42.6774,42.2606,29.4891,0.221724,65.7483,35.7564,1.43469,84.6224,43.724,0.176874,113.008,36.1942,3.11749,133.59,37.0628,4.83909,166.584,45.205,51.2893,223.127
26.6727,0.109868,26.4778,17.9178,17.9348,35.5229,20.6669,0.360626,52.2659,37.5406,0.428624,88.9047,32.9348,14.6331,116.684,37.491,9.14301,127.158,46.1939,3.75201,157.506,46.4098,33.3554,208.065
23.3845,21.5432,17.1419,25.5004,1.77752,36.6255,26.6344,8.71984,56.4586,25.7189,16.2841,78.5979,27.9279,2.27614,97.4811,34.9125,66.2161,130.321,38.2105,27.1582,152.718,47.8822,29.9794,223.482
17.4465,2.20394,5,16.9883,2.62023,41.423,25.8853,2.06673,60.4437,28.5441,37.9985,76.155,38.2082,0.207967,113.445,38.608,4.39032,128.686,39.0936,2.10306,164.268,42.5748,25.4253,212.004
20.8926,1.90768,22.4781,20.0996,1.38005,46.8236,17.8236,0.347587,51.6244,31.1442,0.429409,79.6141,33.7476,37.1154,114.982,35.5601,31.2085,135.67,45.9709,0.251133,158.056,35.6508,53.6301,181.276
21.2406,17.9489,15.9827,18.2568,53.0186,47.2821,28.4832,0.153739,60.074,29.1056,1.95845,74.339,27.6827,6.17073,98.0692,35.5428,23.6694,135.401,46.508,0.128879,167.083,46.2752,6.74945,191.676
22.9644,2.01911,24.4344,19.1638,13.9317,31.0871,26.0666,14.9948,56.8418,37.8052,0.133998,91.6444,32.0503,18.3144,111.06,33.5691,60.2562,137.892,43.4133,0.514054,154.835,46.6301,35.3614,241.502
16.1915,3.38534,17.9494,24.4453,4.42115,29.3384,31.6867,0.154292,64.6114,30.4627,9.3084,86.1513,32.4698,14.8721,115.9,35.4628,37.893,124.116,43.717,0.376359,158.504,47.2038,0.882427,199.626
16.832,12.771,27.9734,19.0213,3.27391,47.984,17.9691,14.6309,73.0728,39.9137,0.121264,81.2676,40.7461,0.184812,105.609,36.6832,8.61874,142.911,40.7928,10.1598,173.078,43.8045,9.32154,189.157
16.876,29.7132,5,21.0691,3.59038,40.8086,27.4846,39.9881,64.6123,30.2061,1.69382,76.31,34.1606,0.750057,97.6464,45.1108,0.394562,128.973,39.6274,39.2663,168.762,44.553,11.4055,231.46
20.9084,0.204665,22.2989,19.9399,4.15191,50.4295,34.1278,7.0138,63.4799,33.9233,0.110783,77.1872,19.3282,2.80988,97.6689,39.4156,0.71443,122.153,41.7862,0.875246,148.013,44.349,35.9155,224.78
18.1747,19.6515,23.0157,28.3971,0.303275,50.4505,24.9486,0.239476,54.666,34.3885,0.102319,94.9225,37.9345,0.28049,107.074,39.666,0.293669,119.407,42.3048,2.99654,155.272,38.5132,73.3241,189.09
20.787,1.41501,20.3775,21.9097,2.67872,46.3356,23.6224,17.6079,62.4897,26.8133,27.3641,81.5131,30.9728,70.0308,114.548,38.0453,1.71348,120.515,42.9506,0.316199,158.573,45.2049,55.1162,197.701
16.6642,0.253905,14.4593,24.3438,2.42595,42.9037,22.2749,29.7724,56.7359,29.532,65.0055,87.209,28.5078,68.7966,113.192,39.2838,0.314421,126.739,33.6662,16.1753,150.048,40.4414,45.7264,218.684
19.5151,16.0255,27.3635,23.2866,0.603546,39.3912,29.712,10.4525,70.4,38.4905,0.62745,76.0314,33.5903,22.3955,102.662,34.1668,6.61546,126.974,32.5442,39.5159,159.561,39.189,40.0527,200.154
21.8642,0.256211,24.5748,19.4316,5.23581,32.791,21.621,4.22838,53.9907,31.894,2.19192,83.932,41.102,0.24676,116.703,39.4219,2.38036,130.929,40.8753,39.9279,161.514,47.1574,3.13691,219.889
16.3204,6.8203,5,21.7416,3.77141,47.2642,23.2996,4.92816,63.7636,30.2077,0.410451,76.5818,28.4165,68.368,111.374,37.5848,1.30656,131.792,39.2013,15.8765,158.477,38.3938,16.2792,176.719
19.4985,2.12191,17.4563,25.023,0.235382,49.7757,21.2937,42.2505,57.765,26.5022,47.3342,83.7935,29.1629,25.3106,97.8318,41.1734,3.77511,141.95,42.7336,3.32512,172.228,46.8626,36.2388,259.024
16.1979,1.05566,11.8599,29.2986,7.11922,51.4765,27.0655,0.355975,53.7812,23.2654,11.74,93.0411,34.0816,3.75962,115.943,35.5266,12.5772,139.923,42.3241,31.2261,160.321,36.7544,49.253,179.826
19.4346,0.141943,16.1965,21.2128,1.48216,36.064,34.2371,0.582387,57.2576,33.8706,0.202558,78.6877,27.7492,10.8204,112.854,35.3041,0.299801,131.079,38.714,36.7497,150.118,43.466,1.26347,177.02
18.2501,0.249847,27.0682,23.0198,0.179331,39.8609,28.9715,0.105038,63.2973,31.8684,0.167648,94.7853,40.2848,0.118702,109.244,35.6984,3.52231,133.452,44.7019,5.66257,150.821,42.5319,12.7446,176.66
19.1635,0.637455,15.1323,21.8371,1.31658,50.3742,30.2767,0.39425,67.6852,30.9366,0.370152,94.7535,35.9229,6.04119,105.234,41.4146,1.8184,143.648,44.4751,0.222464,149.688,40.1632,57.3951,202.174
20.0418,8.49556,12.1927,18.5184,3.78363,35.561,32.1037,7.33665,72.2127,26.074,18.0281,74.5418,39.3901,2.86154,112.138,32.2757,6.53168,121.71,45.0663,2.62183,160.705,44.3206,19.9937,194.159
21.2757,61.2601,19.0289,28.6616,0.219719,42.5131,30.1358,0.596462,62.803,32.7807,0.382715,92.9378,33.4469,1.93242,106.119,46.0795,0.511028,139.078,39.8723,4.31842,153.943,46.6994,14.1817,188.169
22.0811,0.46653,18.2925,23.6736,10.1315,47.4437,22.6983,3.68792,53.7914,36.5061,0.566384,92.6924,39.6489,0.238167,99.6706,44.3565,0.395158,134.755,38.186,1.41049,162.455,41.5744,1.72762,177.986
18.4779,0.469453,27.8118,18.4565,9.3846,29.4024,33.4718,0.196458,63.4599,29.3973,38.8979,74.3981,38.035,2.19076,114.59,41.3932,0.400697,126.149,44.0124,0.117873,145.681,37.4644,16.5494,184.159
18.4201,4.35328,5,27.436,0.102909,51.0105,21.5659,2.95315,53.3712,28.1897,0.714788,82.0455,36.8747,1.16343,110.323,41.6982,0.510693,121.88,34.8043,35.4818,159.055,44.6448,67.9216,240.923
21.1005,25.1612,24.1545,19.5134,0.254166,37.7251,28.2657,0.23102,71.5936,28.1718,49.5166,85.2129,35.6167,3.58834,98.6155,38.1217,0.218103,118.227,43.8072,20.6245,171.369,42.6014,26.2378,201.574
22.3254,0.331,23.9641,22.6703,14.9631,46.8609,21.2111,0.207415,66.7199,27.3789,55.2942,76.7653,39.4271,0.18451,116.15,34.9292,46.2698,136.397,32.7137,7.78802,154.797,42.5796,1.14473,181.906
18.6938,0.44256,8.07248,17.242,17.258,35.0492,40.0302,0.132119,65.7552,41.2833,0.502534,89.7416,40.5401,0.749395,111.145,36.0863,38.7142,135.039,41.2486,2.67708,154.002,40.3407,4.01037,180.324
16.2386,0.219116,5,17.5978,8.33665,34.8768,16.9603,34.1255,55.2263,38.195,0.195645,90.0705,36.997,0.612503,102.344,34.4779,55.3253,137.858,38.467,27.3027,169.352,44.5816,3.06962,195.458
16.0085,0.106591,5,22.6482,4.66859,41.2648,28.425,8.41358,65.9914,39.6227,0.765303,86.8605,33.0838,0.171936,103.629,38.3357,31.8194,137.026,39.005,62.8794,160.529,42.3559,2.91991,195.378
19.1774,3.03397,5.74765,18.8961,18.735,47.0848,32.7661,0.305461,69.7884,27.2656,7.34247,90.7303,34.6366,1.09392,102.288,42.6065,1.64151,138.467,47.6324,0.252455,169.464,40.0556,25.3785,191.754
19.9697,77.3184,9.15222,21.4461,0.505702,46.8608,39.23,0.945037,72.2579,32.5399,0.482418,81.7974,30.711,32.4736,107.988,39.5717,2.27803,124.903,42.3484,3.14656,167.335,42.6435,11.1143,186.64
17.9373,0.124205,17.5319,23.3735,7.59071,44.4114,21.5559,3.48137,55.5181,24.3214,5.50621,74.0273,31.0442,15.9113,98.2906,30.1015,60.8044,128.184,43.8042,4.97216,168.544,40.8296,17.8117,177.68
16.2068,39.0598,5,16.8917,0.422285,31.5798,22.6449,1.6252,52.4938,34.1975,0.220959,86.2471,32.2356,0.375832,99.7788,39.7615,7.74889,138.385,46.6945,2.28301,166.058,41.366,32.7488,192.439
17.8188,30.6322,17.7926,27.5205,6.77189,38.9576,33.7834,0.109447,60.4867,17.9544,0.899703,78.3691,32.5274,0.471559,106.308,36.679,0.266633,143.133,38.2986,2.93381,165.588,39.801,67.3625,197.026
21.2667,30.3331,6.78985,25.5662,15.8231,37.6008,24.441,1.79353,70.426,34.1727,0.656076,94.2461,33.5311,0.402533,110.74,34.0317,33.2042,142.018,40.5587,2.631,166.632,39.8667,8.43427,186.279
17.036,0.3526,23.5567,18.9533,0.788245,48.6216,26.6929,3.21358,72.204,35.4879,0.268861,80.297,33.8794,8.43294,97.3347,44.3679,1.63018,142.791,47.5477,0.235252,155.375,35.9591,70.5782,183.754
20.9431,0.112232,5,22.1193,38.3055,50.4847,24.5753,0.150557,66.1474,36.7483,0.24878,88.5707,31.1009,10.0264,102.231,35.4218,17.1661,126.312,42.861,2.11555,160.351,44.4962,58.235,229.309
25.8511,0.703332,23.499,28.095,0.128518,46.0216,24.936,2.10756,62.5139,27.1322,7.40964,80.9438,27.9526,2.63458,103.202,40.4956,0.435754,127.832,45.0156,0.15172,158.96,44.3377,5.15938,191.629
33.213,0.107756,26.879,17.4572,67.7584,42.5672,21.0078,0.637064,52.2961,24.5618,58.1374,85.479,29.2913,73.9662,106.724,44.8549,0.277536,127.521,40.7871,4.11129,169.428,42.3157,0.561984,188.04
21.7924,53.683,7.52036,17.7625,1.10316,30.767,22.9282,0.663842,60.9781,40.5647,0.112723,79.291,40.0491,0.178864,113.867,27.6401,38.247,129.938,39.7,6.95882,172.601,47.3766,64.1605,227.432
18.7829,2.73408,5,25.2975,0.317341,44.4299,32.5349,0.121476,61.7423,28.3538,25.0322,87.3862,30.5768,46.6521,117.303,39.5904,0.78472,137.22,42.3597,1.3662,166.364,47.7531,13.8243,208.171
21.859,51.1942,27.3796,20.4779,0.407062,37.7853,21.1924,62.5535,72.8328,32.6363,4.02554,90.7976,36.5148,2.31678,108.693,44.1784,2.58793,123.183,36.6195,7.13851,153.603,45.5961,44.2656,249.14
18.4536,0.624862,25.6562,27.7226,4.70358,41.9591,34.0554,1.22939,53.3876,28.1572,3.41045,91.4403,29.9872,0.441894,99.7532,44.0888,0.116382,118.559,45.7424,0.42428,172.401,42.5502,11.0725,199.546
18.4238,14.4969,8.93355,21.3904,6.37234,42.4374,30.3366,0.63238,63.2331,37.6919,13.5383,86.273,32.9904,10.846,110.914,43.4012,0.440214,126.927,43.9691,0.211693,145.334,39.727,41.4392,185.154
22.1224,0.441081,25.3353,21.0162,0.573152,36.4708,25.1363,1.25242,60.7249,22.8769,17.6956,76.2803,32.1961,3.59181,98.96,40.4689,1.10691,127.261,45.1022,3.14417,154.702,43.7414,3.7538,182.928
22.9518,33.3048,24.3379,25.2072,0.79908,41.7874,36.4205,0.207873,61.6751,37.1043,0.208031,94.7855,29.88,1.94567,108.379,40.1039,0.441289,118.392,44.3854,1.58177,154.114,46.604,0.460002,187.894
19.4414,28.3401,21.6295,25.455,5.9599,43.0038,28.5517,9.18409,59.1223,39.5541,0.642462,76.2118,34.5945,0.21282,109.424,35.7718,37.0631,117.473,44.9557,0.797379,151.786,39.6959,37.9365,195.341
20.1748,5.68031,19.9606,22.1419,0.507796,34.8227,26.9115,0.299504,53.8056,26.2086,21.9964,75.4312,35.8228,8.14436,102.851,46.9152,0.153635,142.217,45.5449,3.16024,170.386,34.6839,44.0908,186.995
20.0843,0.104817,23.9137,25.2212,0.202043,32.7016,33.7644,1.83851,64.9183,32.4437,1.87417,79.6862,30.1769,2.98071,100.098,35.4624,9.81884,141.794,47.9577,0.409629,151.892,45.7153,6.97896,222.589
22.2919,1.48549,19.2256,16.0851,0.347462,44.2462,25.3309,0.353887,53.5146,33.8362,3.30831,86.5311,27.0387,13.7096,102.523,34.7492,11.8679,124.564,43.5807,1.34504,173.003,44.3615,78.9763,208.527
21.7285,6.41628,25.5516,30.9402,1.56778,40.1859,35.2218,0.21715,57.6968,27.5332,69.7253,82.0663,26.9518,1.21901,108.264,45.8124,2.19501,141.041,35.9764,14.923,146.082,41.1374,11.651,202.304
17.4416,21.0588,14.5167,30.3543,0.307544,39.2759,16.8125,0.117643,53.7896,29.7645,35.0675,88.6149,30.1387,0.368107,101.972,32.0528,30.552,120.712,43.8328,0.297288,153.933,38.3471,59.9736,195.158
20.0153,0.362595,5,20.319,0.583677,39.5229,38.5243,0.242147,71.3581,28.9344,2.9077,83.0605,40.1269,0.111305,100.419,39.8561,0.741195,128.841,46.0982,0.283063,164.116,40.3362,70.7,215.345
20.9964,0.398544,28.8045,17.6236,64.8078,33.3061,29.7193,2.1888,65.8199,29.9469,1.57771,77.4222,33.1102,15.353,101.24,36.5943,54.5384,130.523,43.0012,3.98392,146.94,46.8101,66.1674,262.525
25.4543,2.68056,19.5997,21.4805,2.79786,48.5431,16.4823,17.1726,54.4223,32.3273,3.50482,89.5375,39.322,0.153452,117.187,38.2504,48.5587,139.903,38.4926,7.94558,161.328,43.8863,12.615,220.695
20.6056,5.26365,5,17.4161,0.211936,33.2064,28.2961,0.399457,65.2961,30.5762,10.9682,74.5041,34.5021,0.352801,106.402,42.1163,0.155959,139.8,40.3776,11.554,170.093,40.6679,77.93,202.436
18.2455,0.352529,15.0333,20.685,1.95713,37.6395,26.9444,4.08075,70.7182,31.1494,0.587794,87.4409,33.3761,2.08108,99.5411,40.8993,0.102359,121.927,44.1543,0.678154,147.503,43.8086,5.09707,185.067
20.304,0.600389,23.803,27.0801,0.235495,30.0459,26.4182,4.19386,64.0602,24.3062,39.2182,81.3274,32.9998,0.86723,109.698,27.6428,22.3118,121.558,35.969,16.6632,153.122,34.668,5.53337,181.36
19.6014,16.0561,6.92331,25.0217,4.3789,29.4452,34.8729,0.514864,63.9522,36.5972,0.226538,88.3674,34.7448,7.05324,115.011,39.6779,0.334887,136.246,38.1342,11.3768,144.968,46.5354,2.96496,214.773
20.003,6.87449,27.2653,16.5683,1.1935,37.8836,22.6106,77.9315,68.3131,31.9486,18.3289,84.544,38.6055,0.2131,114.781,27.3218,13.4341,131.068,44.4244,0.23348,148.439,42.3566,66.2387,218.601
16.6824,39.5479,26.6587,22.4725,33.6638,41.3543,21.3722,0.643549,54.5744,23.103,8.59608,81.362,32.9566,0.244754,105.452,42.9101,0.326189,143.438,46.8838,1.55932,158.356,42.2986,10.4136,185.229
22.2539,0.574029,22.9543,19.4335,0.24469,44.6449,26.1193,0.298283,51.8074,30.3921,1.29129,76.1966,36.1682,1.53805,95.5095,35.4698,1.68491,118.318,37.2866,59.3297,175.696,45.3607,2.45468,201.579
16.9842,7.87248,26.5204,16.3833,0.83237,39.4105,31.2946,2.90565,69.0653,30.3225,27.4596,90.2262,34.6647,0.696664,110.485,42.8852,13.4137,130.733,36.3764,16.0203,152.801,47.3206,3.95185,190.317
18.4126,0.616065,20.0457,18.7706,6.37505,36.5593,23.9381,13.4496,64.7354,29.9698,0.124225,89.8256,32.2775,0.796101,112.37,41.7738,0.11771,136.765,46.5062,0.581641,164.751,47.1359,3.52063,197.114
20.8304,0.678107,25.6611,20.1348,3.03737,30.5728,16.3669,20.1485,52.9079,30.1219,38.9052,83.8052,39.9467,2.97866,116.63,39.8519,1.6204,134.859,42.5347,3.97381,149.954,40.5399,38.916,222.086
19.2065,0.911317,7.19584,19.4985,0.663832,32.6484,26.7333,9.14421,72.237,32.3999,0.100118,79.3904,37.3441,0.347972,106.587,31.8315,15.3557,122.011,34.4036,5.40018,148.902,47.643,0.531963,178.816
18.7211,8.98229,5.2537,26.6067,0.776339,32.5723,30.7346,12.6554,70.1394,30.478,0.208545,74.3276,31.5631,2.33366,101.733,38.2591,1.30102,140.197,46.3604,2.99441,173.561,45.5267,1.30161,184.909
21.9682,4.36046,28.6482,21.5315,3.54323,41.329,19.9761,0.106264,54.4838,27.3953,13.5925,87.9265,36.9558,0.243682,115.084,44.1034,0.309829,125.58,44.6217,3.4601,165.935,46.48,33.3699,187.813
16.4986,0.109132,10.2301,21.3699,0.200622,45.5055,32.5894,11.0153,60.1276,31.6999,0.753305,94.3545,32.2764,36.3467,109.339,37.6128,0.196049,119.576,31.2616,47.4765,148.362,44.9425,46.2316,239.626
18.6827,0.899091,20.001,22.0851,22.1215,42.6786,35.3803,0.483951,53.55,25.1866,0.832815,91.3818,35.0083,3.73072,101.058,40.0532,0.1389,135.677,46.0947,1.11941,175.176,46.084,20.5026,234.276
24.0461,0.223173,5,25.7998,12.4434,38.8144,22.3406,35.4799,60.9851,24.3622,27.1698,81.8951,34.3116,5.46042,105.197,36.5099,4.35553,137.35,35.1209,62.0499,158.272,47.928,5.8036,212.448
24.7373,62.7598,28.8048,27.4663,0.243699,50.2658,30.0841,0.299751,64.4797,32.7764,0.570027,75.5791,31.948,0.834124,102.133,36.566,7.31715,134.477,45.1896,0.228862,161.075,47.0589,0.446705,180.831
18.5732,8.8906,28.8231,20.6133,0.149021,32.207,36.2282,0.118481,60.3206,27.0542,0.175299,87.7371,32.5553,0.619958,109.075,30.9191,23.6451,124.643,47.4318,0.159566,169.568,40.7307,15.2205,208.056
16.2248,21.2957,9.60745,17.1194,16.2028,49.2336,23.979,0.256864,59.9538,36.9484,0.211874,86.7421,35.0688,11.4096,101.935,46.6356,0.128585,123.118,44.4816,0.403743,169.257,39.5723,13.7132,193.224
17.8466,1.03814,5.69882,27.7717,4.61176,48.5309,31.2783,0.633902,65.2492,35.9751,0.895505,86.3524,24.178,34.1173,104.858,37.9633,34.7039,133.516,44.5414,2.9883,173.662,45.3102,24.2093,247.636
19.3112,13.0633,5,16.7285,74.2549,29.8867,24.1929,1.98313,61.8026,34.3729,3.88829,77.3388,30.9137,4.17401,114.577,47.5807,0.179573,142.272,32.6898,19.6089,154.377,39.1711,1.37154,180.615
21.114,5.14239,5,18.3904,3.20332,36.2509,33.9905,0.300587,69.6776,34.8056,0.841649,90.6832,27.8634,3.81067,102.811,36.2828,18.1587,123.21,46.0529,0.645905,163.575,41.119,29.6249,196.53
20.5434,0.180631,13.619,21.3819,2.68221,42.6107,27.4371,0.577368,62.7641,36.0549,6.17302,89.965,33.781,0.8335,111.236,40.3153,2.33786,132.378,39.0396,3.71418,150.963,43.6271,21.6084,201.834
19.1668,3.12458,25.1979,20.329,62.1766,45.9564,18.5377,1.15928,69.8192,28.7167,15.4827,86.7755,32.3594,3.97032,116.589,32.8537,18.4217,126.074,38.8717,8.46805,175.53,43.5867,18.4397,196.23
21.837,1.79922,5,25.9032,0.432313,38.0592,22.0066,4.43666,52.0878,25.4079,32.2239,93.0959,41.9077,1.56103,106.628,32.4182,64.5887,126.357,45.7358,0.528232,155.145,46.6898,28.1366,258.317
20.8379,1.84942,29.177,26.0908,0.936528,31.3428,28.4168,2.21778,61.6173,31.684,12.508,91.4567,39.3707,0.182548,100.758,33.6444,0.584116,118.208,40.6089,3.26065,165.578,44.4253,31.7761,217.965
25.5828,0.919097,16.7745,22.2097,0.101411,36.5521,24.0589,0.335583,58.707,31.3736,9.48193,76.5157,30.5517,4.72432,103.635,33.4213,29.8504,128.439,42.1408,38.3857,162.283,35.8231,4.29834,187.877
16.2349,6.30424,5,19.6682,1.08726,49.2806,26.3832,3.49095,59.0695,34.1545,0.167389,90.7297,45.0702,0.162165,100.782,41.5907,0.150204,124.158,43.0387,3.96875,166.245,45.7036,2.98665,179.365
22.3784,0.382538,18.0346,21.6617,0.730472,49.2625,26.8607,34.7622,51.7636,21.4999,32.047,73.7417,26.5352,64.5863,104.906,37.1101,1.79278,121.595,35.5818,76.0023,176.454,43.1498,2.07627,231.652
16.5695,9.69768,5,21.9856,1.30822,42.4838,26.1446,0.179543,56.0801,20.2412,4.42656,93.0827,36.4579,0.110068,109.099,33.595,69.6376,125.806,47.4388,0.500824,171.929,47.2997,0.842895,188.401
22.7958,3.8849,7.19292,19.6338,2.05941,37.7298,23.7829,0.194186,56.5346,26.9096,1.43433,93.7253,36.2199,3.76486,112.881,44.4461,0.303775,119.976,41.66,4.98943,167.562,39.5274,24.6835,193.345
19.3301,1.30899,9.07043,19.94,5.96675,34.0714,27.3646,20.1889,65.1027,22.1771,6.09429,86.4108,37.4929,0.222893,95.5234,45.0881,0.123659,136.537,44.0365,6.19004,171.514,43.7134,71.8119,235.223
19.7794,0.471805,23.2795,21.3181,1.04493,49.2281,18.833,1.53675,59.4576,34.0447,0.192422,86.6656,35.1517,1.55121,111.552,40.2571,2.54708,140.99,41.4014,3.12376,154.37,45.6341,1.91104,201.591
21.1244,1.62981,5,22.03,5.55851,36.2615,27.9721,0.324409,64.7976,23.392,6.51437,75.397,38.2785,0.126771,101.24,47.162,0.524966,126.288,40.6683,4.17659,165.686,44.8668,22.2479,240.126
16.7601,13.887,5,17.7177,0.120016,34.5213,28.6302,0.665889,61.2512,22.9825,39.687,90.1152,31.3692,25.0085,106.348,42.6872,2.27081,143.598,30.9257,49.1287,163.242,44.6036,16.1502,200.26
17.6381,4.38869,11.0642,24.2576,2.50065,50.2357,35.2123,0.349347,72.1832,43.3604,0.759574,91.9733,37.4473,0.665945,105.101,42.6298,0.680052,144.692,43.3046,3.45198,168.48,40.8509,63.8865,206.358
16.9464,10.9928,28.1326,26.987,30.2457,42.5584,29.1244,4.55954,71.4695,31.5798,5.23259,90.1836,27.2272,38.9258,102.51,35.3683,74.459,140,47.6126,0.207439,153,45.4346,63.9739,259.919
18.0038,0.132697,5,25.3258,9.27221,50.7265,26.2955,4.88757,71.2104,24.0294,40.4041,86.1354,22.5791,0.262114,95.1808,44.4412,0.65319,126.053,47.0501,0.181932,151.22,47.5286,58.3836,254.404
18.2364,19.8071,5,21.8297,50.4883,46.8593,22.9845,44.6457,60.8265,45.8858,0.165781,86.9533,39.9803,0.425176,114.841,31.7759,13.0301,139.159,43.9176,0.196621,158.79,36.0872,43.5243,178.867
20.616,0.693049,6.5577,20.855,37.4817,48.1383,20.8392,74.4678,53.4468,32.3537,8.66608,91.758,27.427,19.1468,111.845,35.3501,6.8727,138.353,42.4408,2.29349,155.532,47.9438,36.9439,198.044
23.5074,23.43,18.9341,21.4173,68.8993,43.2142,31.5552,1.15127,61.428,19.9018,70.2837,88.6873,39.2313,0.152223,104.19,38.6842,0.320235,132.266,47.6183,0.874843,148.847,47.083,66.3138,252.161
17.11,2.96575,5,20.0758,1.18975,31.8179,23.63,5.57427,69.1025,45.1749,0.159587,78.5101,36.3351,0.364465,114.494,38.9245,1.26491,143.506,41.3731,1.30722,152.619,47.6615,2.64451,186.898
26.9158,0.54927,18.942,20.8887,28.4498,38.5807,23.8791,55.4149,56.4423,32.9195,0.517773,87.7029,32.3536,0.324348,104.524,30.9421,31.847,118.006,35.6579,58.5748,160.477,38.9743,44.0732,187.829
18.8452,33.1783,14.1982,26.0653,0.850166,44.6626,22.5982,0.529305,52.4161,28.0905,17.2778,83.1687,32.4097,41.1319,108.022,44.6212,0.152533,121.193,44.172,0.222661,149.164,42.24,28.6576,190.307
22.6914,0.211372,14.6069,20.1288,4.02727,38.9161,22.6137,0.250836,63.3487,40.8634,0.329271,89.2527,29.8678,75.9173,109.926,43.402,0.392365,125.723,35.2592,3.85971,151.55,41.8486,32.1601,220.051
17.0838,0.236495,25.8992,22.6066,4.29216,40.7037,27.0525,23.6569,73.0133,34.0637,0.395301,75.1454,23.0782,16.5231,110.23,38.3575,7.19747,140.792,42.2236,5.36286,175.867,41.5994,37.3056,177.314
22.5579,1.81025,26.3086,28.3309,0.751094,35.2124,23.6064,21.3203,67.949,27.5254,1.36787,75.6792,36.8891,2.3014,106.605,45.9394,0.172797,126.379,45.0376,2.5225,168.216,47.7653,66.2598,266.446
16.5106,28.8726,22.3131,19.1389,17.1794,35.5998,27.4569,3.23916,52.5799,25.7618,2.55633,78.3857,30.205,2.24724,99.9102,40.5212,0.275601,129.54,37.4831,10.2913,151.979,45.7545,5.91824,225.867
22.2834,69.8116,22.2835,29.8962,0.760025,37.1458,30.2181,65.2371,65.8298,29.6033,4.34145,79.4596,30.2423,3.7807,106.038,44.7303,0.872236,133.556,41.2396,10.2585,151.646,45.9335,71.1999,213.806
18.4154,9.18203,5,24.1697,0.334907,29.2895,30.0565,6.23783,72.5513,32.6457,3.49495,81.7434,35.4289,3.71616,108.497,35.829,11.2118,144.664,41.782,2.18851,151.582,44.6584,4.10065,223.344
