HardSeg,AnnealTime,Modulus
24.9352,10.2488,66.1233
17.7885,6.99345,38.321
35.7676,20.3234,120.85
21.6574,16.2028,64.9867
39.4078,28.2739,144.631
32.3182,25.8692,79.1187
20.0244,6.78462,46.962
37.0095,7.37667,122.544
25.713,1.78751,36.373
42.0732,75.2735,189.314
27.8069,1.94185,101.866
28.702,0.126632,48.0687
20.1106,0.226195,14.754
45.6618,1.98794,152.894
29.9937,2.24264,71.2074
43.0439,0.35911,110.123
37.9005,7.73194,122.091
22.4202,0.362126,68.3441
41.921,28.8639,200.543
47.7075,14.4009,217.042
31.5068,68.4349,92.489
47.0897,0.977361,134.805
45.2605,48.5074,247.522
18.7435,1.3063,5
22.3016,14.0007,68.093
33.2093,2.15145,75.1739
19.4989,34.9494,27.179
23.2908,21.3802,73.5358
18.7512,43.9414,15.4312
41.2765,0.527875,153.486
17.1676,71.6117,38.2267
29.9866,0.644411,41.3263
22.6268,0.160723,40.4952
43.8688,66.3637,229.847
27.1057,2.12416,53.9363
21.3962,16.2661,39.1935
26.9137,3.58613,61.0349
21.9569,70.7072,34.5705
16.9258,0.561024,14.4359
42.611,13.2113,181.75
20.7899,71.102,26.0711
42.6431,9.15821,156.043
30.6517,21.7898,117.051
31.179,2.25326,95.1552
42.6965,46.0576,186.859
27.4783,9.04522,75.7197
16.9322,0.12252,39.9819
20.7354,2.77692,5
43.4316,5.40077,162.987
33.5201,0.182098,115.841
24.8786,0.402641,33.6496
43.88,39.3189,191.032
42.4772,15.5416,182.842
16.1923,38.4202,5.84697
34.6555,27.0891,146.361
32.4657,37.0515,109.862
37.5856,0.510799,97.3533
30.037,0.29483,75.273
23.2412,0.628332,41.8378
32.0227,20.5536,104.201
17.0907,0.564278,41.9777
36.4586,19.0012,157.577
43.7854,0.195193,109.258
39.495,0.309578,91.0258
43.1161,12.0967,173.356
37.6549,0.111873,100.808
30.9059,25.7745,96.8585
31.4345,0.153638,73.7016
36.0637,16.23,135.913
42.1519,34.3589,159.296
16.7484,1.1985,25.8615
37.0945,2.07339,100.189
22.4312,0.230067,5
29.6444,41.5238,150.781
16.8425,50.0494,25.4198
33.4555,0.242224,84.5631
40.3921,0.291048,134.648
40.382,11.5872,184.065
46.4958,0.114323,150.971
25.5287,7.48475,73.9232
38.4119,0.493313,97.5549
38.5305,48.7785,204.772
32.1708,0.967213,85.1181
39.9516,0.143709,113.213
29.9556,2.05112,66.942
16.3764,1.10713,5
30.9125,0.11548,52.4065
27.396,10.1757,99.5859
42.8282,0.112386,123.188
25.8559,0.878055,69.9698
29.4842,0.287268,106.722
47.5756,0.670681,167.446
42.9686,1.1147,102.148
35.9269,42.7464,164.158
39.1339,65.2865,202.785
43.76,0.241785,156.463
35.7183,0.370798,75.3814
44.4021,2.45773,146.103
21.9929,4.11319,53.5903
27.7206,6.08194,99.2762
45.8227,1.15801,214.469
43.3884,0.200514,129.099
16.3985,0.498997,61.6217
24.4354,9.58214,58.9727
40.689,1.81395,101.629
44.7999,57.3651,207.196
28.3742,69.5052,56.5547
18.3972,2.08869,34.65
39.0711,6.05589,145.927
44.5088,54.9054,236.476
44.5896,0.676977,173.902
30.6105,0.173057,78.8388
26.4313,55.6749,84.529
30.4486,0.512538,126.315
43.4484,0.416478,92.888
38.2536,13.7427,189.923
33.0895,1.73858,121.334
46.9533,33.6703,252.317
26.3664,11.0219,25.5221
22.9671,1.63036,55.6958
47.6019,75.1669,277.458
27.3649,1.68351,46.6828
21.1738,3.81363,39.746
19.5962,14.1053,54.2722
29.0915,6.68307,91.9548
47.049,0.300365,146.273
29.6557,4.9021,94.9779
30.1936,58.1336,90.668
21.0738,0.29188,5
38.2464,0.176971,102.102
23.1829,6.6933,43.6608
43.1618,2.19046,141.353
31.8183,20.3104,138.443
43.5134,49.512,206.89
42.8532,16.3335,184.148
38.2003,0.690898,107.828
29.4715,11.4914,59.4639
27.5406,13.621,91.1286
47.5126,0.206904,167.747
45.1427,11.1943,190.739
38.1452,12.3205,121.039
27.9188,0.244108,86.4997
17.036,35.1208,5
44.6511,9.41774,187.35
38.6356,11.6899,144.648
26.5671,2.66187,49.889
19.1154,12.8469,72.6556
20.9973,0.759902,7.03395
33.7691,37.2853,124.069
39.2585,1.03037,147.403
43.1299,1.17713,141.395
20.8242,0.912862,32.1959
39.1246,17.3118,138.321
43.122,1.30778,153.534
43.9555,0.525391,136.336
30.1313,4.25715,62.0969
16.917,0.269151,30.6039
24.5114,8.07641,28.7658
34.2641,6.53788,88.3268
43.4256,66.8601,214.812
25.1672,60.5416,68.769
27.7798,1.09127,67.5073
36.6052,16.1694,162.831
18.612,0.125014,5
26.2638,0.310931,13.3643
22.0173,73.9659,63.0757
40.7978,1.18907,121.697
41.3375,14.3819,142.61
32.9912,38.1997,111.301
38.2739,2.08167,86.0154
18.1799,0.727729,5
30.7138,73.4517,108.901
33.3269,1.31548,49.1019
21.8633,3.61728,71.6212
42.0202,1.09759,152.897
39.4336,0.201003,123.582
21.6731,0.662194,53.8105
33.5732,1.20548,95.5145
18.5443,0.434957,13.4161
25.0272,0.707767,59.2029
22.0754,0.465338,44.7436
18.0985,57.3207,5
38.4236,0.173854,141.039
24.3086,2.08994,54.072
29.4587,19.019,115.967
42.0359,17.0194,220.701
22.26,13.0071,40.4148
37.0209,60.5798,163.47
24.9544,15.5107,78.1342
38.3797,6.0655,167.011
44.9406,1.51669,143.67
17.0607,0.632247,27.5503
27.1028,0.714584,65.8836
26.7102,9.81589,87.2148
33.3928,17.6109,127.186
27.0951,2.43237,100.919
41.2737,3.07496,169.151
33.0115,0.757041,97.2157
23.14,0.108049,29.751
19.0791,0.11407,23.1025
20.0421,0.191215,58.0736
22.3932,14.895,54.3648
42.3712,0.119921,107.114
16.4673,4.43531,7.13276
19.7025,72.1969,5
35.831,0.109767,121.584
36.6482,1.23541,145.117
19.0059,0.103841,5
28.2408,66.5866,103.995
39.0662,2.65183,186.631
24.2733,9.88702,52.3574
27.939,0.308009,40.5552
32.765,4.47268,104.562
45.6154,39.332,251.008
18.7948,2.4561,53.7732
47.7343,1.19251,174.458
37.7115,0.294165,84.5551
46.8368,15.2329,224.114
22.8189,53.0965,123.398
19.0908,26.3356,37.9177
41.1403,0.382034,119.724
16.4231,10.6911,18.6904
19.3266,0.665259,95.3241
29.0564,2.44904,77.3564
17.7825,0.196056,17.1409
24.2527,1.40113,45.2141
31.6686,4.57345,115.373
41.2634,61.9906,182.819
16.925,9.93367,31.9126
16.8494,0.359174,5
36.9055,1.28545,97.0937
16.8416,3.13029,34.1725
18.8596,22.0169,55.2808
36.1435,77.6033,173.445
27.5039,5.72459,86.0229
21.0958,8.0576,41.1912
30.0161,20.258,72.1628
23.3759,2.48219,53.0567
43.3933,0.716157,163.878
21.9246,12.0535,82.1096
31.3385,4.43416,83.2492
41.1004,0.264424,130.512
18.2419,1.41961,19.7602
17.6363,10.7166,17.3383
37.7793,39.8964,158.873
20.5214,15.7938,49.6478
25.6049,10.0623,47.8951
34.7304,4.41983,89.6925
25.1982,53.6377,91.953
17.0683,1.75621,16.8361
44.8898,1.79549,152.767
45.6392,0.287303,153.141
33.0175,63.8699,142.864
22.3732,15.9131,40.7454
26.2127,0.219148,82.9856
41.9478,0.578408,142.555
45.6013,0.105828,197.28
21.2087,3.60304,39.1942
28.0389,1.55446,30.3395
28.5668,35.2514,80.5656
22.7221,77.1952,41.4143
24.8029,0.39704,54.0014
28.5867,1.01303,63.4416
24.018,13.8848,56.2468
27.273,0.821952,51.1014
18.9231,1.88524,55.7446
35.7888,14.578,150.955
32.2821,12.0338,95.6455
35.1938,2.1535,123.859
28.6119,0.469702,68.5616
42.4062,0.913985,147.956
45.7915,14.8739,197.829
41.076,1.48639,171.866
39.7841,1.27076,155.558
44.3423,26.8317,231.538
33.2833,33.7231,163.311
37.6699,56.9286,153.152
32.8766,6.34612,100.156
16.9716,14.0658,5
17.4441,2.76999,20.5636
36.0732,2.64733,114.626
26.9623,20.7289,91.1578
21.0712,10.1822,38.0963
29.9773,9.12526,68.379
23.8559,0.553378,47.7639
18.3493,0.244935,21.3143
16.3044,7.51986,5
37.7,0.388269,84.3259
46.9512,31.1595,189.082
28.9865,54.8003,82.2885
17.9448,7.18933,44.4233
35.9853,3.10648,124.692
18.7988,0.102702,5
47.6619,11.2452,224.794
47.1791,5.10175,173.138
23.6139,21.4557,69.5887
19.1872,12.1093,27.3103
24.2198,0.837246,10.0021
47.849,0.492554,166.482
25.1859,42.1817,60.4994
26.0213,1.40163,58.5336
44.3501,66.4303,238.166
41.1094,38.618,193.089
24.4907,60.4706,84.4625
43.9348,56.835,183.674
37.7139,0.91924,89.4307
16.2826,0.290932,10.4844
37.0424,70.6072,117.527
29.719,0.39733,45.7148
32.7212,6.92366,94.4289
30.8689,24.7989,130.172
32.8372,1.51223,74.296
22.5177,1.53877,31.5888
47.4992,0.438601,130.075
30.6113,0.733159,68.9526
32.4296,28.1766,111.747
40.5097,28.5899,174.422
41.9193,12.7697,230.92
21.1946,0.468766,46.1509
46.5915,0.751516,156.099
20.413,1.56278,5.22977
30.1628,29.6957,84.3421
42.492,11.9625,138.406
23.6771,13.8227,85.0165
44.0302,2.27208,197.642
45.7551,2.49864,234.166
26.3996,0.189009,25.3587
18.5944,0.379643,5
20.7066,0.285075,61.2679
17.7252,21.5763,21.3838
43.4749,5.20178,203.497
29.0506,40.3438,69.5693
38.5405,1.20421,116.344
37.2467,0.980837,107.707
39.2322,66.9799,194.355
19.979,3.52264,37.777
42.129,0.38286,124.676
26.3538,3.75374,57.3172
25.2559,1.7422,72.0462
28.8697,13.6331,95.309
43.2714,2.07433,149.439
42.5013,67.7623,230.091
37.7392,0.660921,97.3771
47.3593,0.529841,204.736
17.6548,19.6288,34.5396
37.7193,0.872795,80.5184
47.454,53.9055,253.713
30.231,0.154655,62.8535
33.3241,79.0192,142.598
33.9857,0.969788,111.081
28.6039,0.14887,75.0132
28.47,18.6528,105.503
32.4517,1.69541,131.452
26.9234,0.155744,70.6735
39.7459,21.0836,147.689
22.2537,0.775222,35.6151
39.921,19.2411,131.115
18.7924,4.21886,11.7768
38.7353,1.59384,145.993
30.1249,1.93389,69.8429
26.0872,13.7446,60.1964
37.4135,23.3948,109.172
23.7068,32.8868,74.7911
41.7882,54.9964,250.081
39.1028,0.444343,97.1277
22.7763,0.986163,45.4347
37.9546,0.150598,125.031
31.944,2.85421,125.084
31.1091,0.128219,67.8274
45.4158,7.05009,230.815
47.8914,0.138345,131.743
36.1115,6.24788,177.587
22.928,4.51067,61.1993
40.5425,0.406743,93.1009
43.7387,0.917899,195.527
37.0112,9.80502,128.029
44.4509,0.132217,151.234
35.5888,5.28559,105.017
37.9791,3.45542,144.113
35.1716,1.88921,123.519
42.0693,2.39462,168.643
41.6806,27.9942,174.968
25.9883,2.20331,64.0776
25.6186,0.12144,32.4884
23.1743,74.3582,58.3126
23.9302,0.841752,35.2174
35.2538,5.77062,103.029
38.5344,0.153618,89.9934
40.5846,11.2613,187.77
24.0923,0.253925,43.0513
44.3136,40.477,237.596
38.9381,1.89713,96.0331
40.4077,3.02882,116.097
38.5241,3.03778,198.141
31.6478,0.833962,93.7315
42.2322,50.0569,213.715
24.3383,0.143376,58.3506
40.7709,11.4682,146.024
17.4198,0.222691,5
43.4901,15.0478,202.62
22.8995,0.422023,25.133
42.3479,0.531426,117.981
18.7633,13.3856,47.3557
42.5186,17.5934,202.024
32.0763,4.44086,101.568
16.1595,13.2106,36.6599
45.8192,14.3864,228.552
23.6256,0.135098,76.271
39.4187,1.24286,107.02
29.3887,0.954259,65.2568
20.3806,50.5893,60.9655
24.4841,1.67549,55.1564
44.5033,0.223199,190.378
26.228,0.335992,29.6788
36.6479,12.3831,99.8549
20.3693,0.204939,50.209
47.3223,31.7029,241.762
36.5897,0.568496,85.5479
27.9955,12.7276,51.3009
27.2549,0.58997,76.9984
39.6763,60.1449,203.407
23.5503,1.54163,79.0899
27.6088,0.507258,71.9588
21.6966,27.9625,64.6458
44.1469,0.943274,173.722
21.065,12.7914,18.1971
40.5495,0.821641,128.201
38.6694,9.84055,169.827
17.2865,40.1213,7.33937
39.3285,2.53966,106.396
44.4507,0.30571,132.918
25.6043,49.5449,82.0584
44.7542,0.269379,100.061
37.55,0.401492,84.2281
39.3612,0.992255,87.3467
47.6235,0.103211,160.813
37.0288,9.69376,192.646
31.2919,67.6576,101.161
45.0379,9.29692,172.589
17.5918,67.0806,6.9847
36.6023,0.613239,105.65
22.0301,0.436766,36.3422
28.4117,31.4523,77.7352
23.5608,8.1171,48.7685
45.2237,42.5018,217.571
41.751,0.154488,115.82
33.0643,27.904,119.745
20.3465,0.120878,26.2222
37.5143,0.312032,98.8474
27.2511,0.804493,48.6428
28.2173,55.6593,94.9154
38.3503,0.624766,95.2335
18.2847,3.42649,21.62
34.6826,6.67304,138.248
38.3354,47.5738,161.334
34.7667,31.9799,128.862
28.2324,0.94295,52.1441
28.8399,69.7112,119.473
17.2119,14.0064,55.7271
34.8107,33.4046,84.7601
37.6599,51.0056,162.83
32.5059,0.520317,58.1452
41.4486,59.6484,180.624
19.6862,0.471921,61.0099
19.0515,0.158384,5
47.6535,1.49614,193.509
23.9237,1.23728,58.8028
23.9894,1.67365,42.4706
17.2851,1.288,34.4017
26.4646,0.163327,31.5988
44.7545,6.02319,207.622
22.6163,47.454,19.1547
27.0287,0.461387,51.143
37.9573,0.101393,86.7258
25.9668,3.41132,75.3511
21.7393,0.615783,36.565
20.1269,0.319765,10.4144
47.124,0.242944,172.862
34.9895,39.9959,120.144
47.5274,13.6281,215.905
29.6331,24.3766,112.123
30.4934,0.52732,84.099
34.991,14.0697,119.089
45.8912,13.4059,229.863
33.8687,47.2234,165.566
29.4427,75.8534,71.3788
45.5265,1.28797,139.86
42.5,0.384155,119.059
21.0161,1.859,14.8057
16.874,1.84241,46.3317
16.5513,0.277393,14.6948
47.9068,22.0922,240.167
34.8033,10.4413,152.67
46.0381,0.772266,150.954
37.559,35.8066,99.5728
45.9564,1.23077,125.309
26.162,1.80132,60.7048
26.9821,7.89717,82.1086
34.1238,16.9527,125.117
36.2515,0.431148,138.93
34.9746,5.28841,118.561
29.2644,10.7759,79.7943
26.1534,62.0941,99.1772
20.0793,11.3072,30.8479
18.9412,6.30384,48.8945
37.8503,0.815496,114.694
20.6333,0.722434,14.8545
36.7935,4.64486,124.261
17.9292,1.69768,5
40.8977,53.6668,150.398
30.0337,16.5971,112.12
46.6187,1.41531,152.076
27.0616,0.325571,89.1344
40.5982,2.68411,106.619
36.1352,52.5002,128.688
42.5553,0.575879,130.24
36.1085,0.131961,101.546
39.7201,28.5626,144.348
38.1033,0.191511,93.6902
47.437,4.53549,186.462
31.7593,0.97495,92.7103
34.1023,73.9719,156.632
27.5999,15.4231,109.815
20.2703,0.115283,5
17.1044,2.00871,30.9252
17.0148,51.0297,14.2013
21.8523,48.2285,10.1433
47.1531,6.56923,213.653
35.6675,69.8505,149.807
38.8828,29.284,130.356
22.9557,0.155029,80.2275
47.0273,0.183987,120.624
43.7505,1.43098,185.924
22.3624,33.5926,68.3151
22.5217,63.965,55.4923
26.2592,5.43818,94.142
24.2668,73.6863,63.8094
29.3354,21.1478,116.562
21.4874,17.3149,16.8265
16.9136,11.4453,56.5493
19.2703,0.868086,37.3942
23.7424,0.718753,53.331
24.9728,0.323077,29.8327
30.2797,0.756115,48.0619
31.433,2.8025,72.0622
17.9602,0.609349,5
46.0495,17.0963,219.098
16.3971,0.35464,6.19715
29.1712,37.2129,123.282
27.201,35.5869,96.8185
18.0216,64.3338,45.4736
47.8313,35.6224,244.325
45.6638,2.69912,157.606
25.1193,0.176371,39.5757
35.586,5.32265,157.879
40.497,0.617322,90.3703
37.2784,3.83809,149.06
24.575,60.1999,59.3382
31.3424,6.6751,55.7465
31.79,66.9565,101.342
44.5556,61.93,199.604
25.4998,0.20189,50.2185
17.7578,0.127762,5.49373
36.047,0.21193,130.064
27.3358,0.442136,31.5816
43.8028,0.3643,167.111
27.3423,0.110259,62.4949
41.7151,0.30827,89.9521
18.5154,59.1934,5
26.3526,10.5657,41.0929
16.1764,3.13991,5
39.2967,55.8746,167.687
37.5629,4.85487,186.48
18.2971,0.708278,16.5258
46.9559,6.77651,169.249
36.3306,3.45705,71.2036
29.1468,63.2294,121.259
25.3659,0.292355,69.4002
22.1856,1.31221,74.1843
28.1879,0.211615,53.2367
26.9513,42.7151,63.7666
33.2754,0.13639,126.231
21.5828,2.69477,20.6547
21.799,1.08792,49.1669
34.1933,0.162977,117.068
31.834,24.984,102.179
34.1131,13.1114,132.902
18.3797,1.585,31.8434
18.6293,0.13251,46.5145
21.4338,2.47372,30.1985
41.6794,1.68491,159.936
19.815,6.78793,48.715
47.9689,4.85222,164.487
21.5947,0.462979,64.2656
41.1461,19.3601,182.254
40.8278,58.1197,216.509
27.4758,8.16567,107.267
24.9691,69.6126,44.6591
44.8199,0.391594,142.917
35.0204,38.798,121.353
18.2789,1.01236,39.0629
34.2521,2.27842,83.0936
38.8198,3.51666,101.283
44.8695,0.690725,160.673
33.5913,32.3832,144.005
33.8932,4.16755,75.6471
24.8842,41.0101,83.7529
28.5514,0.774065,57.9764
47.8187,2.97197,206.063
26.2379,22.2399,65.2539
28.2104,0.144137,38.4549
36.0022,61.0769,121.196
37.9214,3.1896,141.466
38.4157,0.247646,128.281
24.1317,32.8916,44.5919
42.913,15.3795,186.153
45.4978,70.9775,228.244
20.5344,12.9944,75.0632
43.2345,0.413569,153.636
29.1628,1.6611,58.3598
16.9768,3.47703,5
45.8738,39.7157,209.417
20.946,27.7422,54.8763
38.5925,10.4541,132.525
45.8067,5.00121,186.002
47.6048,5.59566,223.017
29.6031,0.638601,121.446
27.7697,1.82147,70.1658
40.6729,6.35273,172.145
32.7645,0.246772,78.5834
41.5099,0.882553,122.98
23.106,2.02429,75.6003
38.2571,1.8593,106.805
27.9904,23.3532,95.6663
34.1444,50.0485,157.834
16.3118,18.836,5
27.0002,53.6156,104.798
24.0882,48.3196,69.8148
43.7715,15.2939,182.893
29.4778,0.653521,68.0498
18.6417,16.9834,10.4517
21.7507,0.15934,71.5303
23.6642,0.373155,30.6562
24.4414,28.2117,102.513
30.9878,0.3674,103.121
35.6928,0.197916,84.1007
41.9573,4.4647,156.467
22.3614,0.542844,68.969
38.8688,1.25158,166.438
44.3168,6.8022,182.035
25.4395,0.268615,82.7663
37.609,0.22576,122.551
35.6578,0.198906,116.578
17.1648,23.155,9.24295
29.9035,0.510898,97.5381
18.0918,0.14801,56.0477
25.0745,4.54348,59.3574
47.5458,4.63304,213.609
28.45,0.176194,34.0764
32.3973,3.6228,63.6424
18.3743,0.295021,16.1423
32.4289,29.8626,124.385
17.4715,49.76,28.9964
21.8526,55.3865,30.6546
33.9997,0.118594,41.7027
28.4012,25.0542,79.4479
25.0158,0.182817,30.9016
41.9025,0.511363,146.35
27.4037,8.24184,89.4457
17.1511,3.67758,12.9925
43.3835,18.2519,218.475
47.6868,9.57246,245.283
16.8837,0.652489,25.3461
35.4032,39.624,126.742
18.2839,3.94449,59.8872
22.3397,76.9082,68.757
16.3383,0.444166,5
26.7342,1.03577,40.8408
46.1859,28.2928,229.806
26.9216,78.579,125.925
19.571,0.296665,24.2227
45.8951,4.03838,163.962
36.7936,1.97315,124.432
47.4184,0.311479,183.154
47.5986,65.7943,214.292
25.352,0.292639,6.06622
19.7158,0.894675,19.2801
17.5376,5.44529,5
41.114,13.8796,225.92
22.9314,2.35706,49.2209
41.7971,27.3625,193.41
44.5308,17.9804,194.889
34.1381,10.083,73.9683
29.5517,8.40974,110.696
25.3227,35.6838,62.652
32.5706,14.4241,131.606
17.3862,0.274468,5
24.7679,14.4807,25.1029
17.1467,1.03885,43.1324
46.5379,24.4501,203.416
33.7092,3.74131,129.152
43.2495,79.1886,214.792
33.8541,1.10823,82.5864
17.1543,25.07,7.45989
32.7514,0.103366,107.323
44.7623,0.48815,113.274
29.186,0.186991,16.8008
39.2721,0.329197,145.88
43.0732,1.57545,165.179
46.0877,61.6341,259.92
23.8625,0.715853,48.727
16.8245,3.38057,32.3861
25.0063,0.363635,53.8894
46.131,43.0226,228.9
45.2909,21.5373,244.723
41.3228,4.1308,182.639
36.3594,0.906527,78.2469
21.4677,0.545815,5
44.3434,4.68565,154.677
43.0354,20.9275,185.579
27.1776,5.88213,60.6257
27.185,34.9235,86.4773
27.1328,0.457242,69.3546
45.303,23.0415,189.675
28.1391,22.3015,89.6079
32.2694,22.2888,97.6039
47.9419,1.49205,181.432
44.2456,8.73069,201.749
43.4851,8.4824,174.906
36.5023,0.29419,71.1659
24.0029,38.5359,72.9318
44.5049,0.205115,151.37
36.6212,0.107124,142.423
46.5578,12.4376,211.331
22.5152,0.227734,44.4642
37.653,53.7246,175.844
16.9958,3.84385,52.7913
26.5251,66.6886,103.023
44.2156,19.6184,201.644
39.7858,3.19456,111.324
24.4443,24.5233,68.5661
17.4132,1.42661,46.0332
32.2212,20.7467,90.3751
29.2404,0.222794,36.3782
37.8921,0.358686,81.0099
32.1669,25.051,84.1394
23.5338,2.42409,58.0695
47.9305,0.753814,160.477
24.7183,6.91466,60.8381
19.1631,2.65638,5
45.8739,6.34107,224.617
34.2538,0.688475,128.481
24.7559,3.20021,16.9517
41.145,10.7932,205.928
42.6245,0.695819,118.156
35.8203,75.141,172.587
36.8661,8.63398,112.322
35.0737,2.87724,82.9999
40.381,4.16001,119.573
33.6374,4.51041,110.616
46.5206,12.5715,189.217
29.6836,0.963689,35.4406
43.8491,0.183967,139.557
28.5446,16.2759,127.344
39.3239,19.6562,197.595
45.7386,4.22603,215.678
29.6058,0.379918,45.4466
34.3476,7.31036,100.398
42.6585,0.213714,99.9989
28.7568,24.8196,83.6999
42.1032,7.98431,170.595
33.1758,8.11416,69.8716
39.8385,0.454859,112.123
41.4723,9.22571,180.962
41.773,0.42556,139.322
24.3087,14.827,43.566
44.2323,4.42646,149.108
16.2824,0.175596,10.8439
20.5258,0.181448,9.31405
38.6301,4.24439,116.018
25.7866,8.7343,55.3592
16.0046,0.171757,17.184
35.0698,2.257,112.857
43.4573,2.02934,170.288
18.2182,18.857,50.9511
19.5829,0.720047,7.74669
30.039,0.115773,82.4915
41.7232,0.157805,112.785
35.225,0.357576,64.4362
46.5509,5.68748,201.583
45.4539,13.1592,204.574
16.1838,0.292811,24.0072
17.245,0.13229,5
24.7725,5.66976,90.1195
19.9446,3.82728,68.1769
37.8877,11.3968,169.059
40.8373,9.22133,159.11
22.3613,0.104067,45.2842
38.7177,32.4557,183.778
21.0887,0.358706,51.3673
34.6888,61.4672,159.986
28.0626,0.294665,30.3875
41.6391,3.88256,137.742
39.697,22.6027,143.989
22.304,3.97264,15.6065
35.1822,52.1684,160.273
24.6284,1.76093,16.1413
20.6104,0.101446,50.598
40.2615,0.224215,111.22
28.7285,31.2199,94.606
37.3509,0.131004,86.5722
47.1404,5.79457,201.64
33.3382,0.373389,88.2299
37.2409,0.751655,162.867
40.9482,0.332884,130.555
23.6799,3.4893,58.925
34.0899,8.64527,128.68
41.6791,34.9848,211.507
18.8511,0.496957,44.168
38.3476,0.220543,98.0282
38.3291,3.16908,158.205
32.8522,0.171002,54.6567
47.4799,4.14537,189.749
40.9885,23.0107,169.648
29.3438,0.219618,47.3323
45.1981,9.91574,187.843
42.7334,41.256,190.215
31.3347,52.9595,124.772
27.3507,5.0271,69.5838
17.6097,36.9238,28.6275
22.9482,5.5608,9.1263
41.1852,0.287906,154.133
43.7425,6.84729,202.937
39.0553,9.56434,132.485
17.9355,52.2095,61.1176
35.153,33.4882,149.143
40.2525,1.85532,120.569
33.0734,42.7265,108.007
34.4862,5.59667,105.888
34.366,46.64,105.194
24.5375,20.785,53.4305
21.9479,36.1392,45.3602
19.2568,0.164429,37.692
16.7842,0.771931,15.3916
16.0883,23.5968,24.1453
36.8748,31.8038,127.016
36.9734,2.10464,116.834
42.386,19.1209,190.671
41.3926,3.78052,170.343
26.3171,6.78091,59.4964
43.5841,0.77122,100.143
42.7302,1.43253,163.26
37.8514,0.120019,106.582
18.9144,0.270086,39.0713
39.0872,0.309605,86.0724
17.2928,0.115844,56.3033
34.0807,1.01316,77.9853
42.3165,0.295266,138.414
46.8753,2.48078,174.302
17.3585,0.808767,24.5378
38.3593,0.223614,89.288
33.2642,66.2585,78.6332
31.7011,11.0608,70.3221
44.2949,77,234.073
47.3279,1.06418,132.75
37.3264,0.383972,122.243
47.7339,2.49072,190.842
33.5842,0.12657,78.1522
47.9004,3.3317,203.046
21.5616,0.449468,39.5482
18.9373,1.37788,9.75886
44.3325,0.191207,170.037
27.3575,0.820992,33.6222
47.1459,2.00271,156.635
19.0828,3.00434,49.6228
27.1155,0.70072,48.2145
42.8665,2.30935,129.698
43.5277,0.143895,175.755
47.6185,0.814443,182.924
41.3355,4.7028,132.911
22.5861,0.402428,52.9396
45.241,0.306858,137.16
24.9007,2.62295,74.2498
30.7898,5.56097,88.3903
30.9946,6.72125,136.8
25.7871,0.464136,53.0203
28.7044,4.42197,71.6757
18.5901,64.5109,26.9435
22.6296,0.339134,55.8166
20.7205,0.484116,28.4389
43.2795,0.284848,149.919
28.9713,0.479144,76.1019
45.9036,0.101906,144.68
31.2387,0.378648,94.9506
40.8633,5.67583,125.464
34.4035,10.8496,133.177
22.0184,11.7674,23.1581
18.6579,2.30419,54.8391
29.4709,11.2119,147.105
24.3847,8.27335,63.8808
47.1654,2.87363,158.167
22.4242,32.0235,61.0405
46.5983,0.387523,171.503
24.7921,11.3147,28.4014
35.4648,26.8248,116.016
20.8863,0.11591,55.4121
27.9888,0.630459,73.1008
20.1626,18.6214,37.8418
19.3678,60.3932,9.85654
42.6909,0.980657,157.641
22.2026,9.34647,5
44.1608,0.39052,172.729
24.2351,1.03323,71.147
47.6755,9.26668,201.809
22.9333,0.269479,51.9282
35.9903,0.641498,98.7024
21.2857,0.169368,49.0241
27.238,0.477973,58.9598
38.9514,65.6585,187.907
37.0052,9.60142,150.446
17.9371,12.3132,24.6486
27.7817,1.52582,89.2447
38.501,1.87522,117.658
34.711,0.327251,100.1
37.2626,9.0569,129.399
29.2401,0.152235,101.805
37.2864,62.3569,171.972
43.0321,6.57731,164.189
20.6009,2.72883,42.8846
43.824,48.3202,223.855
35.9314,0.31524,134.168
35.6553,2.08952,91.8457
25.6009,40.553,119.127
27.6186,1.01662,29.8919
23.9774,0.141326,41.0393
26.1467,0.685086,63.109
24.7044,19.4879,62.3598
24.1749,0.364323,43.9862
45.8217,48.1984,215.455
32.1558,0.284518,91.1956
44.6908,0.249447,152.52
31.6371,0.195014,81.6201
22.0466,53.3721,63.9887
33.7084,1.03414,67.6859
16.7949,4.14356,19.6492
25.5589,14.3415,82.8924
47.809,22.3659,224.066
24.6938,0.144846,52.1505
22.4903,0.347887,52.5153
36.3183,3.28159,139.799
36.0377,11.2795,152.664
22.3548,21.1262,61.9172
47.0429,3.59579,201.779
17.4803,0.357826,49.8875
27.9074,2.90664,15.1905
30.9872,0.200513,63.3222
38.568,2.06176,153.288
20.1467,0.269865,5
37.7613,0.343005,123.233
27.4707,7.45505,57.0764
44.4494,74.2032,246.068
43.6284,0.317505,157.903
35.8122,2.25702,136.287
24.5971,6.9679,46.9007
40.0175,28.4032,201.311
26.3195,0.772888,38.8489
17.515,30.0849,34.3815
27.3814,1.44234,100.949
40.9253,3.54843,139.008
38.6556,3.91252,78.6472
28.3997,4.06078,89.3692
29.2207,0.42257,50.7398
21.4104,0.538263,34.7853
25.3785,2.38691,52.9483
18.9137,45.3572,5
37.9781,30.8898,193.083
40.8187,0.517765,136.548
30.7088,17.8602,79.7118
37.3754,67.5863,144.143
22.1457,12.2899,40.532
43.1272,0.290591,143.249
46.5509,3.78581,211.271
34.0708,29.6456,118.51
34.2016,44.4471,145.449
47.4693,3.13705,211.941
30.5623,1.52024,56.6985
22.9919,0.147822,48.942
20.0806,0.415781,5
29.8562,0.132268,49.5105
39.4325,0.211726,113.421
46.1172,15.1371,189.357
22.7426,0.185807,58.5844
22.2692,2.72471,66.2498
46.7187,8.18891,205.4
22.9988,0.533384,45.524
22.677,7.59344,55.1315
29.4344,12.0086,86.8867
32.1496,25.5485,128.127
23.3509,8.1977,51.2763
20.0666,0.340338,49.9941
43.4915,2.91721,181.6
30.0195,0.363526,61.665
20.2428,6.01886,16.6306
30.9058,29.7106,109.198
46.7938,0.386091,163.432
25.8376,16.1035,81.3147
44.6578,0.25968,143.439
40.5059,2.89725,152.664
25.4898,75.2906,99.7482
34.6062,8.5463,78.5432
42.5699,3.0215,180.479
26.5444,24.3827,89.5854
41.9988,0.927538,142.603
37.8927,0.151707,74.3551
31.2283,0.195159,44.9947
20.9015,4.7925,8.51927
27.0807,1.82996,73.827
30.8412,1.1776,100.009
21.3854,17.9748,63.2918
42.5085,3.91063,159.848
21.2572,17.2241,58.3612
38.0482,0.479582,98.8857
42.3448,0.857179,125.155
21.4214,11.6377,16.5244
41.5029,2.56465,137.484
21.6795,12.5178,66.1613
20.6657,28.5788,56.009
47.6322,1.00264,171.458
25.4081,0.761677,49.0799
18.2614,11.0807,34.7872
36.7225,14.222,132.853
29.2771,0.770594,51.6082
42.8855,6.7577,230.031
43.6524,60.6882,209.9
39.1081,1.31244,162.87
25.3711,0.141673,61.6841
39.4025,1.10693,160.757
44.6873,0.550296,117.707
33.3201,0.609785,91.5966
37.2765,0.144572,105.019
40.1829,47.2568,173.707
19.5197,0.135772,36.2258
34.2025,0.338524,63.3703
35.1989,0.207236,87.5733
46.3558,0.374542,138.999
18.8789,0.284364,32.7133
45.6259,0.387755,142.474
24.7147,0.152639,14.4287
23.9531,4.2244,69.8968
38.171,0.110678,128.608
16.7219,7.72199,29.6238
30.8045,0.227981,28.8501
18.5265,9.4406,21.482
21.9495,9.91864,65.0077
40.4068,13.7661,189.863
22.2971,0.531198,5.82784
34.6461,0.687836,96.931
36.3964,13.2104,147.535
27.4515,32.7386,52.618
45.3531,0.192683,130.201
47.7161,10.2225,217.866
25.1475,51.9738,52.6857
16.9917,7.19867,5
38.476,0.327162,126.032
47.8547,13.3396,232.406
17.7159,1.66117,20.2347
45.9209,0.110632,182.15
29.1718,0.16348,67.925
34.3297,6.97469,142.276
45.22,25.1461,172.951
46.7551,1.54788,157.374
34.8566,2.18803,106.852
17.3925,2.08842,9.10749
44.0191,1.21191,134.148
20.4432,2.00709,55.6473
46.727,4.37781,233.111
19.2107,0.452012,69.4238
38.8512,63.5924,174.875
38.1024,0.294031,92.0998
36.3599,0.407358,69.8291
39.8782,0.16538,80.2247
19.5893,46.4043,30.4533
19.7729,59.4511,67.1185
44.1197,26.5927,213.993
17.3842,1.16222,22.0028
21.2753,0.17745,24.6602
28.9926,2.95754,88.174
22.3385,12.0612,51.6167
37.9819,27.0799,155.939
37.8617,0.134024,128.01
37.2095,50.9411,185.34
32.695,1.17139,66.8736
23.5118,0.662728,25.3841
36.9777,22.1922,214.143
22.222,0.26383,5
26.5569,0.847562,55.4121
23.744,44.7522,100.723
28.8581,6.45604,85.7068
22.8819,14.7672,54.5686
25.4281,1.22601,36.8695
45.3712,0.360953,147.653
18.0014,19.3876,35.1489
36.901,1.29581,64.3173
26.59,26.1769,91.3442
37.2955,0.805174,115.379
18.8003,5.54022,39.4736
43.2999,49.6371,210.593
39.8085,1.21094,121.907
30.3363,0.186607,60.4662
32.9634,0.914405,91.366
47.3856,0.290472,162.74
42.7368,1.46469,131.503
30.8687,4.34865,63.1268
30.1247,27.2754,130.556
46.4009,1.33169,172.167
42.6687,0.146427,126.549
24.9679,4.70017,46.2049
31.1351,0.219509,62.9582
33.9056,4.18704,79.1851
30.7975,44.4099,148.21
21.8219,70.3711,53.1293
41.0555,2.57513,140.113
35.5937,1.13268,73.3444
19.5311,0.356025,45.9664
25.3107,0.145003,73.6353
37.723,0.379806,76.5026
20.2263,0.177457,9.47343
42.5125,0.225098,156.683
25.1403,0.427977,41.0976
20.5769,0.735066,53.3659
34.7951,3.32581,130.804
36.1126,5.57823,144.282
31.4691,8.96532,105.24
45.0382,0.340271,140.307
18.5644,9.19673,24.8304
27.8817,8.04171,89.0566
22.5268,43.834,42.3527
20.778,57.2469,48.6777
45.6878,10.6253,187.86
36.4275,62.201,133.408
31.7527,54.9766,95.4426
22.5679,0.146089,26.4282
19.3329,2.1922,81.834
39.8089,34.4579,173.558
20.9083,1.54054,31.9198
38.5391,0.144715,113.887
35.5802,0.60833,109.451
36.1955,6.89353,172.896
16.1059,4.24596,7.679
44.2648,3.02254,181.952
22.1476,1.61714,61.2118
43.9374,3.99612,171.477
44.3488,5.75137,187.154
40.0019,0.948859,112.349
21.8877,0.301726,63.6129
39.2495,1.05965,112.289
21.115,41.4287,9.87029
39.1672,5.91481,143.354
27.6242,74.8958,56.0014
36.4084,3.17816,80.6776
32.9748,3.7179,82.3245
18.8888,1.08309,39.5011
46.8316,69.2979,279.782
23.0448,1.31326,75.3332
28.6009,34.4552,109.44
31.6023,25.3797,90.0159
40.7571,0.494483,121.533
39.1875,0.115944,121.679
40.9536,0.603007,119.295
27.7781,1.73326,59.8808
26.7999,0.720642,47.5719
45.4716,17.1767,234.401
30.1456,9.70204,120.707
20.0217,15.8956,35.0768
25.9404,0.206472,48.2099
30.876,24.5586,99.3747
19.4209,1.90072,40.5561
18.8622,37.1677,27.1266
16.2139,3.97235,5
44.3192,0.436872,156.858
42.9363,0.505055,110.665
22.146,1.00312,22.7043
34.7109,1.67396,87.466
18.1976,0.18344,9.38644
46.349,28.4536,216.127
32.8916,2.45256,97.2127
17.7848,0.14826,5
23.3807,10.5539,56.3685
30.0493,21.4053,90.3319
23.1247,0.697645,44.6328
27.2563,0.62009,57.5351
21.0377,15.0173,18.6933
40.9212,0.700324,98.5261
30.0747,3.19667,64.6219
35.1156,52.9414,174.176
31.811,21.647,139.755
34.1891,8.50144,142.448
35.4342,8.71715,170.115
23.5002,0.152622,5
35.0477,0.146984,56.3804
33.0929,40.7033,117.98
16.2977,12.4659,5
44.5843,1.72119,136.193
45.3675,57.7028,233.03
19.9549,0.123386,51.3366
21.9617,0.328188,32.7026
33.4756,20.8532,109.496
24.5757,49.5977,55.9953
23.8334,6.32086,47.2137
36.1139,10.0915,108.581
19.7014,4.00293,36.2093
20.5607,2.24215,65.446
23.5629,53.8248,53.0048
43.4024,5.42536,164.885
21.4378,7.8279,18.7062
47.7071,0.118229,124.151
26.4898,7.10982,52.7574
22.8196,21.7834,51.2062
36.785,0.114115,115.216
36.7227,9.14534,155.288
32.0648,27.6301,86.9277
36.2282,2.20321,152.396
20.991,9.0824,13.0204
38.8734,0.16466,103.327
37.1394,0.261573,88.2948
20.7533,0.264075,14.2935
25.8345,0.122542,51.6402
43.7606,7.27576,140.385
47.3799,1.59288,179.463
33.517,7.14627,101.589
16.6409,21.1167,27.156
29.3254,2.33912,93.8368
36.0239,31.6653,136.722
34.4771,32.9312,116.207
26.6987,0.524613,54.0002
29.7406,15.2949,101.711
34.4018,4.74932,123.387
35.8429,9.80379,130.92
34.2578,4.24505,91.5002
35.9893,13.5047,154.368
39.7415,0.475371,135.305
36.0403,0.260654,35.9045
47.1862,8.42254,201.224
45.0115,1.76952,200.988
32.1529,34.7721,129.746
21.8497,6.36597,12.0485
42.8845,3.40686,169.307
27.4795,0.324408,70.8575
29.1216,0.132632,85.5785
26.4601,3.71354,103.696
28.3185,2.36398,66.7788
44.5758,17.687,197.539
18.9862,0.271544,6.80102
46.7866,0.899471,158.81
44.4077,0.346417,136.098
32.0501,0.141637,86.5803
27.562,0.248646,56.5907
25.3607,19.254,66.1073
21.472,52.0361,27.5249
34.3223,8.98956,188.046
37.2784,13.0319,144.477
19.7772,43.6062,48.2428
28.5848,0.182294,61.1258
32.9826,5.63167,91.9412
40.5698,1.41269,123.032
30.2907,69.6161,136.244
29.5584,19.9622,104.638
37.2512,0.117013,101.445
18.9261,2.41293,18.8456
34.8228,0.187347,60.756
28.5189,0.348028,69.7979
33.5407,0.455987,127.724
34.5859,3.65514,145.202
36.7795,77.0445,166.699
39.7802,3.54609,154.12
34.9304,1.43675,112.9
39.5618,1.66029,148.161
26.833,0.344889,49.6366
17.5421,0.927716,40.2874
24.2957,0.832051,55.4767
22.1918,18.5014,101.069
43.7953,34.9734,226.298
39.5538,24.7599,223.217
31.6274,0.281317,83.9505
31.2628,13.1272,150.081
18.7578,14.5765,5
23.4907,26.8057,74.873
45.1539,0.635203,143.629
46.4077,0.529709,180.402
39.5167,0.691153,151.079
18.5672,60.5226,56.6405
36.0968,0.273079,76.542
35.748,0.342686,94.0395
16.1351,9.89914,43.2881
39.5484,1.86103,151.305
40.6802,0.107623,115.266
44.8347,0.974848,189.492
36.3997,0.211432,65.6332
32.1237,0.112689,82.4502
24.5339,0.103232,63.7013
25.3329,25.2975,75.865
31.5544,5.01458,82.5674
32.6487,10.6902,116.788
40.6462,5.69824,150.868
21.5858,4.91738,35.8597
47.2574,0.514153,182.122
45.0269,0.407148,138.818
30.5348,66.2895,104.065
22.5733,29.723,55.7727
37.3752,3.97824,132.549
16.0393,8.10441,59.7963
18.3247,0.175005,5
33.7524,21.5236,150.278
23.846,5.30878,64.9635
45.3195,4.7633,178.198
31.3307,29.9194,95.3406
19.8728,0.537649,50.7808
16.9817,2.60127,16.3577
45.5966,1.39056,145.625
20.4261,0.119326,23.9406
19.1389,0.508744,70.7673
38.297,0.829858,108.342
16.8345,0.321574,29.359
26.0232,2.09586,106.829
31.9828,1.33472,47.1914
16.9284,4.95732,36.9847
17.0379,0.268098,43.6134
36.8918,11.7291,123.05
17.4625,40.7029,5
38.4823,0.574981,106.379
32.5807,0.504301,100.455
17.1107,31.4,24.5524
18.7137,39.9923,5.85495
31.9712,8.01991,93.2654
26.9534,1.1288,74.2228
23.8346,0.178328,23.1225
47.6855,38.6127,274.538
26.7265,0.113305,61.4232
16.7724,15.1144,52.0446
32.4211,20.8828,72.1012
21.7718,0.168681,73.1289
33.1552,1.47656,143.818
33.4454,0.242512,90.7973
28.6624,2.38292,105.62
33.5018,9.9698,123.995
19.8057,0.122013,17.2433
19.508,0.288078,69.7849
43.4366,53.2611,221.395
46.5485,0.313656,150.756
27.7593,5.17623,46.4445
25.4514,78.3505,75.5716
39.0536,0.213839,112.924
18.4384,1.80389,38.7475
39.4003,30.3893,164.314
20.0342,0.51833,38.2257
29.2314,0.391542,95.7062
26.6295,0.178321,51.3149
16.0393,12.3765,5
25.1612,61.6716,81.0941
21.8529,5.03412,41.7302
22.6725,3.62491,73.2491
17.8673,0.427896,32.0819
42.3884,1.98162,161.889
42.3143,40.96,186.387
31.083,1.66866,78.74
31.3339,27.1135,120.852
27.4345,0.110744,31.688
22.161,3.00001,19.9216
40.8293,0.572468,109.865
27.9961,3.34885,64.2308
26.8276,0.964583,67.439
26.7225,1.54665,69.8587
34.7465,56.6639,117.541
17.5733,0.235656,28.4097
40.4739,0.861163,110.007
39.8445,0.753794,94.4968
16.6677,1.38174,41.5032
27.0817,66.5408,80.3586
17.2887,0.5336,35.4364
30.6619,0.119553,94.5779
38.5168,21.1988,183.793
29.9591,33.1914,134.619
46.6051,1.12058,216.234
29.3022,45.6883,144.229
23.5325,0.316259,39.4388
38.2728,32.0032,160.219
42.5356,0.256905,115.295
26.6174,0.194804,44.0084
47.7046,16.8044,267.684
18.9231,5.1834,13.1748
32.0703,0.837051,48.9112
31.0618,0.195585,93.7275
20.1721,57.2549,34.7356
33.6586,0.275702,49.2199
21.6383,5.55329,5
37.6533,39.5794,160.304
26.3379,23.6123,93.5939
32.5488,3.62809,103.857
19.6185,9.52181,11.2111
24.038,11.1904,50.2823
