Wavenumber,t00.0h,t00.2h,t00.5h,t01.0h,t02.0h,t04.0h,t06.0h,t09.0h,t12.0h,t18.0h,t24.0h,t36.0h,t48.0h,t72.0h
1640,0.0996772,0.0997518,0.0977428,0.0998762,0.101626,0.101724,0.109846,0.108103,0.110983,0.118544,0.137163,0.142689,0.159938,0.190957
1640.38,0.100774,0.104143,0.0986748,0.0954517,0.0997424,0.106999,0.109553,0.115261,0.117168,0.119407,0.131307,0.151585,0.171894,0.198419
1640.75,0.104344,0.1064,0.104486,0.105616,0.108959,0.106828,0.119359,0.118654,0.114848,0.128674,0.139571,0.150707,0.17134,0.211588
1641.12,0.113183,0.109441,0.105817,0.107607,0.106362,0.111952,0.119281,0.121759,0.128097,0.136425,0.1377,0.15953,0.178229,0.216853
1641.5,0.110644,0.11352,0.112639,0.112013,0.107175,0.112292,0.118638,0.127034,0.132111,0.13882,0.151794,0.170827,0.189575,0.222219
1641.88,0.108275,0.113374,0.115325,0.116749,0.118292,0.123816,0.116805,0.125524,0.132223,0.141884,0.14999,0.164576,0.188428,0.23115
1642.25,0.108714,0.119504,0.112873,0.119278,0.123676,0.118278,0.13079,0.134619,0.133746,0.145074,0.153814,0.189057,0.199502,0.236695
1642.62,0.116637,0.118515,0.121694,0.12383,0.117008,0.123862,0.13046,0.137636,0.138612,0.152754,0.165811,0.191226,0.210538,0.249205
1643,0.118643,0.12452,0.118968,0.124746,0.12635,0.130155,0.131801,0.134068,0.145483,0.156248,0.168726,0.193314,0.210941,0.257125
1643.38,0.124377,0.132962,0.131891,0.130568,0.125584,0.130479,0.13491,0.140171,0.14672,0.15828,0.168387,0.196708,0.221602,0.265322
1643.75,0.127972,0.132846,0.127151,0.136172,0.13359,0.134874,0.138901,0.147777,0.155273,0.163806,0.179366,0.203895,0.227814,0.272435
1644.12,0.138729,0.126382,0.133849,0.133764,0.14028,0.140025,0.146368,0.155277,0.168135,0.17297,0.191836,0.209482,0.22895,0.278612
1644.5,0.14728,0.141252,0.14017,0.135885,0.147988,0.146055,0.154006,0.161112,0.162345,0.172833,0.186373,0.207799,0.236338,0.288582
1644.88,0.140292,0.141292,0.140671,0.143823,0.143888,0.147363,0.153705,0.163891,0.167257,0.179913,0.193586,0.227016,0.249583,0.291904
1645.25,0.14719,0.152807,0.150524,0.147986,0.150756,0.156316,0.15974,0.167083,0.171964,0.188731,0.201941,0.222784,0.255969,0.304534
1645.62,0.148617,0.150045,0.151645,0.155811,0.15267,0.165007,0.16279,0.160291,0.173891,0.191979,0.215049,0.229922,0.253446,0.317428
1646,0.145364,0.14964,0.151302,0.16234,0.15849,0.163036,0.166709,0.178286,0.177048,0.19606,0.211575,0.238642,0.279023,0.323354
1646.38,0.154924,0.153359,0.156771,0.15583,0.157554,0.168041,0.178865,0.181302,0.187075,0.197693,0.216147,0.250751,0.27979,0.339074
1646.75,0.160429,0.164493,0.165073,0.162195,0.165617,0.168035,0.173466,0.186821,0.188811,0.211399,0.220762,0.251253,0.282037,0.347283
1647.12,0.161504,0.164046,0.162411,0.164422,0.166747,0.171708,0.177059,0.184498,0.197059,0.207534,0.226023,0.262139,0.291742,0.353479
1647.5,0.170474,0.166328,0.167433,0.174657,0.172511,0.173181,0.180144,0.196258,0.198963,0.215251,0.231509,0.261385,0.300524,0.36057
1647.88,0.176032,0.16743,0.170334,0.172409,0.18172,0.181015,0.181935,0.195468,0.208761,0.225069,0.238866,0.27707,0.304363,0.37416
1648.25,0.167496,0.18494,0.177147,0.180887,0.178686,0.184603,0.195551,0.199996,0.20996,0.225996,0.248507,0.283464,0.316733,0.384269
1648.62,0.177469,0.180502,0.180463,0.184849,0.184341,0.187926,0.199868,0.208166,0.20911,0.229682,0.252675,0.279158,0.326867,0.395562
1649,0.183983,0.178207,0.182667,0.183915,0.1924,0.196401,0.201271,0.205708,0.21954,0.241028,0.253698,0.293402,0.328483,0.393215
1649.38,0.187239,0.187778,0.185782,0.184746,0.18922,0.202433,0.202914,0.214335,0.225887,0.238473,0.260608,0.29164,0.337404,0.402311
1649.75,0.183562,0.187641,0.185452,0.19093,0.196154,0.204505,0.203264,0.223298,0.224097,0.244186,0.262947,0.304147,0.339203,0.415699
1650.12,0.193911,0.191086,0.190691,0.195565,0.199526,0.213316,0.212942,0.22156,0.233297,0.250725,0.265282,0.316842,0.350132,0.425458
1650.5,0.193098,0.194253,0.199019,0.203796,0.202621,0.211601,0.216495,0.224962,0.233331,0.258258,0.273475,0.307165,0.354589,0.437679
1650.88,0.202989,0.197753,0.198212,0.202252,0.206922,0.213051,0.221951,0.222283,0.247976,0.258648,0.282333,0.316681,0.35976,0.436537
1651.25,0.198256,0.200206,0.206387,0.202686,0.212818,0.213331,0.221045,0.233661,0.244251,0.262673,0.285788,0.329918,0.365338,0.44473
1651.62,0.203737,0.207502,0.205896,0.2081,0.21139,0.215246,0.225788,0.237961,0.248726,0.272529,0.293078,0.331078,0.376808,0.454063
1652,0.212501,0.20802,0.215857,0.211777,0.216661,0.224064,0.235933,0.24345,0.25526,0.27241,0.300197,0.330194,0.368624,0.467293
1652.38,0.208002,0.218151,0.214046,0.212661,0.215967,0.222672,0.232719,0.246385,0.259305,0.280729,0.302968,0.340465,0.38433,0.471128
1652.75,0.216734,0.215085,0.21708,0.213761,0.227306,0.239014,0.230229,0.247526,0.258059,0.28182,0.305039,0.346243,0.392773,0.481724
1653.12,0.215041,0.221819,0.215107,0.224333,0.228684,0.231274,0.243133,0.248935,0.260527,0.287778,0.302721,0.354662,0.39855,0.484377
1653.5,0.219882,0.223139,0.220499,0.221841,0.216791,0.236986,0.245121,0.249031,0.258574,0.292432,0.312196,0.353751,0.400048,0.492495
1653.88,0.221692,0.226426,0.231534,0.227745,0.225244,0.238033,0.245589,0.252271,0.268247,0.291283,0.313621,0.357575,0.404211,0.496469
1654.25,0.220458,0.219547,0.22734,0.220792,0.229907,0.242545,0.247378,0.258248,0.274961,0.289846,0.314459,0.361794,0.407066,0.509406
1654.62,0.228158,0.224151,0.234244,0.233423,0.235533,0.24151,0.249114,0.254553,0.268321,0.3001,0.318614,0.372744,0.414441,0.505243
1655,0.228107,0.234135,0.232046,0.224453,0.235747,0.248199,0.256901,0.262116,0.278669,0.302027,0.327535,0.374475,0.41784,0.509578
1655.38,0.226355,0.225601,0.230787,0.240522,0.236387,0.245676,0.254868,0.267128,0.276491,0.298114,0.325953,0.377805,0.422324,0.524275
1655.75,0.231063,0.231585,0.232452,0.234176,0.240665,0.244959,0.254456,0.26568,0.287904,0.301383,0.331255,0.379238,0.423449,0.519191
1656.12,0.234288,0.234794,0.23497,0.235242,0.238868,0.247007,0.263327,0.275592,0.281109,0.302125,0.325902,0.379038,0.429573,0.521208
1656.5,0.235215,0.236085,0.236994,0.243495,0.24139,0.25292,0.258305,0.269219,0.287645,0.303402,0.329386,0.384245,0.427747,0.531315
1656.88,0.235899,0.233332,0.241585,0.24056,0.244583,0.248068,0.259717,0.269685,0.286642,0.310364,0.331106,0.375889,0.439191,0.531705
1657.25,0.2294,0.233754,0.238169,0.239202,0.247899,0.252398,0.262661,0.276332,0.289899,0.311065,0.338837,0.38389,0.435518,0.535529
1657.62,0.240576,0.238374,0.246471,0.245889,0.243063,0.254073,0.2639,0.277239,0.285749,0.314987,0.335755,0.382863,0.437649,0.542689
1658,0.235842,0.237838,0.237083,0.242909,0.252645,0.257343,0.261213,0.275254,0.290392,0.304798,0.338733,0.387731,0.433126,0.534944
1658.38,0.238526,0.241354,0.245958,0.238295,0.248947,0.256173,0.255948,0.272128,0.294196,0.312255,0.34633,0.388253,0.440629,0.531699
1658.75,0.242149,0.236877,0.2417,0.245223,0.24349,0.259802,0.263887,0.277581,0.288273,0.31121,0.335751,0.384263,0.437417,0.539542
1659.12,0.241877,0.240385,0.238686,0.24306,0.245223,0.257282,0.265769,0.274399,0.289078,0.310665,0.340257,0.386084,0.441799,0.540444
1659.5,0.23891,0.243052,0.246431,0.246819,0.244841,0.258659,0.265292,0.275017,0.29421,0.314134,0.33769,0.383263,0.443692,0.541535
1659.88,0.23811,0.246465,0.243059,0.246625,0.243843,0.255016,0.265009,0.28037,0.287993,0.309519,0.332526,0.390333,0.440588,0.541408
1660.25,0.242621,0.234572,0.245873,0.243419,0.249523,0.251924,0.261512,0.279953,0.298345,0.308149,0.339324,0.388145,0.435737,0.539935
1660.62,0.237123,0.238701,0.24726,0.246377,0.24494,0.258585,0.263081,0.278005,0.290958,0.311316,0.33791,0.390376,0.437376,0.539445
1661,0.243712,0.230031,0.232874,0.243165,0.242688,0.252361,0.267682,0.278281,0.28573,0.31249,0.340661,0.380848,0.434251,0.529799
1661.38,0.238487,0.23884,0.245911,0.234699,0.245363,0.2539,0.259973,0.268886,0.289539,0.307671,0.329199,0.382844,0.434161,0.522263
1661.75,0.233232,0.24052,0.234499,0.234066,0.23883,0.254258,0.266467,0.278015,0.292217,0.314119,0.334734,0.384446,0.424685,0.526099
1662.12,0.233838,0.23341,0.233594,0.233951,0.247207,0.251864,0.253972,0.274697,0.28509,0.310537,0.331431,0.381181,0.439131,0.521081
1662.5,0.229269,0.235379,0.231908,0.232861,0.239882,0.254284,0.250678,0.266667,0.278923,0.30993,0.332096,0.373366,0.424823,0.523682
1662.88,0.230941,0.233413,0.229384,0.228593,0.234292,0.244097,0.251028,0.265824,0.281847,0.298156,0.326527,0.371437,0.424732,0.513939
1663.25,0.226475,0.230271,0.231381,0.237453,0.23662,0.246191,0.250308,0.264156,0.278554,0.300306,0.316053,0.368981,0.413743,0.514048
1663.62,0.225498,0.22873,0.23283,0.236092,0.233225,0.241897,0.246351,0.26278,0.273416,0.291812,0.321787,0.365629,0.41356,0.510496
1664,0.225785,0.237818,0.225876,0.228427,0.230227,0.238094,0.244905,0.262762,0.268796,0.298386,0.312484,0.364651,0.407813,0.503279
1664.38,0.224602,0.229921,0.227278,0.22579,0.229191,0.238951,0.239841,0.258335,0.266956,0.293496,0.32067,0.355215,0.409679,0.498087
1664.75,0.223117,0.217788,0.218948,0.222139,0.234741,0.240187,0.240415,0.248196,0.263659,0.28171,0.311891,0.357382,0.401705,0.49214
1665.12,0.213397,0.217866,0.218369,0.225928,0.225883,0.232742,0.244023,0.252082,0.269003,0.288135,0.312467,0.34793,0.393815,0.481024
1665.5,0.221285,0.223557,0.21443,0.226843,0.226255,0.230365,0.234932,0.250119,0.260577,0.28617,0.305607,0.348116,0.393938,0.47825
1665.88,0.213823,0.215097,0.218147,0.218844,0.22205,0.231976,0.23051,0.251436,0.259161,0.280819,0.296831,0.343849,0.389281,0.474191
1666.25,0.215526,0.213662,0.206817,0.214085,0.214853,0.226602,0.232529,0.24155,0.249698,0.276746,0.293459,0.339239,0.379013,0.462078
1666.62,0.202675,0.202682,0.203195,0.207183,0.214332,0.215726,0.229138,0.237805,0.250267,0.275793,0.286613,0.332572,0.368152,0.460431
1667,0.204644,0.206152,0.206326,0.207684,0.211981,0.217045,0.226033,0.235914,0.239205,0.262209,0.292349,0.322261,0.364944,0.457055
1667.38,0.203749,0.194931,0.203931,0.204148,0.206199,0.213397,0.223812,0.234532,0.246689,0.258962,0.280117,0.32048,0.364322,0.453385
1667.75,0.199937,0.202342,0.198279,0.201974,0.209078,0.215153,0.219711,0.22758,0.233612,0.257283,0.273712,0.315535,0.361569,0.439868
1668.12,0.196047,0.19282,0.202188,0.199609,0.201241,0.206883,0.218515,0.227549,0.238151,0.252911,0.270205,0.304733,0.338112,0.422396
1668.5,0.190925,0.188777,0.192691,0.1934,0.194958,0.213262,0.210681,0.219632,0.231732,0.251848,0.263967,0.302601,0.336685,0.420495
1668.88,0.188664,0.186188,0.191989,0.192165,0.192909,0.196551,0.212209,0.216206,0.226974,0.237879,0.266795,0.296948,0.338992,0.405605
1669.25,0.182833,0.187658,0.185983,0.192937,0.185858,0.202884,0.199949,0.211721,0.218695,0.240476,0.249413,0.29139,0.330382,0.404838
1669.62,0.182612,0.184729,0.191548,0.189952,0.180796,0.19873,0.192974,0.203181,0.218436,0.231482,0.249559,0.289707,0.324575,0.395296
1670,0.180673,0.176243,0.182515,0.175675,0.188033,0.190671,0.195426,0.205497,0.2062,0.234633,0.245875,0.282106,0.317757,0.386889
1670.38,0.175266,0.173983,0.170122,0.170041,0.179828,0.181201,0.186962,0.195186,0.210901,0.224542,0.248441,0.279557,0.312235,0.379758
1670.75,0.170872,0.175139,0.175688,0.178639,0.172954,0.178473,0.190836,0.197564,0.202306,0.222901,0.236432,0.273521,0.304973,0.363002
1671.12,0.167886,0.167796,0.171398,0.175596,0.171565,0.176539,0.180201,0.193254,0.20247,0.217646,0.233643,0.264572,0.301783,0.363857
1671.5,0.174084,0.160996,0.168021,0.164043,0.173033,0.175219,0.180273,0.192062,0.189129,0.209893,0.224262,0.261922,0.292825,0.350051
1671.88,0.157554,0.157232,0.165225,0.163666,0.167702,0.168165,0.17351,0.183472,0.189008,0.204293,0.222432,0.257489,0.28125,0.348283
1672.25,0.151935,0.159473,0.157668,0.159163,0.162086,0.164414,0.17544,0.182737,0.18935,0.205622,0.216359,0.242757,0.277104,0.339263
1672.62,0.146129,0.156851,0.155634,0.159756,0.153782,0.165348,0.169355,0.177038,0.186664,0.199893,0.214572,0.246468,0.270517,0.325563
1673,0.156445,0.151001,0.156155,0.157301,0.153854,0.158928,0.160905,0.166691,0.180217,0.189048,0.201581,0.236858,0.26089,0.322397
1673.38,0.15141,0.149678,0.148056,0.150838,0.155028,0.154977,0.158866,0.170476,0.182176,0.185981,0.203696,0.233607,0.257622,0.319714
1673.75,0.145708,0.142289,0.151859,0.145791,0.151311,0.152616,0.158847,0.166013,0.169832,0.189204,0.197639,0.227895,0.25417,0.311568
1674.12,0.13522,0.136521,0.14836,0.143852,0.146499,0.155122,0.16131,0.159744,0.170472,0.18101,0.191884,0.223152,0.248738,0.304529
1674.5,0.139028,0.139373,0.13607,0.134912,0.144633,0.14845,0.159368,0.158651,0.169054,0.178628,0.191017,0.212295,0.240799,0.287887
1674.88,0.141143,0.137247,0.143745,0.138166,0.138829,0.143831,0.149807,0.148122,0.164633,0.177526,0.187365,0.216231,0.236151,0.293362
1675.25,0.129403,0.13914,0.134491,0.135232,0.136121,0.141953,0.148521,0.154944,0.15849,0.169858,0.190576,0.215289,0.229685,0.281459
1675.62,0.131587,0.127468,0.129453,0.133336,0.136974,0.137901,0.144052,0.153049,0.152091,0.165052,0.183671,0.200923,0.227988,0.279015
1676,0.122652,0.130358,0.125,0.128565,0.127458,0.139606,0.141386,0.151679,0.154506,0.164899,0.174688,0.202471,0.22181,0.269154
1676.38,0.127712,0.123234,0.121411,0.12788,0.132468,0.133668,0.14305,0.147332,0.148549,0.165478,0.173585,0.194724,0.219312,0.263853
1676.75,0.127496,0.120561,0.131085,0.125578,0.134025,0.126334,0.136224,0.133371,0.150643,0.160152,0.16814,0.198166,0.212062,0.250912
1677.12,0.123769,0.126238,0.123441,0.123697,0.127287,0.124985,0.131528,0.142801,0.145395,0.161019,0.167912,0.191946,0.216934,0.259011
1677.5,0.117962,0.118899,0.118105,0.119324,0.114401,0.125094,0.130527,0.137842,0.143618,0.155356,0.162378,0.191807,0.210194,0.256353
1677.88,0.116596,0.115626,0.115019,0.122183,0.122151,0.125018,0.129649,0.135533,0.14088,0.153578,0.163383,0.187039,0.208966,0.246293
1678.25,0.116263,0.118346,0.115659,0.123014,0.12059,0.130586,0.123408,0.132508,0.141373,0.148838,0.159579,0.187293,0.203702,0.241329
1678.62,0.115994,0.11086,0.120023,0.110916,0.112213,0.125717,0.125577,0.131661,0.137166,0.150144,0.170058,0.178525,0.201933,0.246173
1679,0.112086,0.107943,0.110835,0.120095,0.12393,0.12269,0.127267,0.129339,0.136789,0.153479,0.170675,0.189096,0.201025,0.244625
1679.38,0.109901,0.112653,0.111115,0.119905,0.11602,0.118559,0.123998,0.133048,0.145938,0.15078,0.165097,0.182758,0.2058,0.242577
1679.75,0.110013,0.10353,0.109835,0.11226,0.113462,0.116345,0.128307,0.130555,0.134508,0.157311,0.16293,0.18166,0.199108,0.2352
1680.12,0.110212,0.111738,0.116964,0.112828,0.109386,0.120345,0.124646,0.13597,0.144513,0.1548,0.165613,0.18152,0.205344,0.235707
1680.5,0.110425,0.11337,0.11824,0.113437,0.113323,0.117491,0.12618,0.133503,0.144233,0.152959,0.162764,0.187881,0.20632,0.239478
1680.88,0.105399,0.107479,0.104558,0.114864,0.115831,0.117333,0.122478,0.128855,0.138836,0.156136,0.167325,0.186262,0.211376,0.240827
1681.25,0.10204,0.106947,0.114234,0.116449,0.113374,0.11675,0.128036,0.129732,0.149014,0.156667,0.167657,0.188787,0.212364,0.247079
1681.62,0.108396,0.109653,0.110144,0.109369,0.117394,0.120605,0.133023,0.130115,0.14063,0.156155,0.165488,0.19858,0.220265,0.248748
1682,0.104521,0.104707,0.110615,0.115691,0.114461,0.119771,0.131622,0.132672,0.138758,0.150932,0.176321,0.191577,0.222128,0.248593
1682.38,0.110279,0.105802,0.108187,0.115188,0.109738,0.125187,0.126267,0.142784,0.148511,0.161119,0.173924,0.191853,0.22081,0.25109
1682.75,0.114165,0.110949,0.115413,0.11205,0.115305,0.123408,0.134283,0.138312,0.154401,0.164532,0.184898,0.206334,0.222387,0.260495
1683.12,0.113816,0.111435,0.110436,0.109684,0.124725,0.125892,0.129662,0.140094,0.153417,0.163682,0.180582,0.208537,0.226832,0.273203
1683.5,0.113089,0.109392,0.1179,0.114126,0.117983,0.125738,0.137674,0.145486,0.159767,0.180342,0.192771,0.208973,0.239943,0.272951
1683.88,0.11067,0.117802,0.114224,0.11741,0.11856,0.130154,0.139595,0.150231,0.163483,0.178117,0.195526,0.228192,0.245691,0.283892
1684.25,0.118836,0.11763,0.117146,0.117881,0.124669,0.135003,0.145042,0.156986,0.156709,0.174745,0.19707,0.228846,0.255643,0.289293
1684.62,0.115489,0.122607,0.11434,0.124552,0.126983,0.13609,0.146158,0.15897,0.165919,0.19284,0.204595,0.234038,0.261065,0.296995
1685,0.117031,0.126838,0.11825,0.127419,0.132943,0.136755,0.148595,0.161225,0.174309,0.197411,0.209864,0.248272,0.268133,0.31167
1685.38,0.120843,0.123119,0.123882,0.130713,0.133684,0.148912,0.152028,0.168429,0.181353,0.200932,0.222758,0.253701,0.276327,0.320344
1685.75,0.118882,0.126166,0.130936,0.129171,0.141815,0.149131,0.158624,0.175863,0.190157,0.210667,0.230463,0.266124,0.292677,0.331487
1686.12,0.126663,0.125299,0.127024,0.139697,0.139496,0.152785,0.160586,0.18417,0.194641,0.225822,0.246223,0.277684,0.302357,0.342453
1686.5,0.12604,0.131165,0.136514,0.135104,0.145306,0.1559,0.168685,0.185812,0.204313,0.231425,0.255792,0.288495,0.313537,0.352711
1686.88,0.133081,0.134435,0.131705,0.144672,0.146401,0.156963,0.175254,0.196599,0.205326,0.241983,0.260794,0.299984,0.334431,0.367699
1687.25,0.141267,0.151065,0.141956,0.14195,0.145719,0.168354,0.18613,0.203798,0.219798,0.249681,0.268402,0.315137,0.338571,0.385771
1687.62,0.138413,0.145177,0.147268,0.146574,0.161574,0.175957,0.191585,0.210036,0.218708,0.258492,0.285241,0.318242,0.35328,0.402557
1688,0.154499,0.156928,0.147154,0.156392,0.164301,0.183626,0.192782,0.217664,0.23331,0.261952,0.298585,0.337464,0.363592,0.420926
1688.38,0.149823,0.144193,0.156339,0.163785,0.172478,0.189277,0.199032,0.228151,0.239465,0.274623,0.298887,0.352395,0.386645,0.434737
1688.75,0.153253,0.154049,0.158886,0.170684,0.177534,0.188304,0.209975,0.23868,0.25418,0.286914,0.322062,0.365154,0.394733,0.446222
1689.12,0.156787,0.163094,0.164599,0.180429,0.17934,0.201883,0.221324,0.241984,0.266875,0.296047,0.325056,0.382897,0.41752,0.465823
1689.5,0.165959,0.167971,0.170118,0.177351,0.188212,0.205759,0.227076,0.251975,0.280485,0.316177,0.343582,0.399707,0.438526,0.48745
1689.88,0.173442,0.175864,0.17764,0.184201,0.192378,0.221889,0.23719,0.260626,0.290057,0.321263,0.36424,0.409317,0.446277,0.500823
1690.25,0.180354,0.179159,0.180469,0.193117,0.201529,0.224208,0.243961,0.269357,0.291501,0.339111,0.378153,0.428061,0.464423,0.522904
1690.62,0.18123,0.188601,0.191008,0.196355,0.2048,0.225563,0.253134,0.284076,0.304425,0.353803,0.38992,0.446446,0.482884,0.542304
1691,0.190476,0.19353,0.193484,0.203651,0.207081,0.236378,0.25605,0.287571,0.32113,0.362578,0.397841,0.465207,0.504347,0.559242
1691.38,0.19294,0.203195,0.202795,0.200082,0.215009,0.242068,0.27203,0.304821,0.333416,0.378787,0.421472,0.478481,0.52539,0.583069
1691.75,0.196177,0.206104,0.207091,0.213769,0.229505,0.257889,0.276863,0.312171,0.338555,0.390919,0.433036,0.50014,0.543862,0.598208
1692.12,0.209126,0.21093,0.211465,0.224052,0.233994,0.268019,0.284246,0.318976,0.354982,0.40745,0.448828,0.518781,0.555677,0.617931
1692.5,0.216507,0.218225,0.220818,0.233992,0.243856,0.276351,0.293717,0.329375,0.367394,0.422771,0.465425,0.529889,0.574648,0.638458
1692.88,0.222602,0.225931,0.227335,0.23764,0.252104,0.284244,0.303544,0.349147,0.375188,0.434896,0.483582,0.548531,0.6052,0.656517
1693.25,0.224899,0.229351,0.23232,0.236744,0.258984,0.285797,0.317774,0.356769,0.395653,0.451986,0.499708,0.571438,0.619861,0.675194
1693.62,0.23119,0.23632,0.244015,0.255071,0.27074,0.295711,0.330903,0.36821,0.394002,0.460807,0.519224,0.581684,0.641283,0.69775
1694,0.235433,0.240739,0.245737,0.257304,0.272037,0.306627,0.327817,0.383679,0.421107,0.481263,0.532184,0.605516,0.652534,0.710876
1694.38,0.244448,0.246793,0.253415,0.273418,0.284547,0.310674,0.346447,0.392792,0.423136,0.491377,0.542753,0.624395,0.670105,0.735204
1694.75,0.253821,0.255538,0.258503,0.269374,0.289728,0.325415,0.351352,0.402726,0.43349,0.502758,0.561194,0.642454,0.688368,0.752624
1695.12,0.255299,0.265529,0.266232,0.278003,0.299136,0.330509,0.359805,0.408413,0.443408,0.515302,0.572238,0.652601,0.70715,0.770761
1695.5,0.268841,0.272706,0.274539,0.282676,0.306429,0.343147,0.378432,0.418888,0.464657,0.535316,0.584256,0.66448,0.723875,0.781966
1695.88,0.263274,0.276808,0.280404,0.296782,0.315829,0.345195,0.386552,0.432271,0.475051,0.543121,0.595685,0.684239,0.730902,0.806757
1696.25,0.27589,0.279236,0.286913,0.297278,0.316973,0.348406,0.391118,0.44243,0.487259,0.558506,0.614385,0.704763,0.757395,0.820304
1696.62,0.279388,0.286713,0.296331,0.302952,0.329612,0.358984,0.398556,0.451763,0.492475,0.563758,0.631239,0.7132,0.773707,0.835521
1697,0.286383,0.293509,0.300929,0.306431,0.333026,0.366622,0.410462,0.45721,0.508057,0.581051,0.639774,0.726801,0.779203,0.848111
1697.38,0.292897,0.295045,0.301254,0.318758,0.345854,0.371566,0.41588,0.463352,0.514874,0.58507,0.648326,0.739728,0.795247,0.860475
1697.75,0.302686,0.304499,0.309508,0.31936,0.33846,0.384,0.428206,0.477307,0.521587,0.60253,0.66536,0.754211,0.817484,0.877734
1698.12,0.296696,0.306423,0.314423,0.324331,0.347497,0.390797,0.422945,0.483365,0.530687,0.605528,0.673807,0.766186,0.819511,0.881996
1698.5,0.303709,0.312893,0.317573,0.329032,0.35582,0.403314,0.437559,0.492779,0.534771,0.621807,0.685336,0.77649,0.833519,0.894073
1698.88,0.305917,0.311141,0.323292,0.331763,0.354749,0.399717,0.444748,0.500569,0.542525,0.628329,0.687176,0.79087,0.835951,0.902434
1699.25,0.307464,0.318919,0.321241,0.341162,0.358073,0.410227,0.449922,0.504634,0.553877,0.634255,0.710627,0.79213,0.85149,0.901688
1699.62,0.317066,0.323873,0.330196,0.340115,0.370551,0.405164,0.454777,0.511981,0.558687,0.63481,0.708734,0.799338,0.856381,0.913904
1700,0.318661,0.325168,0.331228,0.346902,0.376334,0.417615,0.456719,0.50838,0.564114,0.641523,0.722044,0.807648,0.857977,0.917739
1700.38,0.319843,0.334631,0.33117,0.351357,0.376566,0.418583,0.462146,0.514245,0.576529,0.655785,0.720828,0.811355,0.857457,0.921978
1700.75,0.32439,0.336611,0.336445,0.349845,0.374117,0.428083,0.462399,0.525409,0.575166,0.655978,0.72448,0.817738,0.865369,0.921313
1701.12,0.324023,0.330992,0.337257,0.352301,0.372593,0.427411,0.467683,0.523493,0.577316,0.663736,0.723669,0.820212,0.865479,0.923487
1701.5,0.328674,0.335584,0.336976,0.355149,0.37849,0.430333,0.471955,0.528211,0.576826,0.66462,0.728688,0.81719,0.876125,0.922329
1701.88,0.335926,0.338865,0.340019,0.355291,0.374965,0.422445,0.473377,0.535322,0.580367,0.661913,0.733339,0.826876,0.87015,0.915942
1702.25,0.326403,0.340332,0.344861,0.357188,0.37944,0.429229,0.470562,0.531029,0.574945,0.665839,0.734361,0.817378,0.871509,0.920487
1702.62,0.335918,0.334911,0.347897,0.353538,0.384793,0.426245,0.468656,0.528338,0.581247,0.660595,0.728065,0.820915,0.867645,0.907917
1703,0.327873,0.331758,0.341128,0.355886,0.383323,0.428921,0.469209,0.534964,0.5748,0.664273,0.725183,0.811209,0.863408,0.900108
1703.38,0.332838,0.337952,0.340476,0.356324,0.384588,0.422887,0.474304,0.529519,0.575791,0.65465,0.721587,0.809706,0.852818,0.896801
1703.75,0.330978,0.330218,0.340258,0.350114,0.379725,0.428015,0.456417,0.526459,0.578914,0.654466,0.714623,0.80486,0.852525,0.885631
1704.12,0.333013,0.337442,0.341817,0.35818,0.378059,0.432758,0.465238,0.524129,0.572874,0.656919,0.710556,0.807242,0.846311,0.882918
1704.5,0.327276,0.336586,0.336506,0.352508,0.374063,0.428708,0.454075,0.51577,0.564146,0.651062,0.704116,0.789109,0.837205,0.867422
1704.88,0.322741,0.331837,0.333313,0.346113,0.378044,0.417173,0.462219,0.515299,0.556814,0.650967,0.705349,0.780391,0.824627,0.864233
1705.25,0.323943,0.329868,0.324493,0.342865,0.367515,0.413186,0.452741,0.510948,0.557015,0.640962,0.69227,0.770646,0.816581,0.844419
1705.62,0.314933,0.319367,0.331101,0.347309,0.370358,0.413308,0.452073,0.507405,0.552777,0.626073,0.688705,0.761712,0.805609,0.825116
1706,0.317086,0.326209,0.333555,0.339286,0.369754,0.405127,0.437772,0.496534,0.551182,0.62397,0.672866,0.754203,0.787958,0.816967
1706.38,0.311462,0.321794,0.325502,0.340834,0.367375,0.400692,0.441749,0.494964,0.542389,0.614121,0.659896,0.73992,0.775004,0.800434
1706.75,0.310239,0.322584,0.318105,0.332118,0.359012,0.39854,0.435855,0.489417,0.531823,0.601798,0.664111,0.721238,0.76111,0.783342
1707.12,0.310825,0.309994,0.317685,0.325665,0.353104,0.390544,0.422796,0.472894,0.51773,0.594618,0.650527,0.713619,0.746204,0.770002
1707.5,0.299342,0.314081,0.316211,0.326694,0.344889,0.391625,0.424029,0.469151,0.51044,0.580903,0.630695,0.693978,0.732016,0.754125
1707.88,0.299892,0.310075,0.30681,0.321663,0.346855,0.379699,0.415421,0.4611,0.502923,0.567153,0.620473,0.681744,0.717659,0.734858
1708.25,0.296586,0.303281,0.30511,0.315581,0.336372,0.370751,0.408484,0.457279,0.500572,0.56139,0.610711,0.663421,0.700174,0.711733
1708.62,0.294303,0.296746,0.304981,0.31775,0.338512,0.370583,0.401678,0.445913,0.48724,0.543436,0.596175,0.652085,0.675965,0.689853
1709,0.294458,0.296497,0.296888,0.310956,0.330187,0.361278,0.390752,0.437376,0.480294,0.534082,0.576039,0.642157,0.662567,0.673734
1709.38,0.279076,0.28941,0.295615,0.302062,0.324012,0.349442,0.386864,0.434313,0.469793,0.527149,0.567124,0.616376,0.648212,0.656176
1709.75,0.284384,0.292979,0.290564,0.300443,0.317162,0.357294,0.38224,0.423433,0.457691,0.511374,0.553113,0.60286,0.628636,0.637903
1710.12,0.278946,0.281569,0.28445,0.296017,0.308962,0.342076,0.379755,0.409149,0.452329,0.505661,0.544047,0.589136,0.615697,0.617811
1710.5,0.276056,0.276576,0.283569,0.292557,0.311601,0.340905,0.365422,0.40226,0.436178,0.488581,0.525644,0.569595,0.591268,0.594435
1710.88,0.275609,0.277376,0.279651,0.29203,0.304047,0.330772,0.364409,0.398543,0.427973,0.469387,0.512953,0.553973,0.575975,0.579079
1711.25,0.261727,0.26932,0.275168,0.282575,0.30381,0.328928,0.352099,0.388565,0.421157,0.466941,0.498618,0.542834,0.5626,0.556243
1711.62,0.269478,0.272868,0.281334,0.279003,0.295903,0.324881,0.342819,0.375016,0.407517,0.453254,0.483708,0.525058,0.541865,0.552889
1712,0.264417,0.271233,0.267905,0.277489,0.291472,0.318665,0.341534,0.369624,0.398251,0.442238,0.466877,0.510995,0.520926,0.524433
1712.38,0.261585,0.266411,0.266772,0.274278,0.293739,0.313071,0.336894,0.370863,0.38869,0.429328,0.456974,0.492884,0.511666,0.503919
1712.75,0.263647,0.264488,0.261648,0.274621,0.287342,0.307594,0.332051,0.363102,0.388198,0.420179,0.443239,0.481797,0.490509,0.491599
1713.12,0.261319,0.26343,0.264357,0.265783,0.2886,0.302685,0.329426,0.35434,0.374624,0.401676,0.440319,0.462179,0.47507,0.471585
1713.5,0.26736,0.263074,0.267449,0.275906,0.287599,0.304908,0.329103,0.345924,0.373776,0.397967,0.424682,0.445907,0.463998,0.456697
1713.88,0.260406,0.266495,0.262564,0.278707,0.274198,0.303031,0.31922,0.341412,0.363983,0.395299,0.412187,0.440799,0.444974,0.440109
1714.25,0.264399,0.261606,0.272517,0.271016,0.281937,0.299577,0.321443,0.33755,0.360116,0.381103,0.405176,0.422399,0.430948,0.429894
1714.62,0.264253,0.269513,0.270062,0.274983,0.283776,0.299695,0.312802,0.332366,0.355387,0.376009,0.394122,0.420102,0.41783,0.415529
1715,0.265212,0.272013,0.269903,0.283612,0.288305,0.302794,0.309714,0.334993,0.346787,0.365042,0.383585,0.400992,0.404423,0.406471
1715.38,0.273029,0.274456,0.282248,0.286359,0.284352,0.299062,0.309059,0.33076,0.344411,0.371691,0.379801,0.399837,0.393828,0.387538
1715.75,0.28161,0.279839,0.283823,0.283694,0.289646,0.301064,0.316807,0.334202,0.339548,0.359444,0.371256,0.382679,0.380404,0.379581
1716.12,0.28785,0.288424,0.289246,0.295052,0.301278,0.310518,0.30928,0.330523,0.34104,0.361832,0.369512,0.382835,0.374683,0.373085
1716.5,0.296406,0.300187,0.288982,0.298644,0.300083,0.312802,0.320142,0.328163,0.344903,0.354567,0.359452,0.373557,0.372822,0.356362
1716.88,0.302079,0.304045,0.306071,0.302161,0.307174,0.31427,0.324503,0.332444,0.34675,0.354711,0.366314,0.363958,0.363873,0.350723
1717.25,0.306848,0.307885,0.308333,0.316065,0.313107,0.320873,0.330052,0.336666,0.338566,0.357705,0.353273,0.361557,0.356481,0.342256
1717.62,0.320654,0.318615,0.319522,0.31758,0.326562,0.337682,0.338441,0.336294,0.346877,0.355073,0.350244,0.350325,0.34653,0.341859
1718,0.329095,0.328449,0.326883,0.330474,0.338944,0.341965,0.342328,0.34067,0.34813,0.35479,0.345726,0.356053,0.349251,0.331361
1718.38,0.338069,0.336454,0.33765,0.336312,0.343062,0.347464,0.35079,0.351166,0.35004,0.353673,0.354432,0.356177,0.34273,0.325337
1718.75,0.352131,0.347671,0.351006,0.354386,0.354252,0.352591,0.355622,0.360138,0.357122,0.354514,0.355198,0.343789,0.342514,0.324771
1719.12,0.365974,0.359653,0.361186,0.365341,0.366982,0.36529,0.366826,0.369291,0.362072,0.356462,0.360605,0.354736,0.343992,0.318342
1719.5,0.376369,0.381385,0.380344,0.372022,0.376164,0.380207,0.374776,0.379086,0.376194,0.366277,0.361992,0.354311,0.336655,0.321308
1719.88,0.390693,0.398817,0.389513,0.392472,0.396609,0.389229,0.383791,0.384569,0.378665,0.371224,0.362003,0.353517,0.337685,0.315761
1720.25,0.409819,0.408624,0.410962,0.408559,0.402204,0.400891,0.398742,0.393585,0.392129,0.377802,0.366849,0.357726,0.341328,0.318898
1720.62,0.424832,0.427869,0.428129,0.424156,0.418278,0.414259,0.408674,0.411616,0.398614,0.38347,0.377665,0.36069,0.336918,0.327221
1721,0.441954,0.440028,0.444533,0.442339,0.440905,0.433008,0.430443,0.418419,0.417422,0.390275,0.38232,0.364358,0.349835,0.317532
1721.38,0.460452,0.463582,0.460002,0.459958,0.457417,0.45121,0.436358,0.431582,0.42507,0.403836,0.394575,0.364969,0.346017,0.322662
1721.75,0.475813,0.487147,0.478472,0.479541,0.47699,0.463395,0.461067,0.443608,0.435746,0.417964,0.406315,0.375171,0.358297,0.334611
1722.12,0.500567,0.499554,0.504475,0.497113,0.487816,0.489423,0.479025,0.464732,0.451081,0.431549,0.407706,0.384948,0.363788,0.337545
1722.5,0.522459,0.524183,0.52082,0.51547,0.51769,0.503421,0.488839,0.475619,0.459009,0.44109,0.415689,0.385436,0.365918,0.341975
1722.88,0.538046,0.538148,0.539598,0.538907,0.527319,0.520311,0.503952,0.488578,0.477726,0.451549,0.430956,0.398899,0.377678,0.344956
1723.25,0.564364,0.561618,0.561066,0.55521,0.553869,0.537994,0.520817,0.499355,0.498638,0.460762,0.443154,0.406461,0.383701,0.351995
1723.62,0.586879,0.588213,0.577735,0.583145,0.574982,0.558727,0.542988,0.516217,0.50813,0.479652,0.455782,0.409806,0.38686,0.362719
1724,0.606436,0.608378,0.597153,0.599689,0.595315,0.580722,0.555891,0.543905,0.528116,0.492144,0.465264,0.419901,0.405591,0.37014
1724.38,0.631559,0.620344,0.619512,0.622823,0.610631,0.593588,0.583804,0.556782,0.546554,0.507693,0.473182,0.434016,0.414856,0.374665
1724.75,0.649143,0.65332,0.646102,0.641305,0.626425,0.613425,0.603131,0.57581,0.558249,0.517352,0.48278,0.445406,0.413108,0.379088
1725.12,0.678831,0.676212,0.664822,0.667741,0.659134,0.642057,0.617709,0.597133,0.571831,0.534296,0.505309,0.463974,0.428723,0.383106
1725.5,0.699591,0.691265,0.68626,0.687797,0.680149,0.651489,0.639374,0.614554,0.58794,0.549683,0.510168,0.470563,0.433241,0.394827
1725.88,0.717562,0.712774,0.709585,0.704594,0.696801,0.677355,0.652272,0.632104,0.603647,0.562885,0.518448,0.481187,0.44038,0.40407
1726.25,0.742381,0.731182,0.732783,0.73169,0.715397,0.694274,0.676549,0.644676,0.61542,0.570266,0.537646,0.486973,0.454139,0.409098
1726.62,0.753069,0.757276,0.753517,0.745525,0.739061,0.708025,0.688687,0.662163,0.637482,0.584308,0.553275,0.499374,0.466222,0.421496
1727,0.769119,0.776211,0.773996,0.766017,0.753412,0.730281,0.711465,0.675322,0.65216,0.604905,0.563461,0.505295,0.467879,0.431212
1727.38,0.794084,0.793295,0.785483,0.787343,0.773644,0.745557,0.72262,0.695194,0.656748,0.616283,0.57576,0.515198,0.481323,0.44004
1727.75,0.808151,0.806159,0.806109,0.805742,0.7857,0.756632,0.735362,0.701072,0.67968,0.624432,0.586043,0.521815,0.483635,0.439249
1728.12,0.838098,0.834652,0.823199,0.816967,0.803936,0.777186,0.758021,0.715497,0.690514,0.63618,0.589264,0.541991,0.492858,0.447855
1728.5,0.851646,0.843287,0.843637,0.824027,0.818351,0.790072,0.765319,0.73491,0.702152,0.65215,0.608633,0.547656,0.50218,0.454644
1728.88,0.865894,0.85855,0.851073,0.843074,0.829777,0.800397,0.779025,0.738144,0.70935,0.6613,0.612394,0.545989,0.501555,0.458575
1729.25,0.868423,0.868766,0.865111,0.855581,0.842273,0.815921,0.784805,0.751786,0.71531,0.661264,0.619216,0.558119,0.513831,0.465207
1729.62,0.88352,0.882913,0.874508,0.86617,0.850823,0.830483,0.793983,0.763568,0.736494,0.672134,0.631066,0.565323,0.525907,0.474495
1730,0.895528,0.891354,0.88849,0.877003,0.855371,0.832433,0.803223,0.76859,0.740552,0.671169,0.634843,0.567669,0.523842,0.47809
1730.38,0.905476,0.906723,0.890796,0.887515,0.871397,0.845517,0.811486,0.780609,0.740817,0.688512,0.635498,0.578029,0.531629,0.480843
1730.75,0.905856,0.914275,0.896634,0.886258,0.881605,0.845375,0.815465,0.776459,0.749828,0.686821,0.645289,0.580617,0.519698,0.473816
1731.12,0.914917,0.906088,0.911021,0.896279,0.877159,0.855,0.819793,0.784556,0.757228,0.691484,0.641681,0.571402,0.532541,0.485988
1731.5,0.917574,0.913924,0.911769,0.897466,0.885234,0.858224,0.829819,0.782581,0.753681,0.70257,0.643075,0.576384,0.534905,0.486661
1731.88,0.9183,0.911762,0.913823,0.906535,0.88485,0.856773,0.82334,0.784793,0.757166,0.698089,0.647933,0.580679,0.525272,0.484923
1732.25,0.917425,0.916718,0.913167,0.901992,0.878122,0.85286,0.82707,0.788442,0.750128,0.693413,0.648047,0.579719,0.529003,0.485637
1732.62,0.913114,0.911999,0.906184,0.900556,0.885366,0.854629,0.826922,0.785974,0.755038,0.68959,0.648267,0.574515,0.528622,0.483979
1733,0.908282,0.904993,0.897434,0.896906,0.883051,0.846752,0.819377,0.782196,0.750951,0.681177,0.641708,0.57593,0.534522,0.477467
1733.38,0.904317,0.901772,0.894019,0.886799,0.880718,0.850637,0.814327,0.780022,0.742744,0.681265,0.637536,0.574387,0.52198,0.473338
1733.75,0.898643,0.89469,0.892457,0.880483,0.874388,0.835816,0.807807,0.769895,0.738579,0.685883,0.630736,0.557895,0.515251,0.473102
1734.12,0.888633,0.879149,0.882566,0.870859,0.854086,0.830389,0.802924,0.759613,0.731889,0.672096,0.629907,0.557483,0.518164,0.467601
1734.5,0.870813,0.877781,0.863706,0.859572,0.851328,0.818982,0.791533,0.748094,0.719886,0.665706,0.62134,0.550958,0.508092,0.467516
1734.88,0.867408,0.864816,0.855127,0.847054,0.834942,0.805491,0.78085,0.746478,0.716559,0.654961,0.606802,0.550913,0.505793,0.461553
1735.25,0.849957,0.846276,0.846446,0.835316,0.823714,0.788633,0.77618,0.737346,0.700431,0.641865,0.604617,0.531204,0.494042,0.450662
1735.62,0.836859,0.835827,0.832667,0.817756,0.800461,0.782964,0.753659,0.719508,0.686955,0.633929,0.585137,0.528657,0.483916,0.440801
1736,0.823989,0.814087,0.807729,0.799379,0.789274,0.76488,0.731483,0.708097,0.673051,0.616503,0.577688,0.518677,0.477913,0.434431
1736.38,0.803614,0.797215,0.792121,0.793099,0.778109,0.746516,0.725213,0.684162,0.65337,0.611408,0.560935,0.506331,0.471406,0.427846
1736.75,0.776929,0.778822,0.769103,0.772966,0.750455,0.731063,0.70851,0.67129,0.642831,0.58735,0.555792,0.502071,0.462947,0.422974
1737.12,0.764728,0.763228,0.756632,0.746939,0.736596,0.710805,0.692006,0.656822,0.63062,0.575679,0.540914,0.47934,0.439333,0.412778
1737.5,0.745735,0.735567,0.735515,0.733174,0.721334,0.686611,0.674362,0.634522,0.612254,0.56421,0.527163,0.473786,0.432163,0.39452
1737.88,0.724297,0.718405,0.711639,0.706763,0.698518,0.664209,0.649105,0.622317,0.5915,0.536339,0.51579,0.460002,0.431132,0.378921
1738.25,0.694303,0.696572,0.696595,0.685179,0.675874,0.650733,0.630965,0.604191,0.578187,0.527554,0.49978,0.447029,0.411708,0.379405
1738.62,0.680799,0.675196,0.674041,0.666154,0.661702,0.629744,0.613895,0.582425,0.556614,0.514479,0.482188,0.434185,0.402113,0.365243
1739,0.653163,0.650162,0.646764,0.643931,0.634238,0.611891,0.586718,0.561216,0.538837,0.49944,0.464263,0.415426,0.382079,0.351097
1739.38,0.631536,0.630461,0.630685,0.624229,0.605623,0.589173,0.563944,0.545659,0.51728,0.481853,0.453319,0.409511,0.368734,0.341777
1739.75,0.607796,0.61018,0.603136,0.597245,0.591945,0.563441,0.546832,0.521058,0.501527,0.463866,0.431832,0.385776,0.359967,0.3301
1740.12,0.588605,0.582151,0.574993,0.578394,0.557479,0.542442,0.527591,0.504193,0.488801,0.447645,0.414548,0.372317,0.344569,0.313658
1740.5,0.557413,0.556103,0.549752,0.548869,0.539041,0.524103,0.510174,0.483846,0.464891,0.430213,0.395851,0.363348,0.333212,0.301837
1740.88,0.528181,0.530859,0.544311,0.521295,0.520628,0.499785,0.485596,0.463547,0.449114,0.413083,0.382312,0.352174,0.318346,0.292303
1741.25,0.506745,0.509948,0.507756,0.500927,0.49534,0.479014,0.460213,0.437274,0.42263,0.391867,0.37132,0.332491,0.307485,0.282689
1741.62,0.48714,0.492591,0.484881,0.480456,0.470795,0.455686,0.438104,0.419668,0.410328,0.376251,0.35122,0.315556,0.294554,0.273386
1742,0.472041,0.458689,0.464711,0.458329,0.451803,0.444445,0.424604,0.405044,0.389099,0.353182,0.339751,0.306059,0.280226,0.258037
1742.38,0.437589,0.443085,0.43883,0.438181,0.430849,0.413053,0.403713,0.381819,0.36935,0.342074,0.325218,0.291617,0.270473,0.251434
1742.75,0.421052,0.424358,0.415035,0.418449,0.411302,0.397051,0.382488,0.365389,0.348285,0.329091,0.300041,0.275176,0.253014,0.238358
1743.12,0.404173,0.402719,0.394163,0.392391,0.387044,0.380042,0.35687,0.346736,0.341469,0.313971,0.293023,0.259706,0.24154,0.227919
1743.5,0.383204,0.376837,0.37612,0.373976,0.370399,0.351414,0.345671,0.329329,0.319986,0.296287,0.280429,0.250383,0.236349,0.212978
1743.88,0.356698,0.350765,0.358445,0.356067,0.348494,0.339513,0.3258,0.309392,0.29701,0.281451,0.251387,0.236175,0.22666,0.208213
1744.25,0.338504,0.341836,0.334763,0.334362,0.337874,0.323833,0.31615,0.299586,0.28557,0.26408,0.255081,0.229796,0.21067,0.198202
1744.62,0.316656,0.316905,0.321658,0.318834,0.308868,0.305776,0.296129,0.283071,0.264287,0.247239,0.246053,0.213595,0.207224,0.187737
1745,0.299618,0.303188,0.305095,0.295721,0.28936,0.284498,0.278406,0.266045,0.25579,0.238339,0.222579,0.201434,0.194794,0.176258
1745.38,0.285805,0.282935,0.285378,0.277128,0.273671,0.269781,0.258639,0.253015,0.237019,0.224409,0.221378,0.196245,0.180809,0.177562
1745.75,0.274075,0.268431,0.27251,0.264718,0.259374,0.253373,0.249645,0.244921,0.232971,0.216861,0.209266,0.190623,0.168073,0.168097
1746.12,0.252474,0.248707,0.249503,0.247002,0.249257,0.234239,0.226414,0.228515,0.217999,0.207295,0.188489,0.181006,0.162634,0.150006
1746.5,0.238818,0.236008,0.239525,0.235119,0.234858,0.222477,0.213695,0.211536,0.20757,0.194445,0.185102,0.170794,0.158502,0.142851
1746.88,0.222938,0.225151,0.223532,0.223052,0.212294,0.212232,0.206051,0.199573,0.191246,0.177492,0.168503,0.156219,0.147672,0.143199
1747.25,0.207146,0.212966,0.204506,0.20626,0.208311,0.195624,0.196133,0.190527,0.183712,0.17185,0.163426,0.153922,0.141756,0.131569
1747.62,0.201665,0.197742,0.200167,0.198666,0.19145,0.189443,0.186064,0.1744,0.170715,0.159235,0.156472,0.149737,0.133279,0.133043
1748,0.188092,0.179939,0.183299,0.18064,0.176576,0.180643,0.174755,0.164152,0.157878,0.156117,0.146563,0.134912,0.124222,0.119318
1748.38,0.175049,0.174086,0.177199,0.168341,0.16809,0.165646,0.164063,0.15606,0.159959,0.147165,0.141923,0.129256,0.122523,0.115481
1748.75,0.167899,0.165362,0.169342,0.16545,0.164134,0.151782,0.151505,0.15068,0.146516,0.143884,0.135061,0.123746,0.109821,0.114165
1749.12,0.14691,0.159475,0.152594,0.154382,0.153183,0.150979,0.142075,0.144351,0.137503,0.126756,0.119968,0.117898,0.11462,0.112571
1749.5,0.148465,0.144913,0.144068,0.141069,0.140237,0.141237,0.14087,0.131274,0.129334,0.12059,0.113167,0.116369,0.104509,0.0990689
1749.88,0.135918,0.138668,0.144521,0.138899,0.134755,0.125843,0.133774,0.126874,0.123027,0.114148,0.116244,0.107225,0.10046,0.0994952
1750.25,0.129687,0.130811,0.133535,0.130303,0.132815,0.118937,0.120797,0.124193,0.109019,0.108997,0.102147,0.108159,0.103345,0.0906675
1750.62,0.120833,0.126712,0.128288,0.121403,0.119441,0.116657,0.117841,0.118487,0.107974,0.108236,0.100337,0.0989438,0.0983557,0.0947896
1751,0.119028,0.117287,0.125453,0.11792,0.118007,0.119736,0.112168,0.110283,0.108115,0.10065,0.0922791,0.0951538,0.085847,0.0898307
1751.38,0.107776,0.111109,0.110946,0.109206,0.111723,0.109368,0.0982802,0.0987229,0.10901,0.0888535,0.0923732,0.0876645,0.0910576,0.0864586
1751.75,0.109267,0.109483,0.107542,0.108483,0.10422,0.10391,0.099499,0.0969999,0.0943284,0.101369,0.0983543,0.0859535,0.0874726,0.0823917
1752.12,0.0975647,0.0980492,0.100155,0.0930747,0.100528,0.102449,0.0963845,0.0960219,0.104684,0.0931943,0.0853202,0.0890586,0.0788995,0.0797117
1752.5,0.0950499,0.100852,0.098857,0.0913694,0.0953915,0.102345,0.0930287,0.0881435,0.08944,0.0837419,0.0824191,0.0805098,0.0755999,0.0820587
1752.88,0.0927326,0.0947552,0.0944078,0.0910521,0.0924418,0.0860323,0.0903489,0.091574,0.086051,0.0795949,0.0867669,0.0748173,0.0776608,0.0779383
1753.25,0.096752,0.0919962,0.090847,0.0890762,0.0911349,0.0880576,0.0872334,0.0874964,0.0858026,0.0882998,0.0825413,0.0789646,0.0754241,0.0780906
1753.62,0.0860255,0.0884324,0.0894767,0.0855224,0.0818526,0.0855088,0.0783375,0.079814,0.0830859,0.0794059,0.0785394,0.071336,0.0799698,0.068048
1754,0.0887614,0.0831653,0.0816074,0.0794811,0.0788824,0.0797335,0.0771781,0.0756011,0.0767771,0.0776866,0.0763478,0.0777057,0.0747116,0.0728622
1754.38,0.0792683,0.0790882,0.0846297,0.0766362,0.0779725,0.0808765,0.0764199,0.0780199,0.0734235,0.0787626,0.0822109,0.0646372,0.075642,0.0768863
1754.75,0.0798398,0.0798428,0.0848186,0.0803985,0.0794788,0.0805686,0.0743266,0.0820959,0.071957,0.0732908,0.0744713,0.0674972,0.0657196,0.07224
1755.12,0.0670569,0.0700506,0.0830582,0.0765507,0.06913,0.0703686,0.0709515,0.072365,0.0747445,0.0753282,0.069137,0.067966,0.0681609,0.0664023
1755.5,0.0648618,0.0715375,0.0684342,0.0767572,0.0757022,0.0703211,0.0724118,0.0710902,0.0735043,0.0674056,0.0621334,0.0648847,0.0617822,0.0668383
1755.88,0.0675335,0.0666016,0.0727963,0.074909,0.0741483,0.0710408,0.0687569,0.0751808,0.0695514,0.0656168,0.0644788,0.0717092,0.0640891,0.0640398
1756.25,0.075188,0.0713244,0.0762817,0.0724021,0.0680897,0.0656419,0.0711567,0.0699014,0.0740443,0.0682408,0.0708789,0.0699529,0.0667629,0.0698449
1756.62,0.068966,0.0686563,0.0711784,0.0694973,0.0738939,0.0659629,0.0753003,0.0657039,0.0673397,0.0681837,0.0716445,0.0630605,0.066384,0.0680611
1757,0.0663585,0.069097,0.0718194,0.0728836,0.0640287,0.0730272,0.0702421,0.0647921,0.0659525,0.0626958,0.0666246,0.0668381,0.0650226,0.066708
1757.38,0.0622779,0.074459,0.0677541,0.0692487,0.0679002,0.0670346,0.0741564,0.0694353,0.0658058,0.0586578,0.0713341,0.0626866,0.0644143,0.0663946
1757.75,0.0651381,0.0595365,0.0669556,0.0605451,0.0636589,0.0613908,0.0694853,0.0677887,0.0666782,0.0665433,0.0646147,0.070272,0.0679756,0.0686122
1758.12,0.062706,0.066383,0.0677497,0.0712321,0.0710178,0.0666997,0.0645132,0.0642236,0.0601533,0.0668518,0.0581542,0.0705114,0.0700935,0.0595255
1758.5,0.0662045,0.0644623,0.0678539,0.0684211,0.0629996,0.0643965,0.0710949,0.0626094,0.0701339,0.0694609,0.0625807,0.0631045,0.0636966,0.0611256
1758.88,0.0618116,0.0636885,0.0678043,0.0638326,0.0674863,0.063385,0.061319,0.0591809,0.0650422,0.0627121,0.0673374,0.0614505,0.065986,0.0608665
1759.25,0.0657785,0.0661508,0.0602787,0.0697372,0.0630556,0.0667811,0.0625268,0.0668496,0.0595882,0.0630254,0.0580384,0.0659155,0.0664035,0.0611956
1759.62,0.0662715,0.0623698,0.066661,0.0657449,0.0602389,0.0628521,0.0619652,0.0661963,0.0651447,0.0631789,0.0616896,0.0704131,0.0633173,0.0650917
1760,0.0665604,0.0642982,0.0641345,0.0643223,0.0623908,0.0624242,0.0569657,0.0632562,0.0617513,0.0636322,0.0594683,0.0698973,0.0572772,0.05655
1760.38,0.0624774,0.068693,0.0566065,0.0692985,0.0644928,0.0649057,0.0594285,0.0627392,0.0611693,0.0671206,0.0647786,0.0580861,0.0622009,0.0675925
1760.75,0.0591954,0.06156,0.0618418,0.0600435,0.0637565,0.0619179,0.0605042,0.0634637,0.0587616,0.0600849,0.0643692,0.0593989,0.0577068,0.0589574
1761.12,0.0628941,0.0551967,0.0652991,0.0587132,0.0694377,0.0608799,0.0618821,0.0627648,0.0628756,0.0574679,0.0564431,0.0608851,0.0677119,0.0629073
1761.5,0.0681162,0.0641478,0.0719714,0.0697287,0.0660935,0.0558569,0.0582381,0.0612932,0.0600012,0.0629921,0.0662566,0.0658837,0.0627329,0.0606038
1761.88,0.0627326,0.0650136,0.0603514,0.0580358,0.0666331,0.0611754,0.0641892,0.0653934,0.0590414,0.0561754,0.0651781,0.0639385,0.0595857,0.0605604
1762.25,0.0639652,0.0597604,0.0598824,0.0625235,0.0599596,0.0647469,0.0636688,0.0595396,0.059772,0.0567074,0.0585402,0.0612628,0.057898,0.0576889
1762.62,0.0687689,0.0620022,0.0630669,0.0631722,0.0650849,0.0628402,0.0597449,0.0649992,0.0574848,0.0603075,0.0621162,0.0591979,0.0560263,0.0661507
1763,0.0564054,0.0666536,0.0605411,0.0587924,0.0659242,0.0588744,0.0636373,0.0674914,0.0628903,0.0531044,0.0598042,0.0598582,0.0656579,0.0660579
1763.38,0.0661441,0.0616768,0.0587898,0.0614768,0.0570193,0.0634647,0.0599853,0.0622586,0.0637183,0.0616129,0.0665208,0.0648413,0.0611426,0.0580458
1763.75,0.0605202,0.06409,0.0705001,0.0656753,0.0651731,0.05938,0.0606708,0.0640386,0.0582585,0.0631346,0.0616985,0.0616518,0.0576966,0.0650748
1764.12,0.0609299,0.0617803,0.0651438,0.0651766,0.0635461,0.0643188,0.0680125,0.0632434,0.064389,0.0632893,0.0683177,0.0570826,0.0654471,0.0562917
1764.5,0.0646511,0.0650666,0.0602098,0.0598867,0.0648086,0.0693431,0.0648804,0.0616989,0.0582157,0.0593201,0.0621828,0.0683769,0.0667018,0.0651295
1764.88,0.0610558,0.0631717,0.0681758,0.0652779,0.0665475,0.0637126,0.0645154,0.0625299,0.0600049,0.0661032,0.0620797,0.0617684,0.0631635,0.06383
1765.25,0.0593435,0.0621572,0.0557116,0.0642093,0.0588907,0.0658348,0.0691336,0.0605682,0.061206,0.067834,0.0640913,0.0637235,0.0649947,0.0666217
1765.62,0.0621537,0.0626865,0.0662646,0.0630264,0.0629686,0.0686404,0.0618732,0.0618189,0.0588188,0.0592676,0.0609176,0.0674115,0.062435,0.0579365
1766,0.0581164,0.0636404,0.0667961,0.0597897,0.0690612,0.0689862,0.0629994,0.0577614,0.0622367,0.0674585,0.0633363,0.0635602,0.0593407,0.0567786
1766.38,0.0660476,0.0597269,0.0635161,0.0616546,0.0601538,0.0636649,0.0681169,0.0629022,0.0612683,0.0621063,0.0674629,0.0658084,0.0597978,0.0633159
1766.75,0.0668911,0.0622423,0.0594767,0.0632221,0.0552622,0.0622692,0.0718332,0.0607635,0.0621014,0.0662821,0.0572576,0.0573167,0.0629815,0.0590234
1767.12,0.0581817,0.0604631,0.0573689,0.0621022,0.06091,0.0639071,0.0587211,0.0667874,0.0558229,0.0621829,0.060084,0.0656687,0.0568312,0.0605389
1767.5,0.0548015,0.0594528,0.0663708,0.067851,0.0629212,0.0604498,0.0651692,0.0642222,0.0634133,0.0600859,0.0709817,0.0666517,0.0638394,0.058534
1767.88,0.0622962,0.0630891,0.0648076,0.0613076,0.064261,0.054714,0.0703569,0.0545012,0.0573965,0.0691941,0.063554,0.0633467,0.0647144,0.0696345
1768.25,0.0689155,0.0631708,0.0632045,0.0577256,0.0666193,0.0630279,0.0629017,0.0585797,0.0684158,0.0615777,0.0562859,0.0649195,0.058436,0.0652057
1768.62,0.0658741,0.0602847,0.0615329,0.063907,0.0572479,0.0640525,0.0645054,0.0660787,0.067158,0.0582168,0.0633882,0.0595507,0.0670917,0.0638853
1769,0.0659355,0.0654948,0.0626449,0.0641711,0.058915,0.0633925,0.0625275,0.0572192,0.0700023,0.0672528,0.0658946,0.0648876,0.0597639,0.0602988
1769.38,0.0681469,0.0627008,0.0651147,0.0643128,0.0541769,0.0644379,0.0605568,0.0585576,0.0604679,0.0579207,0.064014,0.0613267,0.0680066,0.0702077
1769.75,0.0625795,0.0615634,0.0693935,0.0614624,0.066081,0.0604874,0.0622012,0.0622125,0.0643029,0.0634411,0.0640239,0.0686023,0.0587266,0.0583349
1770.12,0.0635671,0.0678969,0.0594278,0.0611075,0.0640028,0.0641568,0.0685394,0.066021,0.0668696,0.066035,0.0688751,0.0650764,0.0625438,0.0545872
1770.5,0.0689275,0.0697892,0.0610731,0.0596795,0.0648779,0.0610016,0.0709229,0.0607401,0.064812,0.0650448,0.064849,0.061433,0.0616382,0.0629355
1770.88,0.0705557,0.0617318,0.0650667,0.0602428,0.0642345,0.0672813,0.0681504,0.0675743,0.0606372,0.0682708,0.0616439,0.0638284,0.0639024,0.0628573
1771.25,0.0641772,0.0654179,0.0674201,0.0681986,0.0607399,0.0621033,0.0592708,0.058041,0.063241,0.0639205,0.0665662,0.064558,0.0634676,0.0684286
1771.62,0.0617275,0.0659849,0.0674159,0.0626827,0.0648156,0.0598971,0.0640807,0.0634905,0.0641086,0.0683719,0.0631381,0.0628046,0.0605533,0.0636917
1772,0.0719831,0.064742,0.0687227,0.0702804,0.0663179,0.0657603,0.0641458,0.0639079,0.0605227,0.0660726,0.0583213,0.0654139,0.0627075,0.0657648
1772.38,0.0715246,0.0655663,0.0645482,0.0675789,0.0672717,0.0617753,0.0676208,0.0661305,0.0623464,0.0664391,0.0649838,0.0657826,0.0643197,0.0622441
1772.75,0.0673873,0.0645246,0.0670238,0.0687568,0.069586,0.0609015,0.068877,0.0694759,0.0694536,0.0613792,0.0628512,0.0664523,0.0650114,0.0602802
1773.12,0.0596113,0.067257,0.0669712,0.0637084,0.0592208,0.0592562,0.0635839,0.0671274,0.067876,0.0628269,0.0615339,0.0645019,0.0666185,0.0607549
1773.5,0.0662063,0.0652729,0.0682178,0.0666758,0.0600528,0.0654871,0.0611092,0.0610763,0.0661448,0.0532747,0.0668211,0.0664501,0.0620787,0.0649757
1773.88,0.0602564,0.0678683,0.061527,0.0635949,0.063543,0.0613111,0.0673716,0.0597554,0.0613602,0.067668,0.0664013,0.0605978,0.0663546,0.0638648
1774.25,0.0603124,0.0652743,0.0701605,0.0589804,0.0665772,0.0702656,0.0655892,0.0593143,0.066818,0.0671063,0.065067,0.0659715,0.0658739,0.0716359
1774.62,0.066313,0.0637763,0.0654631,0.0560049,0.0659724,0.0557984,0.0642513,0.0676757,0.0679003,0.0616312,0.0620118,0.0698585,0.0655367,0.0668847
1775,0.0623546,0.0603402,0.0656256,0.0581448,0.0595878,0.0628298,0.0670436,0.0641914,0.0647417,0.0599667,0.0661789,0.0705031,0.0655421,0.0679681
1775.38,0.0644722,0.0619561,0.0585226,0.0640125,0.0646771,0.0586579,0.0657275,0.0642101,0.0696896,0.0612366,0.0609321,0.0663228,0.0641106,0.0641776
1775.75,0.0660782,0.0601804,0.0647965,0.0671288,0.0684224,0.0708788,0.0712472,0.0670794,0.0596481,0.0687643,0.0600963,0.0663746,0.0614132,0.0627328
1776.12,0.0603452,0.0655547,0.0678995,0.065573,0.0662885,0.068565,0.0689183,0.0647174,0.0660293,0.0736203,0.0633532,0.0608877,0.0659348,0.0630486
1776.5,0.0683795,0.0655363,0.0604728,0.0678237,0.0676557,0.0669122,0.0646857,0.0640622,0.0678268,0.0604122,0.0677085,0.0624946,0.0557755,0.0614702
1776.88,0.0653433,0.0682474,0.0687392,0.0674405,0.0642878,0.0615574,0.0604428,0.0691921,0.059431,0.0643427,0.0662583,0.0610533,0.0728334,0.0590414
1777.25,0.0629847,0.0656167,0.0696611,0.0655759,0.0584581,0.0657673,0.0668504,0.0736408,0.0648982,0.0715858,0.063734,0.0674516,0.0658913,0.0728434
1777.62,0.0635084,0.0647675,0.0604952,0.0669625,0.0697346,0.0628501,0.0681148,0.0650142,0.0681721,0.0643874,0.0658054,0.0720294,0.0660385,0.0718112
1778,0.0661599,0.0649184,0.0628809,0.0673139,0.0652469,0.0664198,0.0654965,0.0665302,0.0667563,0.0697346,0.0633817,0.067614,0.0591208,0.065617
1778.38,0.0668682,0.0602715,0.0655419,0.0636755,0.0641361,0.0681316,0.0672281,0.0609661,0.0654595,0.0601558,0.0665219,0.065436,0.0727019,0.0663664
1778.75,0.062665,0.0637817,0.0584797,0.0680117,0.0671937,0.0763122,0.0638301,0.062825,0.0688545,0.0687561,0.0679821,0.0641325,0.0666019,0.0693274
1779.12,0.062241,0.0708535,0.0694716,0.0697662,0.0621706,0.0603737,0.0639415,0.0640643,0.0673784,0.0607078,0.0623338,0.0684735,0.066087,0.0671662
1779.5,0.0655602,0.0667566,0.0637686,0.0650302,0.0678649,0.0634786,0.0687488,0.0696446,0.0709584,0.0621079,0.0694568,0.0655106,0.0619966,0.0622657
1779.88,0.0630934,0.0672825,0.0601189,0.0678574,0.062407,0.0580619,0.0659616,0.0649478,0.0591975,0.0631479,0.0603135,0.0709184,0.0606655,0.0646848
1780.25,0.062812,0.0637451,0.0659134,0.0677461,0.0647186,0.065747,0.063894,0.0671891,0.0634479,0.0620152,0.0623612,0.0660694,0.0653221,0.069688
1780.62,0.0672454,0.0685904,0.0740641,0.0666056,0.0732128,0.0650172,0.0677873,0.0647211,0.0667453,0.0702848,0.061296,0.0627415,0.0674945,0.0653614
1781,0.065748,0.0695132,0.0650066,0.0619886,0.0690944,0.068277,0.0685112,0.0613608,0.0627361,0.0649279,0.0568953,0.0631172,0.0681512,0.064172
1781.38,0.066436,0.0596573,0.0671861,0.0657394,0.0665127,0.0668704,0.0666832,0.0605866,0.0682183,0.0655995,0.0631198,0.0716233,0.0678949,0.0625206
1781.75,0.0662295,0.0646146,0.0637179,0.0688589,0.0660442,0.0686882,0.0639881,0.066818,0.0681074,0.0681696,0.0608626,0.0709957,0.0641208,0.0633218
1782.12,0.0635529,0.0679328,0.060832,0.0648941,0.0684322,0.0653937,0.0594904,0.0669287,0.0663899,0.0637436,0.0688612,0.0611692,0.0587421,0.0682695
1782.5,0.0691137,0.0672287,0.0681781,0.0638044,0.0652934,0.0645145,0.0709753,0.0699637,0.0707785,0.0658315,0.0653108,0.0678843,0.0640776,0.0672206
1782.88,0.0740886,0.0687301,0.0642011,0.05717,0.0683359,0.064145,0.0734521,0.0698579,0.0653472,0.0713694,0.0690422,0.06266,0.0658363,0.0638283
1783.25,0.0634791,0.0645318,0.0744933,0.0668078,0.0688164,0.063162,0.0576809,0.0629786,0.0652261,0.0609488,0.0626371,0.0680177,0.0733986,0.0665842
1783.62,0.0685889,0.0700362,0.0696845,0.0680908,0.0620598,0.0666527,0.0681361,0.0676116,0.0709711,0.0675218,0.0713096,0.0660867,0.0661992,0.0654365
1784,0.0681622,0.0680902,0.0707328,0.0692064,0.0660651,0.0626974,0.0710208,0.0631299,0.0629824,0.0647445,0.0662469,0.0596374,0.0640199,0.0693571
1784.38,0.0626146,0.0633703,0.0638546,0.0668295,0.0669768,0.0672274,0.0608311,0.0645531,0.0647633,0.0657296,0.0619831,0.0614254,0.0627533,0.0669897
1784.75,0.0664983,0.0616786,0.0671882,0.0682749,0.0602178,0.0693703,0.0699592,0.0676795,0.0596773,0.0639013,0.0679313,0.0714678,0.0643386,0.0674161
1785.12,0.0632093,0.065906,0.0655546,0.0697663,0.0672195,0.0677396,0.0665075,0.0649434,0.0660383,0.0627296,0.0678475,0.0639611,0.0650496,0.0652615
1785.5,0.0698374,0.0604816,0.0721516,0.0625243,0.0685629,0.0638239,0.0632483,0.0722668,0.0618569,0.0646749,0.0699111,0.0659198,0.0707082,0.0688463
1785.88,0.0679565,0.0658136,0.0677104,0.0636348,0.0642652,0.0718184,0.0613802,0.0699136,0.070927,0.0686396,0.0659228,0.0713197,0.0711422,0.059738
1786.25,0.0638451,0.0630902,0.068186,0.0660549,0.0647807,0.0643996,0.0731811,0.068563,0.067598,0.0752551,0.0641484,0.0690272,0.063893,0.07079
1786.62,0.0698864,0.065023,0.0593416,0.0686691,0.0631661,0.0694096,0.066708,0.0663998,0.0642204,0.0653366,0.071988,0.0611642,0.0668141,0.0662198
1787,0.0624733,0.0658858,0.0704846,0.0675914,0.0645076,0.0745025,0.0691247,0.0651567,0.0712902,0.0676488,0.0683496,0.065941,0.0711968,0.0680709
1787.38,0.0664629,0.0671755,0.0632802,0.0687523,0.0645597,0.0695277,0.0642973,0.0654085,0.0663736,0.0673677,0.0650707,0.0664526,0.0687786,0.0689066
1787.75,0.0714311,0.0707214,0.0728624,0.0690414,0.0667824,0.0623046,0.0626277,0.0674215,0.0699127,0.0653603,0.0668745,0.0691381,0.0729599,0.0617501
1788.12,0.0692682,0.0739539,0.0662876,0.0698094,0.0676312,0.0676436,0.0702716,0.0696102,0.0700321,0.068499,0.0698258,0.0656247,0.0687539,0.0710059
1788.5,0.0591254,0.0648036,0.0705615,0.0635893,0.0666006,0.060151,0.0678896,0.0698253,0.0643223,0.068327,0.0734466,0.0701922,0.0680781,0.0682005
1788.88,0.0721107,0.0647318,0.0705181,0.0704211,0.0705436,0.0710947,0.0687228,0.0683546,0.068783,0.0738285,0.0711595,0.0657194,0.0644934,0.0643212
1789.25,0.0739067,0.058632,0.0691962,0.0690286,0.0676305,0.0687702,0.07003,0.0714327,0.0700894,0.0671511,0.0729884,0.0674073,0.067478,0.0622208
1789.62,0.0681039,0.069253,0.0677224,0.0733354,0.0666309,0.0643841,0.0754814,0.0696422,0.0668786,0.076589,0.0670293,0.0726674,0.0689206,0.0698736
1790,0.073582,0.0652889,0.0662759,0.0680896,0.0617834,0.0696165,0.067233,0.0674434,0.0686003,0.0668677,0.0625959,0.0701053,0.0713065,0.0675827
