LogTau,F01,F02,F03,F04,F05,F06,F07,F08,F09,F10,F11,F12
-1.2,0.0180689,0.626566,1.24458,1.85505,2.47338,3.09858,3.71528,4.34396,4.96024,5.58056,6.203,6.81994
-1.18847,0.021322,0.628173,1.24159,1.86143,2.47871,3.10141,3.72297,4.34395,4.9612,5.57427,6.20428,6.82196
-1.17694,0.021296,0.62592,1.24374,1.85856,2.48003,3.09939,3.71906,4.33685,4.96738,5.58213,6.19604,6.82083
-1.16541,0.0213141,0.632459,1.24304,1.8593,2.48064,3.09651,3.72156,4.33977,4.97004,5.57876,6.20507,6.81207
-1.15388,0.0257764,0.630198,1.24549,1.85392,2.47559,3.10322,3.7183,4.34413,4.95645,5.57886,6.1981,6.81844
-1.14236,0.026599,0.625626,1.2435,1.85745,2.4829,3.09793,3.72124,4.33738,4.96422,5.57407,6.1959,6.82181
-1.13083,0.0340464,0.627997,1.24873,1.86107,2.47534,3.0981,3.71702,4.33701,4.9625,5.57771,6.19932,6.821
-1.1193,0.0426954,0.636312,1.24597,1.86487,2.47947,3.09459,3.71993,4.34332,4.9616,5.57709,6.19415,6.82441
-1.10777,0.0392018,0.636455,1.24638,1.86546,2.48581,3.09698,3.72236,4.34626,4.96192,5.57985,6.20002,6.81464
-1.09624,0.042852,0.628664,1.24705,1.86138,2.47766,3.10275,3.72022,4.3354,4.95992,5.57419,6.20116,6.82187
-1.08471,0.0518039,0.643476,1.24025,1.86117,2.47848,3.0937,3.71822,4.32962,4.96637,5.5802,6.1992,6.81717
-1.07318,0.0561507,0.642479,1.24616,1.85885,2.48508,3.09991,3.71571,4.33421,4.96247,5.5805,6.20215,6.82055
-1.06165,0.0604121,0.647653,1.2466,1.86407,2.47918,3.10309,3.72074,4.33597,4.96139,5.57552,6.19874,6.82139
-1.05013,0.061946,0.643141,1.24938,1.86179,2.47964,3.09875,3.72145,4.33947,4.965,5.5775,6.20002,6.82252
-1.0386,0.0716594,0.64611,1.24412,1.86556,2.48189,3.10125,3.71905,4.34249,4.9636,5.57657,6.19424,6.81747
-1.02707,0.0811186,0.64564,1.2572,1.87054,2.48542,3.09587,3.71702,4.33944,4.96186,5.58363,6.20017,6.82051
-1.01554,0.0799951,0.663398,1.2523,1.86384,2.4722,3.10562,3.72228,4.33723,4.96133,5.56989,6.1966,6.8151
-1.00401,0.0910704,0.655921,1.24838,1.85847,2.47802,3.10484,3.73006,4.34065,4.96704,5.57863,6.1982,6.81413
-0.992481,0.0933397,0.666632,1.24787,1.86156,2.47747,3.10144,3.71894,4.3362,4.96206,5.57336,6.19963,6.82199
-0.980952,0.104365,0.661656,1.2552,1.85978,2.47737,3.09355,3.72152,4.33986,4.95967,5.57828,6.20077,6.81955
-0.969424,0.111288,0.669186,1.25775,1.86149,2.47855,3.09646,3.72171,4.33749,4.9566,5.58339,6.19341,6.8133
-0.957895,0.127418,0.666471,1.25718,1.87224,2.47888,3.10464,3.70996,4.35079,4.95865,5.57748,6.19375,6.81637
-0.946366,0.133581,0.676612,1.26254,1.86875,2.48385,3.10768,3.72075,4.34334,4.95584,5.58056,6.19879,6.81985
-0.934837,0.150633,0.687444,1.26193,1.86267,2.47929,3.10213,3.71747,4.33675,4.96047,5.57663,6.2019,6.82599
-0.923308,0.16169,0.684267,1.26922,1.87236,2.48381,3.10606,3.72587,4.33611,4.96107,5.58777,6.20144,6.82395
-0.911779,0.17246,0.699746,1.26686,1.87588,2.48535,3.09878,3.71936,4.33836,4.95184,5.58366,6.20357,6.82296
-0.900251,0.175928,0.703426,1.27258,1.8706,2.48116,3.10061,3.71732,4.33355,4.96012,5.58452,6.20521,6.81263
-0.888722,0.197276,0.704979,1.27988,1.87066,2.48519,3.10154,3.71962,4.33723,4.96265,5.5747,6.20199,6.81938
-0.877193,0.213327,0.714701,1.28975,1.87346,2.49191,3.10343,3.72122,4.33722,4.96073,5.57561,6.19993,6.82168
-0.865664,0.228724,0.722918,1.27921,1.87753,2.48713,3.09584,3.71839,4.34373,4.95625,5.58434,6.19588,6.82134
-0.854135,0.237558,0.733115,1.28546,1.88069,2.48387,3.10596,3.7205,4.33852,4.96515,5.57924,6.19622,6.82143
-0.842607,0.257831,0.740256,1.28836,1.88475,2.48696,3.10776,3.71539,4.33709,4.9573,5.57899,6.19814,6.81884
-0.831078,0.272542,0.748723,1.29959,1.88693,2.48429,3.09817,3.72001,4.33493,4.95519,5.58136,6.20108,6.8268
-0.819549,0.290576,0.761007,1.29694,1.88906,2.49004,3.09768,3.72413,4.33562,4.95579,5.57501,6.20089,6.82567
-0.80802,0.316039,0.768884,1.30505,1.8922,2.49345,3.10487,3.72904,4.34011,4.96007,5.58313,6.20003,6.8194
-0.796491,0.327162,0.779186,1.31271,1.89204,2.48765,3.10126,3.72413,4.33956,4.96408,5.58011,6.1994,6.81585
-0.784962,0.349452,0.7961,1.31515,1.88613,2.49134,3.09485,3.72256,4.34502,4.96482,5.58196,6.20254,6.82798
-0.773434,0.372877,0.81238,1.32191,1.89483,2.49804,3.10807,3.72639,4.33803,4.96102,5.57737,6.20085,6.81756
-0.761905,0.387304,0.815899,1.33094,1.89996,2.49287,3.10601,3.72593,4.34485,4.95543,5.58212,6.20121,6.82456
-0.750376,0.41,0.835817,1.33201,1.90078,2.49722,3.1041,3.72874,4.34172,4.95761,5.57725,6.20126,6.82741
-0.738847,0.432169,0.847609,1.34267,1.90985,2.49396,3.11513,3.72666,4.34076,4.95667,5.5839,6.19784,6.816
-0.727318,0.453697,0.861327,1.35533,1.90895,2.49663,3.10797,3.72214,4.33285,4.95958,5.58461,6.19591,6.82094
-0.715789,0.470645,0.884294,1.36661,1.91118,2.49988,3.10521,3.72395,4.33583,4.95324,5.58375,6.202,6.81839
-0.704261,0.498295,0.895064,1.37483,1.92549,2.51285,3.10952,3.72398,4.34408,4.96082,5.58219,6.2017,6.82184
-0.692732,0.52616,0.91999,1.37857,1.92754,2.50486,3.10593,3.72485,4.34685,4.963,5.58267,6.19916,6.82106
-0.681203,0.537506,0.92833,1.39444,1.93128,2.50693,3.10812,3.72485,4.34223,4.95988,5.56933,6.19839,6.82756
-0.669674,0.570276,0.951025,1.41068,1.94002,2.50955,3.11388,3.72138,4.34463,4.96238,5.58351,6.20917,6.82214
-0.658145,0.590574,0.967158,1.42147,1.94686,2.51411,3.11139,3.7166,4.34014,4.95685,5.5791,6.19703,6.81975
-0.646617,0.610836,0.984178,1.43126,1.95068,2.52061,3.11319,3.72289,4.34049,4.95486,5.5806,6.1992,6.82429
-0.635088,0.644689,1.00918,1.44094,1.94661,2.5222,3.12318,3.71808,4.33956,4.95822,5.57912,6.20114,6.8187
-0.623559,0.66293,1.02634,1.4605,1.96131,2.53339,3.12159,3.72713,4.34637,4.96549,5.57472,6.19548,6.81834
-0.61203,0.678113,1.04994,1.46974,1.97021,2.53,3.12315,3.72762,4.34412,4.96508,5.57817,6.20058,6.82875
-0.600501,0.705998,1.06833,1.48205,1.9766,2.53922,3.124,3.7217,4.34213,4.95925,5.583,6.20731,6.81652
-0.588972,0.730481,1.08554,1.49876,1.99031,2.53913,3.12592,3.73204,4.3421,4.96602,5.58608,6.20387,6.81786
-0.577444,0.749501,1.11118,1.52359,2.00376,2.54535,3.13209,3.73372,4.34603,4.96005,5.57797,6.20268,6.81999
-0.565915,0.774597,1.13378,1.53507,2.00703,2.54239,3.12864,3.7317,4.34551,4.96756,5.5769,6.20254,6.8156
-0.554386,0.792661,1.15963,1.55578,2.01494,2.55325,3.13879,3.73913,4.34136,4.96362,5.58639,6.20065,6.8114
-0.542857,0.816029,1.17458,1.56672,2.03862,2.55944,3.13042,3.7412,4.35206,4.96008,5.57713,6.20406,6.82406
-0.531328,0.838843,1.20059,1.59041,2.04027,2.56509,3.13629,3.73025,4.34678,4.96528,5.58903,6.19963,6.81671
-0.519799,0.849334,1.21646,1.60279,2.04925,2.56418,3.13511,3.7407,4.34641,4.95924,5.58103,6.19859,6.8177
-0.508271,0.870942,1.24857,1.62359,2.06779,2.58345,3.1428,3.73993,4.35295,4.95886,5.57739,6.20073,6.81838
-0.496742,0.885442,1.2642,1.65364,2.08176,2.58595,3.15006,3.74158,4.35187,4.95709,5.58497,6.20398,6.81596
-0.485213,0.903974,1.28374,1.66668,2.091,2.59375,3.15788,3.74553,4.34823,4.96425,5.58793,6.20173,6.81561
-0.473684,0.913822,1.31298,1.68192,2.1113,2.60293,3.15379,3.74095,4.3516,4.96336,5.57555,6.20315,6.82056
-0.462155,0.930234,1.33963,1.70426,2.12106,2.61195,3.16113,3.74366,4.34613,4.96365,5.58768,6.19241,6.82953
-0.450627,0.944563,1.35078,1.7269,2.13473,2.62388,3.16465,3.7451,4.34889,4.96274,5.58048,6.20534,6.82291
-0.439098,0.960501,1.37379,1.75172,2.15509,2.62704,3.16844,3.74794,4.34354,4.9706,5.58774,6.21,6.82297
-0.427569,0.971756,1.39597,1.76644,2.17394,2.63877,3.17229,3.75332,4.3587,4.96367,5.58047,6.20606,6.81399
-0.41604,0.970819,1.41468,1.78315,2.18531,2.65452,3.18329,3.75086,4.34756,4.96303,5.57591,6.19953,6.81995
-0.404511,0.9805,1.44035,1.81085,2.20667,2.66532,3.18248,3.75567,4.35932,4.97152,5.58447,6.1975,6.81535
-0.392982,0.992429,1.45456,1.83397,2.22295,2.67513,3.1966,3.76556,4.35484,4.97289,5.58644,6.20211,6.82321
-0.381454,0.986602,1.47311,1.85632,2.25306,2.68676,3.20339,3.76662,4.35594,4.9693,5.59141,6.19717,6.81925
-0.369925,0.995998,1.49571,1.8831,2.25781,2.69865,3.20822,3.77233,4.36091,4.96178,5.59025,6.20414,6.82036
-0.358396,0.999273,1.50685,1.90096,2.28547,2.71522,3.21478,3.76741,4.36473,4.96721,5.5865,6.19928,6.81991
-0.346867,1.00503,1.52715,1.92466,2.2994,2.73416,3.22169,3.77628,4.36825,4.973,5.58316,6.20538,6.81799
-0.335338,1.00162,1.53608,1.93852,2.31912,2.73971,3.24356,3.78193,4.37518,4.97165,5.58246,6.20716,6.8143
-0.32381,0.994943,1.54859,1.96763,2.34286,2.76506,3.24,3.78933,4.372,4.97891,5.58383,6.19377,6.82278
-0.312281,0.990709,1.55845,1.99345,2.36416,2.77787,3.26136,3.79221,4.37674,4.96843,5.5822,6.20328,6.81501
-0.300752,0.985672,1.58442,2.00865,2.38651,2.78872,3.26776,3.80398,4.37367,4.97792,5.58499,6.19954,6.81591
-0.289223,0.98584,1.58567,2.02661,2.40381,2.81018,3.27461,3.80605,4.38197,4.97411,5.57652,6.19695,6.81954
-0.277694,0.969719,1.59664,2.0457,2.4213,2.81818,3.28263,3.81274,4.38299,4.98344,5.58808,6.20039,6.81801
-0.266165,0.960551,1.60297,2.07114,2.44286,2.83456,3.30311,3.81948,4.38402,4.9795,5.58798,6.20229,6.822
-0.254637,0.952203,1.60984,2.07851,2.4684,2.85422,3.31804,3.8294,4.38922,4.9857,5.59915,6.20763,6.82513
-0.243108,0.938074,1.61416,2.09929,2.49005,2.87605,3.32005,3.83221,4.39333,4.98091,5.59278,6.19777,6.82223
-0.231579,0.924323,1.62499,2.1183,2.51462,2.89509,3.33576,3.84651,4.39859,4.97993,5.58875,6.20846,6.82218
-0.22005,0.906058,1.61522,2.13531,2.5319,2.9134,3.35483,3.85221,4.40394,4.98334,5.59395,6.21276,6.82166
-0.208521,0.894779,1.61377,2.14555,2.55549,2.93526,3.36613,3.85976,4.4051,4.98774,5.58788,6.20755,6.8252
-0.196992,0.876335,1.61519,2.16254,2.57812,2.94604,3.38743,3.86851,4.40927,4.98862,5.59156,6.20786,6.81459
-0.185464,0.865099,1.61175,2.1732,2.59324,2.97655,3.39228,3.88006,4.42063,5.00026,5.58778,6.20618,6.82368
-0.173935,0.844484,1.61655,2.18674,2.60681,2.98912,3.41233,3.89214,4.41657,5.00375,5.60237,6.20214,6.81873
-0.162406,0.822398,1.61195,2.19657,2.62781,3.01258,3.42122,3.90241,4.42695,5.00262,5.60049,6.20965,6.81781
-0.150877,0.805053,1.59859,2.20222,2.64609,3.03415,3.45112,3.91114,4.44203,5.00074,5.59503,6.20977,6.82307
-0.139348,0.780242,1.58932,2.21521,2.677,3.05187,3.45677,3.92461,4.43175,5.00797,5.60122,6.21194,6.82184
-0.12782,0.764447,1.58463,2.2261,2.68544,3.07177,3.46823,3.93352,4.44693,5.0095,5.60712,6.22014,6.82608
-0.116291,0.738349,1.58152,2.22477,2.71132,3.09402,3.49432,3.95048,4.45995,5.02211,5.6073,6.21369,6.82855
-0.104762,0.718408,1.55338,2.23246,2.7256,3.11875,3.51241,3.95824,4.45848,5.02186,5.609,6.21348,6.81528
-0.0932331,0.688266,1.55431,2.23958,2.74623,3.14184,3.53913,3.96341,4.48376,5.02713,5.60634,6.2191,6.82477
-0.0817043,0.671898,1.53432,2.23483,2.75867,3.16228,3.54893,3.99088,4.4717,5.02842,5.60968,6.20863,6.83341
-0.0701754,0.640643,1.52815,2.24073,2.76869,3.17641,3.56936,4.00025,4.4969,5.02711,5.61525,6.21069,6.8296
-0.0586466,0.616016,1.50404,2.23534,2.78182,3.19735,3.59117,4.00988,4.50691,5.03751,5.62137,6.21511,6.83252
-0.0471178,0.59965,1.49064,2.24238,2.79552,3.21668,3.61477,4.02896,4.5143,5.04187,5.61738,6.21545,6.82781
-0.035589,0.573998,1.4683,2.24406,2.80744,3.24165,3.62799,4.04185,4.52013,5.05389,5.61942,6.22241,6.82237
-0.0240602,0.55507,1.45214,2.23857,2.81513,3.25079,3.65239,4.06985,4.53327,5.0592,5.63189,6.22004,6.82439
-0.0125313,0.540358,1.44258,2.224,2.82655,3.28252,3.67041,4.07991,4.53952,5.06235,5.62723,6.23008,6.83257
-0.00100251,0.505228,1.42063,2.22098,2.84143,3.29375,3.68734,4.08852,4.55806,5.0711,5.63913,6.23114,6.83446
0.0105263,0.483503,1.39545,2.21042,2.83535,3.3101,3.70907,4.11423,4.56251,5.08638,5.6399,6.23021,6.82868
0.0220551,0.464586,1.37275,2.20108,2.84918,3.33152,3.72909,4.12807,4.5785,5.0841,5.64681,6.22781,6.83159
0.033584,0.443873,1.34737,2.19643,2.84931,3.35055,3.74549,4.15528,4.59664,5.09248,5.65488,6.23419,6.83484
0.0451128,0.41975,1.33169,2.17341,2.85727,3.36332,3.77408,4.16167,4.6017,5.10383,5.65555,6.23751,6.82802
0.0566416,0.398647,1.31115,2.17029,2.86224,3.38091,3.78361,4.17545,4.61864,5.11094,5.66106,6.2327,6.83494
0.0681704,0.381793,1.28869,2.15222,2.85977,3.39117,3.81356,4.20352,4.63512,5.12142,5.65975,6.24125,6.84423
0.0796992,0.361107,1.26623,2.14342,2.86297,3.40861,3.83218,4.22092,4.6439,5.13507,5.6664,6.24576,6.84802
0.0912281,0.335499,1.23959,2.12299,2.85217,3.42083,3.84717,4.23989,4.66914,5.15009,5.67782,6.24707,6.84047
0.102757,0.320513,1.22123,2.10314,2.86036,3.42664,3.86332,4.25241,4.68147,5.14668,5.68778,6.25597,6.84998
0.114286,0.302777,1.19879,2.08973,2.84971,3.44301,3.88392,4.28223,4.69007,5.16479,5.69393,6.25824,6.84243
0.125815,0.280853,1.18163,2.0736,2.84959,3.44709,3.9047,4.30685,4.71234,5.17651,5.70469,6.254,6.84329
0.137343,0.269191,1.1616,2.05216,2.84162,3.45491,3.92327,4.31221,4.72619,5.18792,5.70407,6.26195,6.83972
0.148872,0.248455,1.13144,2.03471,2.82317,3.45792,3.93838,4.34424,4.74377,5.19984,5.7114,6.26251,6.85479
0.160401,0.240175,1.10703,2.01086,2.82197,3.46638,3.95753,4.35695,4.76414,5.21199,5.72275,6.27282,6.8519
0.17193,0.222126,1.08824,1.98412,2.81625,3.47545,3.96702,4.38823,4.77873,5.23055,5.7273,6.27194,6.86536
0.183459,0.207451,1.06483,1.97554,2.81089,3.47075,3.98517,4.40006,4.80345,5.23827,5.73585,6.28429,6.8601
0.194987,0.191138,1.04343,1.95366,2.79409,3.4811,3.99221,4.4169,4.81505,5.25363,5.74117,6.28762,6.86247
0.206516,0.180102,1.02574,1.9301,2.78125,3.48123,4.015,4.44119,4.84029,5.26856,5.75898,6.29571,6.85763
0.218045,0.16032,1.00183,1.9082,2.76089,3.48111,4.02519,4.45774,4.85489,5.2838,5.76078,6.2973,6.87418
0.229574,0.152172,0.988967,1.89032,2.7577,3.47017,4.03468,4.47183,4.87736,5.29789,5.77756,6.29843,6.87026
0.241103,0.147177,0.967188,1.86251,2.74379,3.47641,4.05185,4.49526,4.89077,5.31814,5.78069,6.318,6.8748
0.252632,0.126869,0.950219,1.83963,2.72046,3.47608,4.0599,4.5082,4.91002,5.33005,5.802,6.31726,6.87058
0.26416,0.129044,0.930677,1.81985,2.70252,3.46595,4.05482,4.52047,4.92661,5.34707,5.80516,6.3308,6.8873
0.275689,0.10955,0.911284,1.80359,2.6793,3.46376,4.0742,4.55264,4.95273,5.36279,5.82471,6.3347,6.89197
0.287218,0.111023,0.893796,1.77164,2.67105,3.44716,4.07515,4.55947,4.97336,5.37591,5.82745,6.34371,6.89027
0.298747,0.0966439,0.880656,1.7605,2.65952,3.45155,4.09111,4.57421,4.99723,5.39383,5.84491,6.35673,6.89799
0.310276,0.0957233,0.864059,1.73196,2.63226,3.43735,4.10162,4.59315,5.01297,5.41044,5.86465,6.35952,6.90438
0.321805,0.0862454,0.852478,1.70917,2.61468,3.43359,4.09332,4.60004,5.02773,5.43316,5.87037,6.37288,6.91212
0.333333,0.0732027,0.837457,1.698,2.59166,3.41184,4.09833,4.61464,5.04463,5.4475,5.8879,6.37084,6.91443
0.344862,0.0784704,0.818601,1.67233,2.56509,3.41013,4.09857,4.63108,5.06557,5.46428,5.90013,6.39013,6.92694
0.356391,0.0738406,0.811538,1.64768,2.55365,3.39366,4.1014,4.64324,5.08218,5.48781,5.9076,6.39593,6.92541
0.36792,0.0628678,0.793757,1.63204,2.52245,3.3842,4.1019,4.65702,5.10612,5.50743,5.93321,6.40699,6.93059
0.379449,0.0575311,0.785157,1.61827,2.50548,3.36281,4.10269,4.67177,5.12168,5.51687,5.9492,6.41858,6.93809
0.390977,0.053903,0.775568,1.60089,2.4863,3.34881,4.09071,4.67505,5.13179,5.54933,5.95887,6.43133,6.93708
0.402506,0.0469591,0.758186,1.57651,2.46755,3.34429,4.09698,4.68766,5.1492,5.56141,5.98173,6.44836,6.9516
0.414035,0.0519553,0.757203,1.56249,2.44454,3.31536,4.08192,4.6959,5.17375,5.57957,5.9927,6.44649,6.96679
0.425564,0.0424573,0.748389,1.54693,2.42336,3.29859,4.08066,4.69599,5.18533,5.60294,6.0086,6.46663,6.97209
0.437093,0.0418421,0.738685,1.52529,2.39784,3.28248,4.07705,4.70708,5.19843,5.61757,6.02963,6.47652,6.97637
0.448622,0.0366257,0.729723,1.51368,2.37499,3.26116,4.06712,4.70722,5.21876,5.63338,6.0441,6.49735,6.99001
0.46015,0.0353655,0.722586,1.49714,2.35987,3.25121,4.05139,4.71906,5.22648,5.66295,6.07345,6.50466,6.98986
0.471679,0.031134,0.713375,1.48074,2.33654,3.23416,4.04225,4.7194,5.24024,5.66807,6.07571,6.5222,7.00648
0.483208,0.0399387,0.709929,1.46716,2.31422,3.2049,4.03221,4.71938,5.25214,5.68995,6.1027,6.53317,7.01976
0.494737,0.033237,0.703035,1.45626,2.29481,3.18099,4.02198,4.71464,5.25801,5.71144,6.12166,6.55215,7.03086
0.506266,0.0369251,0.700342,1.44361,2.27872,3.17253,4.01405,4.7201,5.2804,5.72118,6.12786,6.56859,7.03574
0.517794,0.0325764,0.690367,1.42935,2.2545,3.15205,3.99077,4.71517,5.28238,5.74212,6.147,6.57831,7.05363
0.529323,0.0294501,0.691795,1.41866,2.2382,3.13056,3.98352,4.71862,5.29437,5.76076,6.1744,6.59577,7.06896
0.540852,0.0308584,0.687539,1.41418,2.21921,3.11149,3.9691,4.71184,5.30223,5.78509,6.18846,6.60586,7.07164
0.552381,0.0300854,0.682943,1.40056,2.20915,3.08297,3.95323,4.70457,5.31578,5.78771,6.21014,6.62899,7.08855
0.56391,0.0327344,0.67871,1.39384,2.19325,3.06538,3.93659,4.70603,5.31935,5.8064,6.23135,6.64769,7.09194
0.575439,0.0317849,0.680031,1.3863,2.1834,3.04023,3.92396,4.69873,5.3255,5.82399,6.2434,6.65877,7.10327
0.586967,0.0328696,0.668901,1.37562,2.15369,3.01993,3.90249,4.68603,5.32358,5.83587,6.25863,6.68241,7.12686
0.598496,0.0295316,0.675509,1.3747,2.14185,3.00955,3.88615,4.68467,5.33384,5.84431,6.2698,6.68677,7.13822
0.610025,0.0329824,0.673102,1.35524,2.13371,2.98319,3.86675,4.66954,5.33121,5.86369,6.29919,6.70497,7.15282
0.621554,0.0441714,0.672067,1.35525,2.11528,2.97551,3.85309,4.65932,5.34028,5.87474,6.31209,6.72427,7.16398
0.633083,0.036392,0.671601,1.34476,2.10153,2.94751,3.81943,4.65004,5.34147,5.88763,6.33423,6.74545,7.17976
0.644612,0.0365541,0.666903,1.34801,2.09699,2.92583,3.81303,4.63471,5.33989,5.90116,6.35077,6.76513,7.19909
0.65614,0.0439807,0.668236,1.34245,2.07673,2.91313,3.78752,4.62335,5.3471,5.91071,6.36084,6.78247,7.21793
0.667669,0.0502847,0.671872,1.32339,2.06202,2.8991,3.76797,4.61114,5.33903,5.91751,6.38944,6.80028,7.22568
0.679198,0.0410232,0.671381,1.32338,2.05055,2.87624,3.74564,4.60388,5.33632,5.92553,6.40264,6.82121,7.23569
0.690727,0.0483449,0.671094,1.32643,2.04695,2.8523,3.72243,4.58908,5.33056,5.92745,6.417,6.83417,7.26339
0.702256,0.049143,0.665084,1.32392,2.03724,2.84201,3.70876,4.56677,5.32432,5.93799,6.4237,6.84869,7.27693
0.713784,0.0472686,0.674423,1.32113,2.02155,2.82991,3.68799,4.55841,5.32312,5.94522,6.44112,6.86637,7.29369
0.725313,0.0600398,0.678328,1.31575,2.01472,2.80686,3.67325,4.53545,5.31691,5.94765,6.45433,6.89727,7.30832
0.736842,0.0599367,0.679308,1.31613,2.01302,2.79071,3.64608,4.52034,5.29966,5.95364,6.46803,6.89673,7.33368
0.748371,0.0633861,0.678057,1.3156,2.006,2.78341,3.63857,4.50514,5.30058,5.95303,6.47776,6.92256,7.34163
0.7599,0.0632972,0.672969,1.31175,1.99451,2.76603,3.61504,4.48519,5.28907,5.96462,6.49591,6.94601,7.36046
0.771429,0.0714645,0.685268,1.31562,1.99353,2.74779,3.59434,4.47579,5.2807,5.96832,6.50632,6.95876,7.36815
0.782957,0.0709564,0.683421,1.30229,1.98785,2.738,3.57418,4.44895,5.2678,5.95844,6.5174,6.96986,7.39049
0.794486,0.0761356,0.676599,1.31404,1.97351,2.72444,3.5559,4.42481,5.24928,5.96096,6.52372,6.98922,7.40735
0.806015,0.0759893,0.691159,1.30789,1.975,2.7172,3.53693,4.41629,5.23719,5.95686,6.53996,7.00834,7.42729
0.817544,0.0793904,0.686799,1.31671,1.97404,2.70563,3.52209,4.39077,5.23614,5.96036,6.54382,7.02499,7.4461
0.829073,0.093542,0.69089,1.31313,1.96673,2.69959,3.50754,4.37249,5.21618,5.95365,6.5396,7.03141,7.45897
0.840602,0.0902245,0.697029,1.31198,1.95762,2.68824,3.49052,4.34301,5.19524,5.94793,6.55465,7.05243,7.4861
0.85213,0.0975753,0.708333,1.31882,1.96268,2.67019,3.46978,4.34027,5.1875,5.94155,6.56282,7.06429,7.49201
0.863659,0.100526,0.705608,1.31576,1.96493,2.66973,3.45909,4.32091,5.16936,5.93691,6.5719,7.08107,7.51144
0.875188,0.103241,0.712193,1.31813,1.96682,2.66396,3.44183,4.30231,5.14768,5.92551,6.57096,7.09502,7.53101
0.886717,0.107403,0.722282,1.31815,1.95076,2.65507,3.43184,4.28467,5.12973,5.92451,6.57443,7.10032,7.54168
0.898246,0.116462,0.726006,1.32722,1.96944,2.65085,3.42503,4.26936,5.11596,5.91045,6.57518,7.10751,7.56537
0.909774,0.117313,0.723708,1.33249,1.95436,2.63861,3.40702,4.2445,5.10662,5.90618,6.58202,7.12587,7.58177
0.921303,0.122557,0.727794,1.33801,1.963,2.63167,3.39081,4.23079,5.08823,5.89454,6.57821,7.1417,7.59394
0.932832,0.127949,0.728494,1.33701,1.96481,2.63444,3.3737,4.20674,5.0701,5.88769,6.57736,7.14696,7.6183
0.944361,0.137312,0.735672,1.34567,1.9649,2.62227,3.3633,4.19132,5.05473,5.87185,6.5757,7.15406,7.62619
0.95589,0.140113,0.745189,1.34567,1.96304,2.61426,3.35158,4.18037,5.03837,5.86398,6.57893,7.17093,7.64181
0.967419,0.143736,0.750228,1.34957,1.95963,2.62392,3.35123,4.16152,5.00984,5.84357,6.57176,7.1646,7.65126
0.978947,0.144787,0.754356,1.35679,1.96898,2.61438,3.33589,4.13887,4.9993,5.8365,6.56352,7.17905,7.66237
0.990476,0.146359,0.763268,1.36348,1.96615,2.61403,3.33045,4.13037,4.97945,5.81945,6.56822,7.17904,7.68006
1.00201,0.160532,0.761669,1.36284,1.96179,2.60816,3.31959,4.1134,4.96015,5.80692,6.55761,7.18663,7.69431
1.01353,0.165437,0.77009,1.36837,1.98639,2.60745,3.31494,4.09658,4.9453,5.79179,6.55574,7.19109,7.70626
1.02506,0.165826,0.778874,1.37402,1.98141,2.60762,3.31331,4.08784,4.92954,5.78021,6.54893,7.20028,7.72309
1.03659,0.173343,0.783989,1.38048,1.98965,2.61077,3.29871,4.07129,4.91169,5.75299,6.54462,7.19315,7.72182
1.04812,0.179047,0.791698,1.3822,1.98283,2.61412,3.29445,4.054,4.88988,5.74665,6.53562,7.19661,7.73759
1.05965,0.183937,0.794813,1.39572,1.99672,2.60434,3.28756,4.04379,4.87696,5.72341,6.52009,7.19341,7.74495
1.07118,0.188926,0.797837,1.39596,2.00186,2.61786,3.28986,4.04385,4.87044,5.71802,6.512,7.20195,7.76712
1.08271,0.18797,0.806399,1.4055,2.00662,2.61188,3.27842,4.01987,4.84196,5.68893,6.49713,7.19757,7.76831
1.09424,0.200317,0.806832,1.40656,2.00547,2.61451,3.27475,4.01659,4.8236,5.6763,6.49803,7.19968,7.77665
1.10576,0.193638,0.810181,1.41762,2.00614,2.62406,3.27106,4.00852,4.816,5.65702,6.48155,7.19149,7.78174
1.11729,0.206328,0.824951,1.42418,2.01587,2.62402,3.26887,3.99965,4.80226,5.65363,6.47328,7.19135,7.79648
1.12882,0.208993,0.828277,1.42746,2.01361,2.62151,3.27484,3.98384,4.78714,5.62527,6.45384,7.19316,7.79723
1.14035,0.214516,0.835569,1.44384,2.02166,2.63874,3.28224,3.97973,4.76669,5.61428,6.43388,7.18377,7.80502
1.15188,0.222399,0.833337,1.44392,2.03508,2.63197,3.26751,3.97449,4.76154,5.59515,6.43474,7.18168,7.8005
1.16341,0.224529,0.844403,1.45629,2.03718,2.6408,3.27535,3.97067,4.7413,5.57369,6.41514,7.17528,7.81709
1.17494,0.217554,0.849129,1.45981,2.04709,2.64534,3.27312,3.95907,4.72734,5.56329,6.40111,7.16504,7.81697
1.18647,0.218751,0.853654,1.46015,2.05408,2.65522,3.26876,3.9518,4.71743,5.55125,6.38631,7.15281,7.81983
1.19799,0.23196,0.853577,1.46812,2.06916,2.65309,3.27361,3.95589,4.70798,5.53205,6.37392,7.15494,7.82404
1.20952,0.227626,0.866634,1.47825,2.07369,2.66458,3.2758,3.95235,4.70041,5.52101,6.3585,7.14299,7.81903
1.22105,0.23443,0.876817,1.48361,2.0755,2.66348,3.27644,3.94607,4.68978,5.50056,6.33486,7.13696,7.81908
1.23258,0.240422,0.879871,1.4904,2.08782,2.67711,3.28985,3.93942,4.67753,5.48713,6.3303,7.11512,7.82181
1.24411,0.232854,0.880914,1.49587,2.08727,2.67599,3.27785,3.94134,4.67231,5.47103,6.30846,7.10615,7.81909
1.25564,0.233131,0.88807,1.49655,2.09653,2.68424,3.29076,3.9386,4.66049,5.45981,6.29329,7.0933,7.81412
1.26717,0.244519,0.895795,1.50958,2.10909,2.70016,3.29473,3.94055,4.65595,5.45233,6.28664,7.08699,7.81226
1.2787,0.245334,0.886179,1.50825,2.10811,2.70093,3.29564,3.93179,4.6396,5.43292,6.26801,7.08285,7.80634
1.29023,0.245607,0.90098,1.52515,2.11964,2.70739,3.30348,3.93741,4.6324,5.41947,6.24764,7.06873,7.80681
1.30175,0.247932,0.907701,1.52721,2.12318,2.72339,3.31168,3.937,4.63591,5.40394,6.22635,7.05376,7.80259
1.31328,0.245274,0.912088,1.53358,2.13667,2.72351,3.3144,3.93443,4.622,5.39163,6.21934,7.04152,7.79312
1.32481,0.243348,0.919764,1.54177,2.15046,2.72659,3.32142,3.94148,4.62174,5.38928,6.20596,7.03085,7.79424
1.33634,0.249166,0.920865,1.54979,2.14865,2.74073,3.32879,3.94301,4.61857,5.36831,6.18881,7.01317,7.77355
1.34787,0.246122,0.920691,1.54887,2.16026,2.74112,3.32446,3.94397,4.61366,5.35901,6.16974,7.00231,7.77119
1.3594,0.243354,0.923508,1.55333,2.16342,2.75853,3.34536,3.95042,4.61107,5.35276,6.15743,6.98748,7.77083
1.37093,0.251613,0.928043,1.56159,2.17002,2.76711,3.35568,3.94684,4.61634,5.34253,6.14176,6.96423,7.75361
1.38246,0.248753,0.925062,1.56303,2.1772,2.76834,3.35787,3.95644,4.59914,5.34375,6.13419,6.9574,7.7397
1.39398,0.24978,0.929103,1.57246,2.19541,2.77653,3.36561,3.96294,4.61189,5.31876,6.12353,6.95029,7.74205
1.40551,0.243101,0.93465,1.58759,2.20638,2.7882,3.36375,3.96733,4.61722,5.3226,6.11168,6.92917,7.72855
1.41704,0.243082,0.940327,1.58166,2.20609,2.79605,3.37695,3.97588,4.60839,5.31756,6.09241,6.91611,7.71107
1.42857,0.240132,0.933039,1.59291,2.20838,2.80059,3.3824,3.97254,4.60906,5.30441,6.0845,6.90025,7.70808
1.4401,0.238757,0.934364,1.58897,2.22101,2.81528,3.39169,3.97744,4.61343,5.30114,6.07448,6.88683,7.68965
1.45163,0.241028,0.935935,1.59954,2.22362,2.81333,3.40646,3.99091,4.61977,5.3009,6.05942,6.87949,7.67685
1.46316,0.23483,0.940796,1.60066,2.23476,2.82823,3.40807,3.9986,4.61017,5.30178,6.0506,6.86033,7.66981
1.47469,0.236882,0.935282,1.60501,2.23912,2.83676,3.41958,4.01239,4.61825,5.28829,6.04995,6.84392,7.65647
1.48622,0.2341,0.94096,1.61054,2.24527,2.84563,3.42138,4.01381,4.62063,5.28301,6.03309,6.82241,7.64177
1.49774,0.237921,0.930594,1.618,2.25255,2.85621,3.43738,4.01556,4.62759,5.29118,6.02719,6.81969,7.63232
1.50927,0.221132,0.932796,1.61414,2.25354,2.85823,3.44745,4.03026,4.63042,5.29197,6.01389,6.80153,7.61725
1.5208,0.226951,0.931531,1.61593,2.25972,2.87355,3.4534,4.03188,4.63732,5.28374,6.00835,6.78987,7.60892
1.53233,0.21956,0.93396,1.61329,2.25967,2.87839,3.4625,4.03778,4.63833,5.27602,5.99449,6.78846,7.59594
1.54386,0.216212,0.933197,1.62093,2.26973,2.88427,3.4821,4.06282,4.64596,5.29107,5.99502,6.77662,7.58637
1.55539,0.206663,0.920896,1.61869,2.27047,2.88901,3.47889,4.06254,4.64924,5.28544,5.99428,6.75505,7.56892
1.56692,0.206668,0.920915,1.62375,2.27993,2.89716,3.48868,4.07313,4.65581,5.29228,5.99291,6.75548,7.55283
1.57845,0.207392,0.923293,1.62065,2.28073,2.91055,3.49877,4.0817,4.66481,5.28971,5.98493,6.74374,7.5404
1.58997,0.199874,0.916417,1.62785,2.28869,2.91226,3.51586,4.09601,4.67207,5.29103,5.97915,6.72907,7.53236
1.6015,0.196199,0.909813,1.61268,2.2935,2.92315,3.52846,4.09934,4.67553,5.2939,5.97349,6.72595,7.52731
1.61303,0.19028,0.916661,1.61881,2.28906,2.93368,3.53029,4.1126,4.6944,5.3053,5.96838,6.70783,7.51256
1.62456,0.191538,0.91085,1.62256,2.29421,2.93984,3.53488,4.11323,4.69577,5.30934,5.96825,6.70138,7.49482
1.63609,0.18223,0.906986,1.61634,2.29605,2.94795,3.5447,4.12143,4.69924,5.29974,5.97008,6.69284,7.48966
1.64762,0.168842,0.899033,1.61295,2.30482,2.94624,3.55919,4.14241,4.71789,5.3097,5.96383,6.68713,7.47002
1.65915,0.170145,0.900766,1.61311,2.31031,2.94851,3.55964,4.15233,4.71944,5.32615,5.97065,6.68863,7.46783
1.67068,0.160262,0.89121,1.60638,2.30817,2.96204,3.57728,4.1582,4.73363,5.32361,5.96351,6.67391,7.45166
1.68221,0.150319,0.891893,1.60978,2.30427,2.96398,3.58511,4.16676,4.74088,5.3261,5.96145,6.66935,7.44609
1.69373,0.156367,0.879025,1.61617,2.31206,2.97169,3.5875,4.17619,4.75147,5.33841,5.96622,6.66546,7.4357
1.70526,0.15897,0.874261,1.60779,2.30031,2.97134,3.59734,4.18238,4.76082,5.34518,5.96586,6.66596,7.42271
1.71679,0.148968,0.873356,1.59527,2.31215,2.97984,3.60505,4.20082,4.76764,5.35281,5.96985,6.66034,7.4162
1.72832,0.13924,0.864452,1.59243,2.30295,2.98183,3.6153,4.20673,4.78002,5.35921,5.98321,6.66227,7.40212
1.73985,0.135332,0.864567,1.59025,2.29349,2.98433,3.61164,4.21544,4.79799,5.36813,5.98175,6.6537,7.39809
1.75138,0.138808,0.857401,1.59157,2.31389,2.98612,3.62703,4.22411,4.79097,5.37608,5.9878,6.64972,7.39522
1.76291,0.130139,0.847068,1.57969,2.30791,2.98796,3.62697,4.23583,4.8103,5.38805,5.99642,6.65179,7.40031
1.77444,0.124966,0.845369,1.5754,2.29541,2.98917,3.63125,4.24252,4.82192,5.39253,6.00217,6.65348,7.38021
1.78596,0.119875,0.837919,1.57665,2.29781,2.99061,3.64024,4.25215,4.82611,5.40393,6.00091,6.64972,7.3718
1.79749,0.115615,0.837177,1.5713,2.29351,2.99475,3.64415,4.25296,4.83497,5.41402,6.01448,6.65526,7.362
1.80902,0.114121,0.825128,1.56088,2.29167,2.98941,3.64587,4.26792,4.85918,5.42953,6.01736,6.66269,7.36547
1.82055,0.108617,0.820014,1.55224,2.28188,2.99868,3.64789,4.28262,4.8591,5.43567,6.0229,6.65494,7.3503
1.83208,0.102856,0.820707,1.54467,2.28132,2.99119,3.65459,4.27954,4.87886,5.44375,6.03209,6.65984,7.35002
1.84361,0.0934897,0.818899,1.54206,2.28183,2.99502,3.66786,4.28857,4.88254,5.45647,6.03242,6.66802,7.35155
1.85514,0.0954622,0.812026,1.52978,2.27645,2.98979,3.6732,4.29983,4.89045,5.4662,6.04312,6.6635,7.34272
1.86667,0.0865302,0.798382,1.5354,2.27566,2.98784,3.67085,4.30697,4.90166,5.47925,6.0543,6.66669,7.35177
1.8782,0.0895889,0.793128,1.52346,2.26619,2.99523,3.67549,4.31219,4.91174,5.4873,6.06593,6.67021,7.34858
1.88972,0.0761763,0.792545,1.52138,2.27001,2.98374,3.67076,4.30944,4.92319,5.50286,6.07103,6.68116,7.3411
1.90125,0.076861,0.780116,1.52031,2.25223,2.97737,3.67419,4.32379,4.92929,5.51149,6.0813,6.68709,7.34091
1.91278,0.0736397,0.770964,1.51082,2.25035,2.97674,3.67687,4.32257,4.93699,5.51637,6.0952,6.69035,7.33818
1.92431,0.0647373,0.769656,1.49475,2.23564,2.97507,3.67224,4.32915,4.94575,5.52526,6.1067,6.69746,7.33875
1.93584,0.0734015,0.765384,1.49601,2.23206,2.98133,3.673,4.33941,4.95884,5.54079,6.11403,6.70916,7.3476
1.94737,0.0689453,0.75473,1.49029,2.23594,2.96955,3.67732,4.3404,4.96481,5.54959,6.12611,6.7147,7.35032
1.9589,0.0579529,0.746016,1.47579,2.22021,2.96813,3.6752,4.34879,4.96537,5.55731,6.12963,6.71317,7.35178
1.97043,0.0597117,0.741502,1.46805,2.21929,2.95572,3.67134,4.36171,4.97437,5.56183,6.14036,6.72664,7.35451
1.98195,0.0550716,0.744658,1.46452,2.20993,2.95613,3.67584,4.35537,4.98545,5.57032,6.15328,6.73534,7.35478
1.99348,0.0401489,0.733815,1.45165,2.19886,2.95209,3.67151,4.35787,4.98852,5.5888,6.1613,6.74635,7.36257
2.00501,0.048765,0.731245,1.45706,2.19438,2.95099,3.6745,4.35368,4.99605,5.60007,6.17101,6.75142,7.35981
2.01654,0.0447914,0.727738,1.43472,2.18632,2.93508,3.66784,4.35654,4.99992,5.60958,6.19022,6.75886,7.37081
2.02807,0.0427551,0.72456,1.43312,2.17893,2.93408,3.6637,4.35627,5.00851,5.61039,6.19337,6.76897,7.38221
2.0396,0.035611,0.716063,1.42972,2.1763,2.92641,3.66205,4.35937,5.01669,5.62862,6.20086,6.77329,7.38758
2.05113,0.0364467,0.714842,1.42322,2.16822,2.9144,3.65709,4.35765,5.02401,5.63101,6.21717,6.79009,7.3868
2.06266,0.0345241,0.70486,1.41819,2.15557,2.91145,3.65097,4.35946,5.0247,5.64311,6.233,6.79778,7.39412
2.07419,0.037808,0.702677,1.41209,2.14648,2.9033,3.64751,4.36089,5.03718,5.65134,6.23633,6.81217,7.40818
2.08571,0.0323151,0.695862,1.40373,2.14342,2.88766,3.64724,4.35691,5.03237,5.65428,6.25116,6.81646,7.41739
2.09724,0.0289778,0.700456,1.4028,2.13406,2.89178,3.64159,4.35397,5.04881,5.66261,6.25459,6.82919,7.41211
2.10877,0.033237,0.691924,1.38348,2.13074,2.88378,3.63856,4.3525,5.04296,5.66384,6.26433,6.83748,7.42464
2.1203,0.0231169,0.685313,1.38593,2.12941,2.87194,3.62073,4.35762,5.04342,5.67527,6.27331,6.84764,7.43584
2.13183,0.02209,0.683234,1.37709,2.11435,2.86027,3.61969,4.35346,5.04146,5.67817,6.28508,6.86526,7.44861
2.14336,0.0147806,0.680263,1.37462,2.10306,2.86335,3.61306,4.35432,5.03373,5.69319,6.30237,6.87116,7.44945
2.15489,0.0268111,0.680592,1.36924,2.09478,2.85017,3.60856,4.35097,5.04552,5.69736,6.29953,6.88536,7.46472
2.16642,0.0229633,0.66818,1.35912,2.08436,2.84476,3.59895,4.34158,5.0475,5.70603,6.31958,6.88963,7.47048
2.17794,0.0214259,0.667318,1.35474,2.07654,2.83783,3.59132,4.34137,5.05467,5.70865,6.31761,6.90496,7.49096
2.18947,0.0191647,0.666987,1.35516,2.06862,2.82153,3.58887,4.32828,5.04118,5.70912,6.32903,6.9082,7.49306
2.201,0.0157353,0.675789,1.34822,2.06359,2.81823,3.57858,4.33813,5.05359,5.71704,6.34133,6.92333,7.50084
2.21253,0.0150343,0.666768,1.33908,2.05611,2.80535,3.56511,4.32836,5.04376,5.71764,6.34819,6.9334,7.51022
2.22406,0.0121109,0.659908,1.34509,2.05354,2.79736,3.56682,4.31693,5.046,5.72474,6.35416,6.94776,7.52608
2.23559,0.0113169,0.66073,1.34145,2.04183,2.78857,3.55698,4.30698,5.03082,5.72621,6.35343,6.956,7.53491
2.24712,0.0114237,0.663757,1.32179,2.03561,2.7802,3.54204,4.30666,5.03897,5.72318,6.36811,6.96424,7.53824
2.25865,0.0163889,0.652353,1.32443,2.02463,2.77597,3.53884,4.29084,5.03402,5.72887,6.36882,6.97775,7.55388
2.27018,0.0117565,0.649694,1.329,2.02932,2.76335,3.52362,4.28805,5.03466,5.73033,6.38903,6.98439,7.55807
2.2817,0.00854606,0.653987,1.31798,2.01815,2.75362,3.52198,4.28672,5.0284,5.72965,6.38335,6.99475,7.57082
2.29323,0.00575984,0.649201,1.31177,2.0168,2.74456,3.50741,4.27628,5.01914,5.73476,6.38999,7.00438,7.57902
2.30476,0.00488351,0.648096,1.30624,2.0065,2.73853,3.49579,4.266,5.02275,5.73785,6.38924,7.00948,7.58919
2.31629,0.0132264,0.641662,1.30124,2.00309,2.72516,3.48815,4.26349,5.01659,5.72887,6.39607,7.01669,7.60197
2.32782,0.00827771,0.649771,1.29904,1.99012,2.7184,3.47715,4.247,5.01064,5.72781,6.39653,7.02698,7.61089
2.33935,0.00599747,0.647382,1.29431,1.98812,2.71196,3.47151,4.24354,5.00634,5.71862,6.40888,7.03147,7.62691
2.35088,0.00385734,0.641366,1.29626,1.99037,2.70177,3.46194,4.23144,5.00038,5.72502,6.4067,7.04181,7.63779
2.36241,0.00035684,0.640482,1.2886,1.96912,2.69554,3.45186,4.22088,4.9892,5.72125,6.41232,7.05143,7.64326
2.37393,0.00411056,0.628358,1.28547,1.97335,2.68567,3.43997,4.21677,4.97681,5.71134,6.40918,7.05679,7.64915
2.38546,0.00748944,0.637819,1.27961,1.97023,2.68836,3.41804,4.20143,4.96931,5.71767,6.41128,7.05782,7.66609
2.39699,0.00207126,0.633365,1.28153,1.96008,2.67804,3.42357,4.20335,4.97253,5.71496,6.41932,7.05978,7.6637
2.40852,0.0024069,0.634822,1.27559,1.95659,2.66704,3.40617,4.1836,4.96194,5.7053,6.41069,7.06983,7.67279
2.42005,0.00213221,0.634828,1.27601,1.95394,2.65769,3.40533,4.18399,4.95117,5.70195,6.40729,7.07427,7.6919
2.43158,0.00317944,0.629809,1.27858,1.9416,2.65949,3.39954,4.16164,4.94041,5.69434,6.41555,7.08347,7.69975
2.44311,-0.0038837,0.623549,1.27368,1.94158,2.645,3.38686,4.15834,4.93339,5.69561,6.4083,7.08135,7.70886
2.45464,0.00131502,0.630976,1.27215,1.93215,2.63651,3.37503,4.14095,4.92422,5.68044,6.40957,7.08541,7.71157
2.46617,-0.00137322,0.625788,1.26958,1.92889,2.63139,3.36679,4.13016,4.9134,5.6788,6.41295,7.09208,7.71453
2.47769,0.00538852,0.626733,1.26652,1.92524,2.62489,3.35801,4.12591,4.90235,5.68102,6.40353,7.08967,7.72434
2.48922,-0.00140967,0.624985,1.26401,1.92345,2.62297,3.34749,4.1177,4.904,5.6662,6.40734,7.0929,7.73507
2.50075,0.00381893,0.625432,1.26162,1.92106,2.61109,3.33862,4.09961,4.88626,5.66029,6.39766,7.10185,7.73574
2.51228,0.00746079,0.616999,1.26431,1.91888,2.61358,3.32866,4.09916,4.87275,5.64991,6.40243,7.10194,7.74162
2.52381,-2.58602e-05,0.630585,1.25545,1.90795,2.59585,3.32865,4.08097,4.85964,5.63754,6.3974,7.099,7.74404
2.53534,-0.00130016,0.626248,1.26375,1.91873,2.59653,3.31553,4.07446,4.85148,5.63352,6.38539,7.09756,7.74975
2.54687,0.00176067,0.629234,1.25721,1.91237,2.5843,3.31126,4.06527,4.84668,5.62639,6.38116,7.09213,7.76215
2.5584,0.000885878,0.632296,1.25285,1.90776,2.59031,3.29844,4.05601,4.83614,5.6115,6.37298,7.09725,7.76448
2.56992,-0.003172,0.624087,1.25273,1.90061,2.57663,3.2919,4.03639,4.82144,5.6075,6.37099,7.09378,7.76143
2.58145,0.00256325,0.616436,1.25089,1.89913,2.57281,3.28328,4.04009,4.81166,5.6014,6.36825,7.09247,7.76473
2.59298,0.00870664,0.619746,1.25323,1.89928,2.57201,3.27833,4.026,4.79932,5.59073,6.35092,7.08707,7.76932
2.60451,-0.000455638,0.618197,1.24876,1.89639,2.56878,3.27248,4.01228,4.78514,5.56994,6.35304,7.08615,7.7758
2.61604,-0.000295868,0.620744,1.25531,1.88561,2.55492,3.26301,4.00024,4.78379,5.56197,6.33637,7.08205,7.77045
2.62757,-0.00371925,0.622818,1.24679,1.89343,2.55377,3.25242,3.98804,4.76907,5.54882,6.33014,7.08016,7.77553
2.6391,0.00168715,0.614261,1.24005,1.90037,2.54553,3.24525,3.97998,4.76648,5.54878,6.318,7.08025,7.76816
2.65063,-0.0046218,0.623428,1.2455,1.87896,2.54778,3.24845,3.97835,4.74256,5.536,6.32479,7.07117,7.7718
2.66216,-0.00410179,0.615824,1.23972,1.88884,2.5431,3.23432,3.96571,4.73408,5.52529,6.30751,7.05783,7.77812
2.67368,0.00540855,0.622878,1.24697,1.8846,2.53855,3.2281,3.95361,4.72725,5.50775,6.29884,7.05486,7.77913
2.68521,-0.00336426,0.621089,1.25078,1.88105,2.5338,3.22913,3.94725,4.71188,5.49528,6.28546,7.04626,7.76947
2.69674,0.00455402,0.620125,1.2486,1.88564,2.53174,3.22182,3.947,4.69652,5.48883,6.28244,7.04283,7.7691
2.70827,0.00630011,0.620953,1.24016,1.87376,2.52719,3.214,3.93099,4.68756,5.47742,6.25951,7.04123,7.77302
2.7198,0.00121682,0.618964,1.242,1.87797,2.52933,3.20485,3.92172,4.68115,5.46203,6.25753,7.03319,7.76537
2.73133,0.00237241,0.618562,1.25174,1.88207,2.53046,3.21062,3.92139,4.6716,5.4544,6.25551,7.02139,7.76139
2.74286,0.0079494,0.61418,1.2455,1.87409,2.51398,3.19774,3.90995,4.65945,5.44476,6.23421,7.01667,7.7618
2.75439,-0.000662938,0.6207,1.24388,1.87209,2.51869,3.19349,3.90059,4.65357,5.43143,6.22465,7.00403,7.75618
2.76591,-0.00226266,0.628118,1.24775,1.87326,2.51505,3.18594,3.89048,4.64338,5.41469,6.21594,6.99247,7.75507
2.77744,-0.00531656,0.628582,1.25303,1.87001,2.51639,3.17646,3.8794,4.6307,5.39873,6.1985,6.98327,7.74854
2.78897,0.000251661,0.625879,1.24812,1.8773,2.50843,3.17246,3.87383,4.61966,5.39451,6.19019,6.97588,7.73733
2.8005,0.00599118,0.623353,1.24323,1.86638,2.50958,3.17527,3.86968,4.60885,5.38461,6.18215,6.97508,7.73301
2.81203,0.00390392,0.617769,1.24385,1.87292,2.50405,3.17123,3.86402,4.60253,5.37136,6.16718,6.95387,7.72665
2.82356,-0.00371085,0.626195,1.24467,1.86346,2.50914,3.16488,3.85982,4.59465,5.35921,6.15587,6.9537,7.71442
2.83509,-0.00337108,0.620154,1.23955,1.87068,2.505,3.15751,3.85429,4.58203,5.34675,6.1409,6.9433,7.70852
2.84662,-0.00197252,0.620063,1.23758,1.86687,2.5023,3.15293,3.84687,4.57459,5.34106,6.13139,6.92627,7.70849
2.85815,0.00120771,0.619136,1.24186,1.85609,2.50287,3.15405,3.84095,4.56268,5.32678,6.11813,6.91557,7.68997
2.86967,-0.000787478,0.620636,1.2377,1.86615,2.49894,3.14635,3.83033,4.54971,5.31637,6.11147,6.90186,7.69172
2.8812,0.000887299,0.618498,1.2411,1.86128,2.49233,3.15273,3.82023,4.54292,5.30101,6.09627,6.89255,7.67988
2.89273,0.00121267,0.619877,1.24161,1.86337,2.49963,3.15085,3.82144,4.54176,5.29156,6.0801,6.88342,7.66882
2.90426,-0.00117269,0.61585,1.25047,1.8711,2.49718,3.15479,3.81458,4.53246,5.28398,6.05901,6.86881,7.66185
2.91579,-0.000141193,0.618673,1.23759,1.85977,2.49426,3.14437,3.81084,4.52921,5.26874,6.05939,6.86058,7.65158
2.92732,0.000843328,0.629271,1.24041,1.85964,2.49774,3.13599,3.8076,4.51546,5.25732,6.04732,6.84902,7.64418
2.93885,-0.000321148,0.619853,1.24015,1.86958,2.49767,3.1325,3.79915,4.51129,5.25079,6.02845,6.83322,7.62708
2.95038,0.00202687,0.619162,1.24248,1.86382,2.48748,3.11994,3.79529,4.50592,5.24684,6.01199,6.82061,7.61685
2.9619,0.00749458,0.622232,1.24484,1.86939,2.48784,3.12923,3.79512,4.49761,5.23291,6.00337,6.80642,7.60559
2.97343,0.00237748,0.622923,1.23863,1.86411,2.49633,3.12889,3.79194,4.48441,5.22827,5.99967,6.79534,7.60269
2.98496,0.000231543,0.615625,1.23724,1.85891,2.49505,3.13156,3.78498,4.47953,5.21238,5.97984,6.77674,7.58724
2.99649,-0.0067373,0.619242,1.23391,1.86204,2.4857,3.12833,3.78589,4.47441,5.20234,5.9705,6.77,7.56782
3.00802,0.00155802,0.623735,1.23672,1.86716,2.48326,3.12653,3.77947,4.46378,5.18888,5.96157,6.75636,7.55808
3.01955,-0.00778137,0.621134,1.24252,1.86578,2.48481,3.12342,3.77288,4.46366,5.18322,5.95407,6.73924,7.54428
3.03108,-0.00563153,0.620536,1.24052,1.86174,2.48479,3.12369,3.77389,4.46009,5.18254,5.93771,6.73842,7.53468
3.04261,0.00342252,0.626258,1.23624,1.86178,2.4799,3.12541,3.77817,4.44851,5.16959,5.92615,6.71311,7.52285
3.05414,0.00282835,0.617326,1.23878,1.86097,2.48586,3.11401,3.76499,4.45296,5.16291,5.91328,6.70071,7.51841
3.06566,-0.000596831,0.620363,1.24037,1.85892,2.48015,3.11517,3.76955,4.43874,5.1547,5.91108,6.69252,7.48897
3.07719,-0.00683754,0.617948,1.24223,1.86912,2.48,3.11026,3.76773,4.43411,5.14396,5.89807,6.67096,7.4874
3.08872,-0.00148324,0.625986,1.23782,1.86109,2.48811,3.12117,3.76567,4.42918,5.13551,5.88285,6.66288,7.47191
3.10025,-0.00271311,0.612214,1.23917,1.85631,2.48134,3.11883,3.75398,4.4227,5.12935,5.86726,6.64739,7.45415
3.11178,0.00254894,0.617338,1.23288,1.8589,2.48345,3.11567,3.76304,4.42278,5.12432,5.85949,6.63714,7.4431
3.12331,0.00903227,0.6179,1.23553,1.86377,2.48593,3.10694,3.75328,4.41694,5.11644,5.85496,6.6281,7.42841
3.13484,0.000868871,0.622669,1.24659,1.86334,2.48638,3.11157,3.74974,4.41944,5.10976,5.83995,6.61765,7.41726
3.14637,-0.00311626,0.622438,1.23135,1.86007,2.48151,3.10913,3.74788,4.41132,5.10181,5.83681,6.60864,7.40774
3.15789,-0.00468137,0.625592,1.23874,1.85782,2.48279,3.10964,3.74936,4.40731,5.09173,5.82529,6.59545,7.38424
3.16942,-0.000223667,0.613713,1.24096,1.86061,2.47908,3.10786,3.74542,4.4007,5.08758,5.81583,6.58511,7.38225
3.18095,-0.000706569,0.62301,1.23858,1.85358,2.48916,3.11003,3.74286,4.39252,5.07889,5.8083,6.57102,7.36215
3.19248,-0.00460556,0.618834,1.23683,1.85506,2.48458,3.10576,3.74715,4.39455,5.0809,5.79892,6.55526,7.35638
3.20401,0.000465856,0.617344,1.23981,1.86366,2.47739,3.11019,3.73765,4.3884,5.06291,5.78496,6.5502,7.33876
3.21554,-0.00460329,0.622164,1.24003,1.85836,2.48165,3.10721,3.73499,4.39264,5.06508,5.77876,6.53259,7.32888
3.22707,0.00444874,0.616324,1.23972,1.86184,2.48434,3.10458,3.74103,4.38588,5.07033,5.78132,6.52107,7.31309
3.2386,0.00425087,0.611696,1.23253,1.86528,2.48327,3.10484,3.73945,4.38997,5.05443,5.75924,6.51879,7.30216
3.25013,0.00433923,0.618523,1.23944,1.86291,2.48854,3.1031,3.73986,4.38368,5.04647,5.75451,6.50519,7.28511
3.26165,-0.00189601,0.614012,1.23661,1.8603,2.4866,3.10773,3.73011,4.38165,5.04633,5.75323,6.49248,7.26873
3.27318,0.00205824,0.617407,1.23784,1.86894,2.47885,3.10302,3.73771,4.37692,5.04714,5.7411,6.48437,7.26207
3.28471,-0.000528144,0.621488,1.24093,1.86292,2.48056,3.10495,3.73436,4.37463,5.03709,5.73148,6.47484,7.24966
3.29624,-0.00155514,0.62125,1.24258,1.85869,2.4757,3.10189,3.73859,4.37433,5.03612,5.72265,6.45607,7.24281
3.30777,-0.00135649,0.626349,1.2436,1.86315,2.48174,3.09723,3.72571,4.37343,5.03016,5.7235,6.45153,7.21407
3.3193,-0.00519878,0.619203,1.23803,1.8618,2.48128,3.10652,3.73079,4.36503,5.02454,5.71908,6.4378,7.2092
3.33083,-0.00577539,0.613868,1.24371,1.85659,2.49142,3.09842,3.72808,4.36807,5.03506,5.71444,6.43383,7.20229
3.34236,0.00317732,0.616977,1.24471,1.86039,2.48094,3.10514,3.72214,4.37491,5.01932,5.70311,6.42171,7.18122
3.35388,-0.000764895,0.616323,1.24456,1.85941,2.47212,3.1039,3.72501,4.36248,5.01362,5.70133,6.42109,7.17373
3.36541,0.000865739,0.615129,1.24557,1.85199,2.47776,3.0954,3.73178,4.36033,5.01069,5.68748,6.40923,7.17171
3.37694,0.00400687,0.621742,1.23943,1.85936,2.48085,3.09807,3.72484,4.35717,5.0112,5.68695,6.39563,7.15767
3.38847,-0.0069325,0.61742,1.23931,1.85889,2.47534,3.09963,3.72331,4.35282,5.00848,5.67842,6.39074,7.13743
3.4,-0.0031365,0.612091,1.24331,1.85825,2.47685,3.09825,3.72919,4.36212,5.00723,5.67688,6.37814,7.13584
