basis,task,nominal,n_predictions,n_realizations,n_covered,coverage,clopper_pearson_low,clopper_pearson_high,mean_width_ratio_hi_over_lo,mean_half_width_factor,postmean_multiplicative_rmse
arrhenius_linear,e2_same_formulation_anchor,0.5,8,4,3,0.375,0.08523341413725354,0.7551367836334484,1.1595430359989392,1.076778091160711,1.1428982528117582
arrhenius_linear,e2_same_formulation_anchor,0.8,8,4,6,0.75,0.3491442055871758,0.9681459737500557,1.3321524043844093,1.154020971933233,1.1428982528117582
arrhenius_linear,e2_same_formulation_anchor,0.95,8,4,6,0.75,0.3491442055871758,0.9681459737500557,1.568034958420296,1.2518026117904382,1.1428982528117582
arrhenius_linear,lofo_anchor,0.5,180,6,85,0.4722222222222222,0.3975103897046438,0.5478639139210921,1.1317978187482274,1.0637255389384188,1.1189567200234891
arrhenius_linear,lofo_anchor,0.8,180,6,132,0.7333333333333333,0.6624380159066989,0.7963721686515529,1.274577145455372,1.1284816884490372,1.1189567200234891
arrhenius_linear,lofo_anchor,0.95,180,6,162,0.9,0.8465649683471653,0.9396495982195368,1.4800670090448413,1.215485149509386,1.1189567200234891
arrhenius_linear,strict_holdout,0.5,12,6,2,0.16666666666666666,0.020862525460092384,0.48413774868596704,1.0814743780206124,1.0399058720312535,1.1687465852659273
arrhenius_linear,strict_holdout,0.8,12,6,4,0.3333333333333333,0.09924609114958328,0.6511244935811844,1.1713870065739513,1.082198925921442,1.1687465852659273
arrhenius_linear,strict_holdout,0.95,12,6,7,0.5833333333333334,0.2766696856821058,0.8483477701915698,1.3096058169355818,1.1442319753572299,1.1687465852659273
arrhenius_linear,lofo_anchor_120C_only,0.5,30,6,14,0.4666666666666667,0.283418079183537,0.6567447618392659,1.1314696863911575,1.0635699600463182,1.1143441732467643
arrhenius_linear,lofo_anchor_120C_only,0.8,30,6,24,0.8,0.6143334890033929,0.9228644879989344,1.2737062701797053,1.1280939777270134,1.1143441732467643
arrhenius_linear,lofo_anchor_120C_only,0.95,30,6,27,0.9,0.7347115495257919,0.9788828629702774,1.4776710073600834,1.2144850746962912,1.1143441732467643
arrhenius_linear,lofo_anchor_E2_held,0.5,120,4,38,0.31666666666666665,0.23478487047894075,0.4078469324799685,1.106473235084021,1.0518875818891502,1.137752135804611
arrhenius_linear,lofo_anchor_E2_held,0.8,120,4,72,0.6,0.5066106947209386,0.6883322062887018,1.2214905169391177,1.1051996949277956,1.137752135804611
arrhenius_linear,lofo_anchor_E2_held,0.95,120,4,102,0.85,0.7733328565873716,0.90861042747177,1.3911305569582306,1.1794311871034477,1.137752135804611
arrhenius_linear,lofo_anchor_E1_E3_held,0.5,60,2,47,0.7833333333333333,0.6580438212653474,0.8792839755373032,1.1824469860766398,1.0874014530369556,1.070089031064247
arrhenius_linear,lofo_anchor_E1_E3_held,0.8,60,2,60,1.0,0.9403705077138331,1.0,1.3807504024878803,1.1750456754915202,1.070089031064247
arrhenius_linear,lofo_anchor_E1_E3_held,0.95,60,2,60,1.0,0.9403705077138331,1.0,1.6579399132180628,1.2875930743212618,1.070089031064247
arrhenius_linear,all_anchor_tasks_pooled,0.5,200,6,90,0.45,0.3797535899788847,0.5217506890064616,1.1298882209945988,1.0628184610128804,1.1234126376826752
arrhenius_linear,all_anchor_tasks_pooled,0.8,200,6,142,0.71,0.6418125478377088,0.7718430106364881,1.2706887474796482,1.1267262940367493,1.1234126376826752
arrhenius_linear,all_anchor_tasks_pooled,0.95,200,6,175,0.875,0.8210262499212005,0.9174476581711831,1.473358055493304,1.2126626575514985,1.1234126376826752
quadratic_z,e2_same_formulation_anchor,0.5,8,4,5,0.625,0.2448632163665516,0.9147665858627465,1.1007367803477464,1.049092981740127,1.0867504931530656
quadratic_z,e2_same_formulation_anchor,0.8,8,4,6,0.75,0.3491442055871758,0.9681459737500557,1.2039906106479281,1.0970035361009207,1.0867504931530656
quadratic_z,e2_same_formulation_anchor,0.95,8,4,6,0.75,0.3491442055871758,0.9681459737500557,1.3399325978251295,1.1568785192154878,1.0867504931530656
quadratic_z,lofo_anchor,0.5,180,6,57,0.31666666666666665,0.24947310151763696,0.3900177134532536,1.0560382097596028,1.027414936376067,1.0839185497428976
quadratic_z,lofo_anchor,0.8,180,6,88,0.4888888888888889,0.4138046261658007,0.5643450732986436,1.113538653469435,1.0544011022449007,1.0839185497428976
quadratic_z,lofo_anchor,0.95,180,6,110,0.6111111111111112,0.5357623324163381,0.682736380276256,1.1909374358548355,1.089202925343899,1.0839185497428976
quadratic_z,loro_anchor,0.5,180,6,111,0.6166666666666667,0.5414117556371018,0.6880114066127334,1.1074051060118661,1.0522800987405831,1.0822521438045287
quadratic_z,loro_anchor,0.8,180,6,147,0.8166666666666667,0.7522806972818404,0.8703135231298369,1.2176987580613947,1.1032891140982335,1.0822521438045287
quadratic_z,loro_anchor,0.95,180,6,162,0.9,0.8465649683471653,0.9396495982195368,1.3627625075023502,1.1668511985634944,1.0822521438045287
quadratic_z,strict_holdout,0.5,12,6,4,0.3333333333333333,0.09924609114958328,0.6511244935811844,1.0604586495409773,1.0296798825749365,1.0884428878934072
quadratic_z,strict_holdout,0.8,12,6,7,0.5833333333333334,0.2766696856821058,0.8483477701915698,1.1280882310955114,1.0617396500254401,1.0884428878934072
quadratic_z,strict_holdout,0.95,12,6,10,0.8333333333333334,0.5158622513140328,0.9791374745399076,1.241834380235475,1.1135390698922008,1.0884428878934072
quadratic_z,lofo_anchor_120C_only,0.5,30,6,11,0.36666666666666664,0.19929862501203444,0.5614401509880425,1.0553454781759737,1.0270794987145309,1.0991935145678573
quadratic_z,lofo_anchor_120C_only,0.8,30,6,14,0.4666666666666667,0.283418079183537,0.6567447618392659,1.1119984866389647,1.0536799282738618,1.0991935145678573
quadratic_z,lofo_anchor_120C_only,0.95,30,6,19,0.6333333333333333,0.43855984901195755,0.8007013749879655,1.187843160927777,1.0878215399078102,1.0991935145678573
quadratic_z,lofo_anchor_E2_held,0.5,120,4,13,0.10833333333333334,0.05895830622908504,0.17812743838894268,1.0247954043046303,1.0123215478858196,1.098489387293494
quadratic_z,lofo_anchor_E2_held,0.8,120,4,28,0.23333333333333334,0.1609916880964628,0.31927748928006044,1.0498738451062455,1.024632562375381,1.098489387293494
quadratic_z,lofo_anchor_E2_held,0.95,120,4,50,0.4166666666666667,0.32736767000327865,0.5101784457977024,1.084624515578195,1.0414502662730898,1.098489387293494
quadratic_z,lofo_anchor_E1_E3_held,0.5,60,2,44,0.7333333333333333,0.6033896599745044,0.8392535484095847,1.118523820669548,1.0576017133565618,1.043741055691818
quadratic_z,lofo_anchor_E1_E3_held,0.8,60,2,60,1.0,0.9403705077138331,1.0,1.240868270195814,1.113938181983941,1.043741055691818
quadratic_z,lofo_anchor_E1_E3_held,0.95,60,2,60,1.0,0.9403705077138331,1.0,1.4035632764081165,1.184708243485517,1.043741055691818
quadratic_z,all_anchor_tasks_pooled,0.5,200,6,66,0.33,0.2652982034725618,0.39982926033305477,1.058091378970011,1.0284179549625616,1.0843105993680104
quadratic_z,all_anchor_tasks_pooled,0.8,200,6,101,0.505,0.4335866549750118,0.5762629496829226,1.1180297064141393,1.056545512465974,1.0843105993680104
quadratic_z,all_anchor_tasks_pooled,0.95,200,6,126,0.63,0.5590535152152594,0.6970301757287629,1.1999510589964857,1.0933701177716606,1.0843105993680104
cubic_z,e2_same_formulation_anchor,0.5,8,4,5,0.625,0.2448632163665516,0.9147665858627465,1.1038920068420173,1.0505918154710239,1.0857137546945017
cubic_z,e2_same_formulation_anchor,0.8,8,4,6,0.75,0.3491442055871758,0.9681459737500557,1.2099812217678525,1.0997175660620209,1.0857137546945017
cubic_z,e2_same_formulation_anchor,0.95,8,4,6,0.75,0.3491442055871758,0.9681459737500557,1.3495732352317575,1.1609928454169989,1.0857137546945017
cubic_z,lofo_anchor,0.5,180,6,62,0.34444444444444444,0.2753401887928887,0.4187678901662759,1.059488276212467,1.029091589932032,1.0841645045070312
cubic_z,lofo_anchor,0.8,180,6,94,0.5222222222222223,0.44663345620683803,0.5970671197581044,1.1213073655385928,1.058074218371484,1.0841645045070312
cubic_z,lofo_anchor,0.95,180,6,122,0.6777777777777778,0.6042109099083316,0.7453750871410108,1.2061665812551197,1.0961911763023515,1.0841645045070312
cubic_z,strict_holdout,0.5,12,6,5,0.4166666666666667,0.15165222980843013,0.7233303143178942,1.1972430568236854,1.092534816096211,1.1026930554240844
cubic_z,strict_holdout,0.8,12,6,10,0.8333333333333334,0.5158622513140328,0.9791374745399076,1.4609644285556547,1.2018813755254858,1.1026930554240844
cubic_z,strict_holdout,0.95,12,6,11,0.9166666666666666,0.6152038348490559,0.9978924067681397,1.9639223265688113,1.3825772436187,1.1026930554240844
cubic_z,lofo_anchor_120C_only,0.5,30,6,10,0.3333333333333333,0.17287422152603915,0.5281200447898806,1.0591087173773168,1.0289079114912556,1.1000999215177572
cubic_z,lofo_anchor_120C_only,0.8,30,6,15,0.5,0.31297028586802744,0.6870297141319726,1.120500096224539,1.057696633593137,1.1000999215177572
cubic_z,lofo_anchor_120C_only,0.95,30,6,22,0.7333333333333333,0.5411063486052486,0.8772051901276451,1.2042239486192188,1.0953238346707481,1.1000999215177572
cubic_z,lofo_anchor_E2_held,0.5,120,4,16,0.13333333333333333,0.07817281486617747,0.20747836333443553,1.0281303453668729,1.0139673641007387,1.0984841736151163
cubic_z,lofo_anchor_E2_held,0.8,120,4,34,0.2833333333333333,0.20485566786352274,0.37282053842171126,1.05725989021249,1.028230350274955,1.0984841736151163
cubic_z,lofo_anchor_E2_held,0.95,120,4,62,0.5166666666666667,0.4236636548327075,0.6088277437806595,1.0997159491479742,1.0486699238989006,1.0984841736151163
cubic_z,lofo_anchor_E1_E3_held,0.5,60,2,46,0.7666666666666667,0.6396172128942426,0.866162656111152,1.1222041379036551,1.0593400415946195,1.0450826531193467
cubic_z,lofo_anchor_E1_E3_held,0.8,60,2,60,1.0,0.9403705077138331,1.0,1.2494023161907983,1.1177619545645419,1.0450826531193467
cubic_z,lofo_anchor_E1_E3_held,0.95,60,2,60,1.0,0.9403705077138331,1.0,1.4190678454694108,1.191233681109253,1.0450826531193467
cubic_z,all_anchor_tasks_pooled,0.5,200,6,72,0.36,0.29350472089116675,0.4307139460187173,1.0695297122743221,1.0337581925234425,1.0854363997618168
cubic_z,all_anchor_tasks_pooled,0.8,200,6,110,0.55,0.47824931099353835,0.6202464100211151,1.145233743568787,1.0683683817083456,1.0854363997618168
cubic_z,all_anchor_tasks_pooled,0.95,200,6,139,0.695,0.6261321954662298,0.7579805629764088,1.2573681921330069,1.1159664071059183,1.0854363997618168
